user_id,recommendation
0,24 20 21 17 15 19 18 16 23 11
1,39 38 37 35 36 31 33 10539 30 34
2,92 93 79 94 91 80 81 76 52 54
3,157 132 151 155 156 168 145 153 169 158
4,192 195 204 203 200 207 205 202 206 199
5,221 222 223 224 219 220 218 212 217 216
6,229 230 231 232 3862 13950 7568 3859 5157 10867
7,246 250 248 249 245 247 244 243 240 242
8,258 257 256 5920 14986 14887 6094 4385 10616 13371
9,262 264 261 263 1556 4381 8688 4023 13654 13278
10,274 273 271 269 272 270 13231 14061 268 13716
11,279 280 14959 277 278 6345 13640 5183 6600 14613
12,133 286 292 294 293 285 290 291 289 284
13,327 313 303 321 300 307 335 320 319 326
14,351 339 346 350 348 349 343 347 341 344
15,356 355 354 12532 12531 12533 12382 10209 4571 12046
16,361 360 359 15258 15094 14333 15259 12098 362 2820
17,365 363 364 7583 9540 12487 11569 8307 4400 14981
18,367 368 13198 13197 13199 7999 6218 10446 1648 1347
19,377 383 388 389 386 387 384 385 380 382
20,393 401 402 398 397 396 394 395 399 400
21,405 406 404 403 12426 1166 2820 2742 14811 1323
22,411 296 410 409 7542 1300 2607 4973 7767 8439
23,485 461 7708 484 498 427 11706 10446 474 497
24,535 530 533 532 534 531 536 537 538 525
25,545 544 549 548 547 543 51 546 542 6264
26,557 558 556 555 553 554 552 14532 6720 6709
27,566 564 565 574 571 573 562 570 575 572
28,323 583 577 578 582 579 581 580 182 5313
29,600 596 598 597 595 599 592 83 594 593
30,626 610 615 623 628 608 620 619 627 614
31,634 169 14297 8074 7428 149 172 9953 10837 618
32,643 642 645 644 639 638 641 640 637 636
33,650 649 648 3359 2482 4716 2558 2494 2484 5220
34,659 661 658 288 660 657 656 653 654 655
35,667 666 665 10245 7670 5582 3193 7589 3479 7682
36,669 2973 4697 13238 12389 8772 13741 9714 10772 8773
37,672 671 670 10089 10090 10091 7094 1136 10088 5686
38,708 706 709 707 701 695 703 699 682 693
39,720 718 721 719 14561 1133 11236 7213 6717 7592
40,584 731 730 733 732 728 726 729 727 725
41,10446 7708 3104 464 10888 9127 829 832 833 8759
42,884 886 882 869 874 887 885 888 881 889
43,897 898 899 7870 13116 12953 12952 10756 13471 12956
44,905 906 904 903 902 900 901 908 7934 1852
45,958 962 963 977 957 979 978 965 961 966
46,1001 1011 1004 1007 1002 1009 1010 1006 1008 1012
47,1049 1037 1077 1068 1080 1081 1086 1075 1065 1059
48,1107 1115 1113 1114 1110 1112 1111 1108 1109 2914
49,1124 1120 1121 1125 1123 1119 1122 8021 3428 12948
50,1132 1130 1131 25 1129 1128 7467 10934 14159 14160
51,1155 1137 1149 1157 1142 1151 1150 1141 1143 1139
52,1161 1160 1162 1159 3398 2482 3359 119 12602 5820
53,1168 1167 1166 23 1165 12007 13200 2820 12008 3464
54,1174 1173 1172 11983 1171 12985 10644 2635 10652 11055
55,1170 1178 626 1180 1179 358 2169 608 4966 14452
56,1184 1185 1183 12546 4111 9858 9865 5974 9864 9863
57,1210 1214 1212 462 1213 1189 796 1199 806 1206
58,1224 1223 1221 1228 1220 1226 1227 904 1225 1222
59,467 1234 1233 1232 1231 10301 3701 14287 2024 14794
60,687 1242 1241 1239 1240 686 1238 11576 745 5542
61,1245 1244 1246 6277 6283 6273 6289 6274 6291 6292
62,1248 1249 1247 5428 3751 3529 18 16 8404 4512
63,1255 44 1256 1252 1254 1253 1251 13100 7123 108
64,1264 1262 1266 1260 1265 1263 1261 1259 6096 6477
65,1277 1081 1280 1279 1281 1278 1274 3751 6433 3293
66,1287 1286 1285 10541 13808 4208 12039 7734 7382 9127
67,1292 1291 1290 1289 5748 654 12106 10551 2192 4969
68,1299 1303 1302 1297 1300 1304 705 1301 1298 6558
69,1312 1310 1309 1307 1308 1313 1311 1306 11135 6335
70,1319 1317 1318 1316 6362 1778 1314 2881 1315 3085
71,1325 1323 1324 405 2820 13333 12426 13187 13330 1165
72,1331 1328 1330 1329 1327 12743 6730 11394 1525 1530
73,611 1333 1384 15254 14914 15020 1618 14905 235 10893
74,1340 1337 1339 1338 1336 254 1335 5907 5675 4516
75,1343 426 1283 8508 7753 12313 12314 11284 1742 12316
76,1345 1346 2277 8787 11821 11857 13955 2278 8514 2283
77,1350 1351 1348 14089 1349 10715 740 15273 15274 14720
78,1354 1355 1357 1356 1829 2378 4141 11347 4140 9851
79,1364 1363 1359 1361 1362 1360 1365 980 5675 14626
80,1371 1370 1164 1369 3237 3234 4906 4883 1368 4899
81,1376 1379 1375 1381 1380 55 1378 1377 1374 8246
82,464 10446 838 7708 1425 1444 11706 9127 1440 1435
83,1465 1464 1462 1395 1463 1466 11946 5913 5910 1461
84,1469 1468 1470 1473 1471 1472 15159 15105 13108 7857
85,1485 1490 1488 1489 1483 1491 1487 1481 885 1486
86,1503 1498 1500 1501 1499 1502 3217 12052 7265 6041
87,1509 1508 1507 13827 960 6830 9621 7122 7117 2226
88,1513 1514 1512 206 1041 3557 4793 5933 518 5949
89,773 782 419 1517 747 764 6296 14443 1516 4385
90,1523 1522 11401 1521 7141 6775 14847 11690 3857 6329
91,1531 1532 1533 1534 1530 1526 1525 11112 8904 13329
92,1541 1542 1539 1538 1540 1537 1536 12762 9812 1543
93,1547 1546 1545 3127 11706 6048 3120 7463 5507 10636
94,1552 1551 1550 8927 7274 8932 8916 1889 8931 8925
95,1556 1557 1558 1555 1559 9324 9323 14101 14836 1554
96,1563 1562 4100 10286 15138 15136 15117 6744 6743 15140
97,598 1581 1583 1582 1580 784 1579 1574 1576 1577
98,169 1593 1594 1592 1591 241 685 1590 686 163
99,1599 1598 1597 1617 235 1609 1616 1601 1615 1613
100,1627 1628 14711 8411 15246 5929 11767 14986 14714 12205
101,1632 1631 1630 1629 9190 8007 8027 8132 6533 9189
102,1635 1636 1634 1637 2663 2662 15167 13306 13361 13822
103,43 1650 1648 1649 1646 1647 879 1645 788 889
104,1656 1655 1654 11760 3791 5704 5384 2438 6964 14645
105,1660 1659 1658 2952 13552 15096 724 1328 5051 3945
106,1664 1663 1662 2438 6623 6349 6253 1939 14645 10867
107,1668 1667 12212 6803 7705 7707 12909 7706 7323 8442
108,1678 1675 1677 1676 1673 1674 1672 10189 5483 1671
109,489 794 1690 1688 1689 1686 1687 1503 1685 1682
110,1695 1699 1698 1694 1087 1697 1696 5191 4701 1693
111,1708 1717 1145 1146 1150 1721 1136 1726 1705 1709
112,476 478 1734 1733 794 1732 466 464 780 462
113,1737 1280 1063 3539 3538 1081 43 3602 3293 1736
114,1742 1741 1740 7753 12314 5229 2801 5228 15038 12842
115,1746 1748 1747 13888 1745 342 12611 5675 6493 1938
116,1750 573 196 6433 574 9847 1112 566 564 565
117,1515 1764 1763 1761 1762 1758 1757 1760 1759 322
118,1770 1724 1776 1773 1774 1136 1775 1771 1145 1146
119,1782 1781 1786 1785 1784 1783 11494 11031 12450 5200
120,1790 1794 1788 1791 1793 1792 1789 10000 9232 12693
121,1801 1799 1802 1800 1197 1798 1199 1797 5260 1796
122,1818 1817 1815 1816 1813 1814 1048 1807 1812 1811
123,1826 1827 1821 1822 1823 1825 10366 4414 10857 3844
124,1833 1835 1834 873 1832 1831 6176 5398 14121 14258
125,1853 1843 1842 1849 1841 1857 1851 1844 1850 1840
126,1863 1862 1864 1859 1860 1861 1858 1011 1721 15195
127,1869 1868 1867 9545 9546 5218 11545 646 12538 8837
128,1263 1873 1872 4023 10150 14092 12550 4794 13903 4027
129,1877 1875 1876 8519 4809 12496 11601 11603 11600 7998
130,1880 23 1879 6868 11739 2739 2549 13438 8480 10293
131,1885 1884 1883 8323 13246 12997 1882 13247 9026 13532
132,1611 1888 1887 13662 8822 1602 10515 14623 2879 2990
133,1891 1896 1894 1895 1893 1892 8515 14414 6616 11637
134,871 868 1901 1390 1900 6317 879 1047 8403 3217
135,1907 1909 1908 1904 1906 444 1905 14531 9763 5674
136,1916 1915 1914 7358 9665 11578 11347 9662 1357 1003
137,1918 1919 1640 2522 2574 9920 2026 2130 8048 5187
138,1924 1923 1930 1922 1921 1929 1926 1928 1925 1935
139,1941 1944 1942 1943 1940 506 14818 6224 14816 14815
140,902 1946 1945 1896 14118 12373 4947 12892 11782 33
141,1955 1953 1956 1884 1954 1951 1950 9649 14900 9023
142,1959 806 1977 1976 600 1972 803 1975 1973 1974
143,795 1986 466 5041 794 1219 12244 2312 11215 1985
144,1991 1990 1989 4236 795 1236 1230 1231 3764 10512
145,1997 1996 1995 12949 2668 1994 1998 12092 8629 14600
146,2005 2006 2003 2004 1263 2002 2001 2000 11706 7708
147,1303 1354 1357 2014 2009 2011 2010 2015 2013 6550
148,101 2030 2031 2023 2029 2028 2027 2026 2025 1093
149,2039 2041 2040 998 2037 501 2038 2034 2036 2035
150,2047 2050 2055 2056 2054 2053 2052 2051 2049 2048
151,2058 2061 2059 2060 8396 12568 4045 3672 3671 10256
152,2064 2063 1079 2062 419 875 1737 2357 16 4512
153,2073 2072 2074 2077 2075 2076 1692 631 2071 217
154,1367 2085 2084 2083 12711 7134 15276 3051 11378 91
155,2092 2091 2093 2090 2086 1578 2094 2089 2087 2088
156,788 2104 2100 2103 2102 2099 2097 2101 2007 2098
157,2116 2115 2114 2113 2112 2111 2110 2109 4558 12569
158,2149 2143 2150 2147 2148 2140 2144 2146 2145 2142
159,466 2167 2168 2166 1902 2161 2165 437 2164 2163
160,2176 2177 2173 2171 2179 2172 2181 2178 2183 2180
161,2033 2199 374 2198 63 2196 2193 2194 2197 118
162,2243 2245 306 2242 2241 2237 2246 2227 2236 460
163,2257 2256 453 12306 12308 7515 8028 3734 5916 2993
164,1987 2260 2259 5631 8064 8062 225 8342 8070 4227
165,169 2261 1902 466 1404 149 712 686 3195 1648
166,720 719 721 718 14561 1133 10776 7213 11236 6717
167,2264 2266 2265 2267 12941 240 11939 11936 3651 11469
168,2283 2286 2272 2281 1594 2285 2279 2291 2289 2280
169,2300 2299 2298 2035 2297 7273 7269 2258 3927 11795
170,2320 2314 2318 2315 2321 2319 2310 2317 2316 797
171,873 2328 2327 217 686 9992 2763 6973 3973 149
172,2352 2355 2348 2353 2354 2347 2340 65 2345 2350
173,2363 2362 1088 8993 4811 4810 14520 9993 983 7118
174,464 1481 2366 788 462 794 476 2005 801 790
175,2375 2370 1354 2369 2374 2371 11347 2372 1357 6360
176,2388 2385 2383 2382 2381 2386 2387 2390 2384 2395
177,2403 2401 2404 2402 12899 526 14641 11941 4421 13342
178,2406 14083 14914 8909 14329 13014 623 610 8207 15171
179,476 480 2408 738 2407 794 478 427 464 466
180,2433 2429 2434 2430 2410 2424 2425 2432 2431 2435
181,2443 2442 977 2441 12761 4589 966 8813 12760 938
182,2448 2446 268 176 2447 879 7915 182 9314 1452
183,2451 2450 2449 3554 9496 4377 1216 10136 9292 714
184,775 780 2460 455 2459 331 2462 2461 2367 7708
185,871 1047 2145 2466 1901 879 8403 2030 6317 868
186,2475 2476 2474 2473 5996 2471 2472 7734 1164 2469
187,2153 2524 10888 12005 10539 12052 13412 2555 8501 7734
188,2577 2578 8668 3923 3970 281 3517 3618 6097 12305
189,2583 2582 2581 2580 2579 11599 1621 11455 5151 5906
190,2586 2589 2457 1521 2588 1238 3225 2587 4172 6497
191,2598 2596 2597 2594 2595 2593 15182 2591 15202 2592
192,2603 2602 2601 10345 10346 10344 717 3175 3173 801
193,2605 2604 12485 4658 6799 4659 4647 12740 5982 14402
194,2609 2607 2608 15280 7960 411 7961 3968 3410 8418
195,2611 2612 2613 2610 9813 9814 4059 4056 9426 6099
196,2620 2618 1730 1729 2622 2621 2623 2619 703 369
197,2626 2625 15140 15139 10287 15137 15138 15116 8708 15136
198,2630 2628 2629 14067 13646 8484 3329 7339 5820 8350
199,2635 2634 10560 2633 2632 1173 2221 1174 691 15192
200,2646 2640 2639 2642 2643 2647 2648 2644 2649 2645
201,2655 2651 2296 2657 2656 1204 2293 2652 2653 10094
202,2666 2664 1635 2665 2663 4056 2662 10980 8392 4059
203,2671 2672 2673 2669 2670 3849 5339 9287 3848 3851
204,2713 2710 2714 2076 1112 1081 2712 2708 2696 2691
205,2724 2723 2725 2729 1840 2728 2727 2726 2732 9840
206,2735 2734 2733 1687 7955 1602 5987 10931 4976 6308
207,2742 2743 2741 2738 1165 6996 2820 11112 1532 13327
208,1247 2754 2753 2752 2751 1815 807 2750 2748 2749
209,1452 2776 2779 2777 2778 2768 2774 2025 10446 772
210,2803 2788 2801 2804 2797 2787 2800 2802 2799 2796
211,2812 2813 2811 8430 10190 10189 10188 1857 7748 529
212,2820 405 1535 1166 12426 2819 1165 2817 1323 2818
213,2827 1626 2826 2825 10762 3748 1943 1623 7137 4779
214,2835 2834 2836 2833 2829 2832 2831 2830 14982 1756
215,2841 2840 2839 9380 9384 9377 9379 9386 9376 9378
216,2861 2862 2854 2844 2853 2849 2859 2855 2860 2845
217,2875 2876 2874 2871 2873 7554 5447 4599 7818 2872
218,611 15020 3213 7764 7698 14680 10893 1620 1621 9781
219,2893 2881 2883 2885 2892 2884 2879 2890 2882 11808
220,2895 2910 2909 2908 2906 2902 2898 2899 2905 2903
221,2925 1747 2927 2917 2928 2916 2926 2921 2919 2922
222,2938 2939 2937 2935 2759 2936 2933 2934 8768 7708
223,2943 2944 5265 8965 5174 4274 7708 2013 1947 4021
224,1328 1660 2951 0 2948 61 2199 1879 2950 2949
225,2959 2961 2960 482 2958 2957 2956 5818 2962 4860
226,2973 2972 2964 2975 2970 2974 2966 2967 2965 2968
227,2986 74 8979 2985 541 8561 3031 94 10225 10214
228,2719 2987 1317 4687 3684 9886 10494 7453 9561 7760
229,2988 2989 2442 31 8813 7416 8814 10229 7415 4590
230,2993 625 2992 2257 13517 2991 1056 10492 10104 226
231,2996 2997 1321 3002 3001 3000 2998 4139 8159 6806
232,3008 3007 3011 3012 3010 3009 3005 3006 58 13816
233,3016 1569 3015 3711 2024 3712 3014 4238 1418 4235
234,3018 2029 114 3019 105 2131 10503 7159 11586 45
235,2225 3024 3023 6378 9876 11609 3905 3153 3467 3124
236,3032 3038 3037 3034 3039 1653 2318 3029 3031 3036
237,3043 1752 3044 2560 4863 5070 4865 3403 12822 71
238,1529 3046 2820 4514 12426 2814 6416 13188 3464 2815
239,3048 960 3047 10487 1216 2117 1509 4199 6377 2226
240,3055 3057 3058 3059 3056 3054 15062 15061 15001 3051
241,3065 3068 3064 3066 3067 8735 8734 11401 13166 10562
242,3072 3071 3070 3069 14072 5690 11578 8437 371 3512
243,3078 1314 3081 3080 3083 3082 3076 3079 3075 3077
244,1893 3089 3088 3086 3087 11709 13979 6498 13709 3541
245,3093 3092 106 1257 1332 10282 3695 4558 14703 14843
246,3094 10098 4597 4688 5778 4687 8164 13572 4132 6847
247,1684 3100 3102 500 3101 2236 3099 3098 2520 879
248,3107 3106 1722 11103 11104 10858 11107 8156 11106 11105
249,3114 3115 2692 3112 3113 2293 3111 3740 12362 3108
250,3118 3998 8846 5246 6477 7373 6497 6617 11475 8234
251,3123 3128 3127 3126 205 3125 2649 3124 203 3104
252,3172 3166 2214 3155 3167 2603 3171 421 3174 3137
253,3204 3208 3205 467 1976 3207 3206 2366 3202 3203
254,1646 163 3223 478 466 3218 3222 3217 744 3215
255,3227 3229 3230 3232 3233 3231 3228 909 1298 3234
256,3240 3243 3242 3244 3019 243 3241 705 10797 4569
257,3141 15031 11868 4712 11046 12503 12150 10160 12783 3155
258,2709 3253 3255 3254 3252 3251 3249 3250 784 9259
259,3263 3261 3262 1311 14932 3259 3260 14845 11747 11627
260,3267 3268 3266 13824 6698 11477 12798 12795 3025 12801
261,3270 3271 3272 2794 3269 5740 4931 9920 2790 9684
262,2720 2343 3293 3341 3352 1056 3361 3363 3358 2697
263,3388 3387 11145 6305 2280 3411 10051 8884 5402 9867
264,3390 3389 7617 7280 11333 1744 10636 1486 4953 3120
265,3394 3392 555 3393 3399 3400 3404 3401 3403 56
266,3407 3408 51 10018 2187 7283 6762 12005 4988 12052
267,3412 3411 3410 5886 13210 13211 9713 5884 5261 3387
268,673 3415 1887 8822 3414 3413 6734 9750 9540 2879
269,3419 3418 3417 6587 4973 4925 4291 8301 5926 3614
270,3421 3425 3423 3422 3424 3426 2908 10118 905 10117
271,3429 3427 3428 1119 9393 8021 8016 9394 9392 11979
272,3430 3431 3434 3432 3433 3435 14739 11981 943 162
273,3436 982 10096 993 6706 6257 4352 2246 2978 10004
274,4 3441 1390 1389 3440 3919 3438 6029 2027 2935
275,3448 3447 3450 3451 3446 3445 3449 13314 9762 9848
276,3452 13967 11027 9230 14229 13231 13045 7445 14135 7598
277,3460 1099 343 2156 3459 661 1445 14125 3457 12491
278,2614 3465 2820 3464 5998 13578 1532 2742 1166 3463
279,3467 2537 3466 12714 11084 4558 9679 2558 2557 2348
280,3471 3470 3469 14557 618 12052 9587 9903 11761 383
281,3210 3473 1550 1982 3472 2750 3104 2790 8944 12095
282,3049 3479 128 3478 3477 1201 2117 2021 666 4490
283,3481 3480 13002 3482 8646 1703 1882 8244 14155 8645
284,3484 3084 1720 3483 3083 12733 6364 12734 13374 12730
285,3321 1978 3487 3283 3307 3346 3337 10275 6341 1275
286,3491 3489 3490 9138 13776 13778 8359 11775 8358 9451
287,3502 198 3504 3505 2129 3503 3500 3501 3498 3499
288,3513 3510 3512 3511 67 3968 9656 7570 8142 4363
289,2781 3519 3186 3518 3517 3515 2750 3516 4178 10446
290,1737 3537 3541 1280 3538 2357 3540 3293 194 3542
291,3557 3556 3242 1514 3551 3552 3555 3554 3550 518
292,3564 3569 3568 3570 2086 3565 2791 3562 3567 3566
293,3576 3577 770 3575 3574 11935 9569 8317 5981 4246
294,3579 876 994 9254 3578 11090 11872 1673 7941 10943
295,3585 3588 3587 3584 3586 2233 3583 3582 3581 6135
296,3592 3590 3593 3198 3591 2991 2421 3182 8225 7532
297,3599 2738 3595 3598 42 3596 3597 3594 11960 734
298,1765 3609 3610 3608 1868 3606 3605 3607 233 3323
299,3616 3615 1171 3617 8868 8020 8477 961 2891 9084
300,3628 3625 3636 3626 3630 3638 3640 3631 3639 594
301,3661 2422 2421 3647 3659 2414 567 3591 3646 3655
302,3667 1007 9536 7078 10750 11626 3666 9537 1009 1003
303,3672 3671 3670 3669 4070 6170 7625 11438 6247 7934
304,3687 3684 3688 3691 3683 3685 3689 3690 420 3682
305,3708 3707 231 3704 3706 3705 3702 3701 3703 598
306,3717 3138 968 3716 3715 15099 3714 3155 731 2214
307,3721 3722 8288 1275 7557 8168 8290 8296 4774 8295
308,3740 3737 3115 3741 2692 3734 3736 3340 1066 2350
309,3748 3749 3750 1943 2826 1080 1112 3454 10762 1049
310,3754 1435 500 3753 1667 3755 11815 10666 1441 1463
311,3757 3758 3759 3763 3764 1098 1050 1278 2682 3761
312,3771 3772 3770 5023 3769 7984 937 5937 14693 10906
313,3776 3783 3778 3780 3781 3775 3784 3786 3782 3777
314,3792 3791 3790 6380 6595 4175 7631 15147 4220 9093
315,476 3796 3794 3795 477 2684 2789 3196 11455 4027
316,3798 2430 3799 2434 2433 2432 2425 2424 2429 9116
317,3804 3806 3808 3809 3805 3807 3803 3802 3801 3800
318,3811 884 3810 13551 3890 8002 886 885 15125 12212
319,3815 3818 3817 3816 3814 3263 3813 14137 5886 13412
320,3824 3828 3829 3830 3835 3834 1181 3836 1285 3832
321,3844 3843 3845 2767 4416 14105 1826 5876 12071 6806
322,3849 2673 3852 3851 3847 3848 1878 3396 3850 2279
323,399 3856 3407 246 6477 12578 6185 6612 14793 3855
324,3862 3861 3863 2830 230 629 3859 2831 1629 9826
325,3871 3870 3868 3869 4989 3287 3867 3866 1399 8249
326,3880 3887 3888 3884 3883 3877 3885 3886 3665 3882
327,3907 3906 3898 3903 3900 2043 3904 3905 3899 3586
328,383 851 2153 996 3909 3252 130 3406 13412 2859
329,3912 3927 3914 3929 2298 3926 3928 852 3932 778
330,3945 3946 3881 732 714 873 3943 3944 3942 14984
331,3952 3951 3950 4261 6187 7805 4846 9014 3152 6938
332,3954 3953 15073 8102 8089 8094 8093 8092 8087 5560
333,1292 3968 3228 654 3967 3969 3970 3957 3961 3966
334,3979 3978 5951 121 1447 9463 11864 12547 12688 9008
335,3982 626 3981 3980 4966 6709 4710 4595 13479 5898
336,3986 3720 3985 3984 14957 1620 14958 1621 11363 13055
337,3991 3990 3989 13143 11670 11905 12876 10330 11957 12877
338,1095 3994 3993 1252 10334 14665 4180 7863 9443 6073
339,3998 3996 3997 3995 1896 7893 7171 7899 5157 6498
340,4005 4007 4003 4008 4006 1811 4004 1817 2068 4002
341,4012 1809 762 11469 3970 4808 4013 5156 6535 5934
342,3945 4016 4015 625 13517 11072 4780 9033 6833 4014
343,4027 4022 4026 163 2456 2935 1648 476 4025 1442
344,4037 4036 4035 14745 3442 13426 4034 13981 2880 10073
345,4047 4046 4043 4042 4044 4041 1372 4045 4040 1051
346,4051 3111 3108 4050 11363 4049 9073 4976 11362 4972
347,4054 13760 11253 6536 1767 5567 7009 1132 9084 4496
348,4055 174 735 6132 9528 10890 10273 13140 4250 375
349,4058 4057 4056 4059 2663 8629 13944 8392 13817 3571
350,1778 4060 4061 2371 9192 1319 6363 6361 1779 1320
351,3670 4067 4065 4070 4064 3669 4072 4071 3097 4066
352,4078 4094 4091 3664 4092 4088 1071 4095 465 4093
353,4098 4097 652 4106 4099 4108 4109 4110 4100 4113
354,4117 4118 203 4116 15050 4120 3040 4119 3498 2184
355,4123 6746 6747 9993 13555 8064 12665 11901 1509 6972
356,4129 4125 4128 4130 3811 4124 807 4127 4126 1684
357,4144 4143 1354 1829 1357 2378 1356 4139 4142 1355
358,4153 4150 4149 4148 3648 4151 4152 3645 14598 8819
359,4156 4155 988 4160 4161 4165 4164 4162 4163 4167
360,4168 4173 2108 4170 4172 1123 2982 5907 4171 5788
361,4177 476 478 494 794 1213 797 483 464 485
362,4208 1418 4256 4252 2107 4248 3712 4249 3711 3104
363,4275 4274 4273 1176 4272 9448 7809 4809 2287 6396
364,4294 4296 4289 4287 1436 4298 3554 4297 3637 4293
365,4314 4311 4313 4312 4306 4309 4310 4308 4304 4307
366,4321 2910 3730 4324 4325 998 4323 4322 4374 593
367,1866 2820 4330 4329 3846 12426 1165 4328 1166 3465
368,4332 2243 4331 11527 3752 11531 11532 4605 9533 2769
369,4335 4334 4333 209 7277 5412 6223 3441 11262 11160
370,240 4338 4337 7966 2731 12941 13458 11469 6622 2266
371,4346 4344 4347 4343 2488 928 4345 4342 3289 3826
372,4350 4352 2305 687 4351 2200 13618 1805 130 8397
373,4355 4354 4353 546 6177 14984 873 10048 15074 2838
374,287 618 2614 612 8575 7525 5157 3582 6599 10967
375,4358 1222 282 1938 1837 10323 7936 710 10001 10003
376,4362 4361 12879 4732 10195 10197 12217 7530 4737 4738
377,4363 3510 467 447 137 81 7120 7113 12877 10547
378,209 4251 4365 1568 4231 4364 4238 7955 3185 4258
379,4367 2916 412 2919 4066 2013 15145 10048 1747 10499
380,4376 1764 4377 4375 4373 4374 1798 4371 822 3920
381,1452 4383 4382 4381 12863 1516 5972 4380 14871 14872
382,4393 4394 4390 4412 4389 4391 4410 4408 4400 637
383,1306 4415 4414 1102 1826 2375 7427 1319 6361 6805
384,4417 4418 8969 10483 10559 10061 1865 9060 1949 12341
385,4432 4433 4435 4434 4431 2832 4429 4428 4430 4300
386,707 4440 4439 4438 10064 4577 703 1169 705 704
387,4445 4444 9435 4443 9700 9705 6956 2638 6031 13545
388,4448 4449 4450 4447 4446 936 8258 11630 8316 14546
389,4453 2686 11905 6961 9521 5398 6317 5031 6858 2809
390,1823 4459 4463 4456 623 2866 2843 1927 4464 4462
391,3922 4502 4499 4490 540 763 4485 4503 4495 4498
392,4514 1529 4515 1340 2814 13189 1166 13349 1533 3464
393,827 2569 464 814 4517 788 4519 794 37 476
394,4528 4525 4529 4520 4526 4522 4530 4527 4524 1948
395,4533 1731 4531 4535 981 4534 4532 952 955 12792
396,4549 4541 4536 4543 4539 4540 4542 4538 4548 4545
397,1257 4558 3092 4557 4552 4554 3769 4556 4555 541
398,4564 4565 4563 569 4561 4562 4560 11744 4566 11742
399,4583 4582 4587 4581 4087 966 4584 4086 1336 4586
400,2881 1721 8159 11808 4139 1322 4607 4605 1010 4604
401,4610 698 10271 10272 10269 7506 4225 484 563 5712
402,4615 4622 4623 4621 4625 4620 4612 4611 4619 4624
403,4633 559 1231 443 3639 116 704 2462 4628 4188
404,2539 3380 2483 1275 4637 4635 4636 4988 6199 13412
405,4655 4646 4659 4656 4650 4657 4658 4660 4648 13022
406,4666 4667 13406 12330 13770 231 2931 663 572 7722
407,2556 4669 4668 2522 10020 2545 2153 5574 6825 3179
408,4672 4671 10488 13793 11248 14229 14720 13848 7384 4673
409,4675 10465 5235 7380 6233 11073 11666 14506 1569 14792
410,4682 4683 4685 4679 4680 4681 4684 4676 4678 4677
411,4689 4690 4132 3443 4688 4687 4692 12071 2873 6806
412,807 4376 4492 806 8621 4129 4798 10454 176 4125
413,4701 1699 4698 4706 4702 4705 4704 4700 4703 4699
414,4712 4711 3121 14183 14129 15097 14016 13186 15031 12778
415,4719 4714 4718 4715 4717 4713 4716 9494 13383 2095
416,4724 4305 4722 4723 4721 4720 2480 11420 137 12099
417,4728 4727 7713 11982 6930 4586 7712 6107 5036 11076
418,4730 4077 3444 14267 13981 3442 2880 10073 4037 8898
419,4734 4733 4735 4737 4738 4739 1193 448 4361 4732
420,4741 4575 4742 7185 8238 7187 3916 14486 3383 9677
421,1296 4077 4743 8284 5846 4877 385 1001 1779 10627
422,4749 4747 2894 4748 4745 1269 2982 5157 14048 1847
423,4751 4754 4753 2947 4752 4964 4962 12323 6544 5896
424,4759 3711 383 4756 4762 4262 3016 1569 697 4761
425,894 3097 4768 4767 2366 4766 1732 462 2322 4178
426,4778 3386 4779 1960 4777 4774 4776 4775 4772 9463
427,1513 4782 3525 4781 1041 9443 2358 10381 770 8857
428,4800 4784 4795 4798 4785 4802 4794 970 4799 4793
429,2362 4811 4810 14520 12252 14570 10265 8281 14030 15194
430,4814 1392 3397 3219 798 4813 184 4812 3398 4178
431,4061 4820 3110 4818 4819 4817 6317 2750 10209 1100
432,4825 4824 4823 3771 4822 7411 9947 9127 4175 1574
433,2751 1060 4831 3363 890 4830 1083 4829 1037 1080
434,4839 538 4835 4840 4837 526 4841 529 4834 4838
435,1751 3044 2560 3043 4860 4852 4854 4853 4863 2121
436,4879 794 1657 2150 251 3034 2775 136 4877 4021
437,393 401 395 402 394 397 399 398 396 400
438,4895 4903 4901 4905 4638 4899 4904 1371 4823 1370
439,4901 4638 3496 4921 4920 4918 4919 2488 4916 4917
440,46 4925 4924 5580 781 14400 2459 466 6002 12205
441,3513 2323 813 4930 420 4928 4929 4931 46 4476
442,4935 4371 8357 6525 1910 5296 4376 8613 1764 13035
443,4941 4939 4944 4943 4945 4808 4942 2008 4938 4940
444,4950 4949 2770 1476 9458 7832 11932 2748 7041 7708
445,4963 4955 4752 4966 4964 2149 4956 4958 4967 4961
446,3544 3546 4976 1014 4974 1041 3819 4975 3108 4972
447,1399 3287 4990 4342 1369 4988 4989 135 4716 4878
448,4995 4996 4994 3458 4235 589 9050 6859 6578 386
449,4158 3366 5002 89 3553 5001 4999 5000 4997 4998
450,5006 5007 5005 5008 5009 5010 7660 7592 939 6077
451,5051 5039 4249 5055 878 5052 5045 5053 5018 5057
452,5086 5088 2066 5085 1653 5090 5089 5091 3916 5087
453,5098 5099 5100 4729 5096 5097 4146 189 3528 3358
454,5108 5103 5101 5102 5106 5113 5105 5112 5107 5109
455,5115 11991 2405 719 8213 1335 14561 13080 12495 13078
456,5122 5121 5120 2703 5119 3121 3151 975 5118 3910
457,5125 5128 5127 5129 5124 5126 14169 9179 6915 11025
458,5160 5071 5154 3129 5162 4326 5166 5168 5169 5161
459,4085 5181 5182 3557 2714 423 1993 759 4212 7972
460,753 5185 4090 4369 5184 7646 4021 12213 11360 3195
461,5193 4038 5189 5192 5190 1620 5191 1461 12534 10101
462,5197 5196 2699 6498 12081 4465 10464 13458 6097 13832
463,5201 5202 5198 5199 5200 15125 10446 11024 12309 14403
464,5205 5204 4033 12869 1451 252 11115 12868 5466 8426
465,5214 3316 5220 4976 5217 5213 5219 5215 5216 4979
466,5225 5224 26 7054 5223 7966 15000 12966 805 1395
467,5230 5227 5228 5232 5231 5229 1740 3449 14127 14796
468,5236 5237 3526 5235 5234 5758 5233 5278 11882 8972
469,5240 5239 5241 5242 5238 11708 11143 14737 12196 6010
470,5248 1119 5247 5245 5244 9393 5246 3428 11357 7796
471,5251 5250 10502 10505 6848 4726 4024 10504 7673 9931
472,5255 5256 678 5252 1886 5254 5253 13954 4021 3561
473,1799 5260 568 15162 723 3074 1801 7952 274 1800
474,5265 5174 4274 2944 2013 3993 2657 5264 1381 4021
475,299 1492 5276 5281 4313 5280 5278 5277 5279 5275
476,4273 5282 2268 10455 10457 12459 9017 11712 4276 4596
477,5285 1897 1177 5287 5286 3950 8788 2846 1896 7878
478,5296 5292 5294 5289 5295 2830 5293 4871 5291 4409
479,5311 1367 1994 5310 3136 5309 2216 289 5149 2492
480,5320 5318 5317 5319 8255 6482 7472 2624 2014 8528
481,5324 467 5322 5323 1391 4224 15092 6002 12068 14287
482,5327 1882 5328 5330 3482 5329 5332 13002 3481 5326
483,5333 5334 1979 3794 2901 11079 5656 1896 9796 15055
484,5339 2673 5338 5337 5336 5335 14542 2671 11445 11446
485,5342 3385 3384 5343 1281 6433 4779 5859 5501 4832
486,1533 2824 5344 1532 8526 13349 13932 4515 12426 8904
487,5349 5348 5347 5346 5313 4865 6094 14399 13195 12740
488,5356 5357 576 5358 5355 5352 5354 8398 5353 12717
489,5361 3550 436 5360 5359 3428 453 3429 12321 11576
490,5375 5378 5374 5377 626 5379 2169 5373 5371 5368
491,5389 2540 3289 5391 5394 5392 5393 8217 5388 5390
492,2101 5396 5397 4091 4188 10572 253 1568 10142 10571
493,5399 1933 12892 12300 12520 9455 3491 9450 8357 11487
494,209 5400 6248 6205 4937 9457 6204 6565 4832 9985
495,685 5401 5402 3387 10781 1701 6822 10564 2251 3875
496,5406 5408 5407 5405 147 8058 5404 7691 5403 14900
497,466 1686 5411 5410 4891 4878 4823 4908 2470 7708
498,5419 5417 3043 4228 5420 1752 711 5416 5418 2560
499,5427 3453 3529 874 5425 5426 226 1014 1737 5424
500,2422 5428 2421 2414 3661 567 3647 3659 12036 3660
501,5432 5429 5435 3384 5434 4202 2000 5433 3478 5431
502,5439 5441 5442 1721 5443 5440 5446 5444 5445 4407
503,5450 4139 5447 5448 5449 5530 8159 2881 11805 13444
504,3770 5459 5454 1104 5458 5462 5460 5461 1112 5457
505,5467 5466 5463 5465 5464 991 11113 2215 5468 8706
506,5469 5484 5470 5479 5476 5481 1677 5478 5482 5483
507,5490 5082 3042 5488 5489 5487 7516 8074 6689 4183
508,5494 5493 5492 8297 12791 12790 12789 6699 7481 6437
509,5496 5495 12344 4304 24 6759 8000 8244 5978 3910
510,5505 5501 5502 5504 5499 5503 5859 5497 3909 5500
511,5511 1684 1749 5510 5509 5508 2702 4547 10262 5507
512,5516 5515 5513 5514 15163 13431 14224 5563 6792 9114
513,5519 5518 5520 14581 14380 14204 14379 510 10165 10166
514,478 5524 4816 5528 5527 660 5523 465 5525 5329
515,5530 5448 5532 5535 1140 5529 5449 5536 5533 5534
516,5545 4213 2758 5548 5547 5028 4031 5546 4340 4766
517,638 344 5556 5555 5557 5558 13656 2795 1254 13657
518,2309 5561 466 476 14636 9622 169 10968 5087 3811
519,5566 5565 4642 4644 5564 4643 5563 9559 4647 4646
520,5571 5572 879 5569 2192 1553 5573 5570 2669 2445
521,5433 149 5577 481 5576 169 1641 5475 6696 10446
522,466 5580 4925 5579 1690 8457 6255 10888 7933 6964
523,5583 5582 7488 11341 996 4120 6103 4497 7589 10434
524,5589 5585 5590 5591 4478 3519 3913 587 5588 5587
525,5594 1836 5592 5593 11905 3942 13264 13401 11935 4027
526,4747 5605 4750 5604 3091 2905 5603 5602 901 5601
527,5607 5608 5606 5609 2081 13342 7440 932 12582 1741
528,5612 5620 5621 1297 357 5619 228 5617 5615 5618
529,5626 5628 5627 8636 12310 8633 12068 1028 8630 8626
530,5636 664 5637 5634 1419 5167 2141 5633 5635 134
531,5299 3714 14054 6325 11258 14053 13851 10440 7295 12097
532,5659 5647 5646 5645 5649 5644 5648 5643 5650 5654
533,5665 5666 13894 11574 380 9492 4940 2705 906 2439
534,5669 5671 5670 5668 1773 5667 9665 10214 4141 8166
535,5675 1360 5674 1337 1748 4386 5676 6982 1363 12611
536,177 5682 5683 782 5680 5681 3101 3515 96 14443
537,642 5685 648 922 5684 12278 13236 7108 1511 643
538,4132 1011 4688 5447 1861 11808 8159 5688 4134 5687
539,5697 5693 5691 5692 5696 5694 5695 13218 12088 6982
540,5701 5699 5702 5705 5698 5704 5703 1654 2976 10539
541,990 5713 626 5709 569 5710 5711 4668 5712 5708
542,5722 2589 873 5721 686 5723 4765 2309 741 1638
543,5734 5682 5732 5736 5737 4312 5735 1191 5733 1402
544,2064 5499 3532 1079 14502 2063 8238 13057 16 19
545,1752 3043 5744 3403 5752 5747 5746 5749 5750 2270
546,5758 5757 5759 5235 14733 8324 553 12603 11124 3469
547,5762 5767 3719 5763 3441 5768 5769 3937 450 5766
548,5774 5772 5773 212 5771 5770 825 3101 2237 5280
549,5780 5781 5782 3038 3028 5779 5778 644 5631 5777
550,5788 5787 5786 7000 6497 6884 3178 11397 7641 13173
551,3467 4558 5789 1257 3607 12714 7304 4983 11084 9672
552,5792 5791 15025 4764 6045 8307 9433 3407 6192 27
553,5797 5796 5800 5794 271 5801 5799 578 3137 5795
554,2482 5822 4915 5824 1159 5820 5816 4640 3827 5388
555,5841 4139 5849 5842 5848 5847 1146 1145 1136 8159
556,5850 2221 5851 5036 5953 6107 11982 2233 306 6930
557,5861 5856 5870 5868 5873 5855 5872 5874 5866 5875
558,5886 5884 3411 5882 3814 5885 5883 2405 5879 4410
559,586 5891 1329 2723 5177 5620 3881 11546 3510 3995
560,2993 226 5894 2736 3342 1075 3286 5893 4976 5862
561,3982 4595 2131 5898 4710 5896 5897 4964 5895 1753
562,5910 1466 1464 1465 5906 5917 5901 5908 5914 2175
563,5933 5936 5948 5939 5930 5949 5931 5944 1736 5935
564,3811 5961 5958 5957 5959 5960 764 745 9127 11761
565,5966 1596 5965 5963 5968 5967 3125 2903 5969 5970
566,5580 249 1340 3499 1341 6041 5087 6405 11706 10888
567,280 3699 5974 5980 5975 5979 5978 5977 2754 1644
568,5983 1366 4518 5984 4709 8005 6771 10583 6770 12590
569,5992 5991 5988 5994 5826 5993 5990 4399 5987 1296
570,2820 2742 6001 6000 5344 5999 12426 2614 5998 1532
571,6002 46 1957 5324 3213 7182 618 611 4452 578
572,6010 6006 6007 6009 6011 6008 5677 11835 14643 9801
573,1450 6380 464 462 2366 1440 10446 2798 6034 8287
574,5073 5072 4366 5067 5065 6050 6051 5034 169 6049
575,1684 5416 6055 6054 5417 1416 5418 467 6056 2778
576,6060 6061 6059 684 6058 6057 10224 4748 10220 14048
577,6063 6064 2133 9276 2628 8406 10718 12317 5517 7959
578,4132 4687 4688 4138 12071 8166 7057 11387 9753 9628
579,6069 6068 11414 10024 11413 11412 13631 7640 11411 11620
580,5638 231 6070 230 229 13950 5104 1680 232 3859
581,6077 6072 6076 6075 578 594 6074 6073 202 15176
582,6082 6081 6080 7873 7871 7872 7870 7874 3125 14235
583,1732 848 6083 10517 10472 6022 2781 8971 1820 5087
584,6092 6090 6091 6093 4225 5598 4207 893 2278 6089
585,5729 6097 6096 14594 1898 5197 11244 6498 11475 9828
586,6099 6101 6100 12274 11207 6102 13996 8757 12182 14795
587,3863 6104 5997 5837 2186 6103 1471 412 13113 15128
588,1239 1238 3556 15085 1459 12095 8621 2005 2589 477
589,6113 6112 733 5727 6114 6116 3983 6115 2113 2304
590,6124 6120 6121 6123 6122 6119 11239 10129 7620 10964
591,6003 31 3222 30 6128 1423 6129 160 5 14381
592,1765 1282 6133 6132 6131 6130 2252 2247 11981 498
593,3938 3029 2680 4695 3027 3506 382 3032 5455 2696
594,4903 4890 6139 6138 6136 6137 1374 4895 13003 4901
595,3727 3312 1295 4912 3359 8481 2216 1501 7725 3280
596,4830 6142 679 3692 3602 8249 3398 1060 2313 9679
597,4458 6145 6144 13725 2852 5463 1823 14533 6524 4459
598,6156 6151 6148 6149 6153 6152 6154 6155 6147 3636
599,6158 11660 614 604 9314 2563 11030 7884 11336 9392
600,6167 6169 6168 5445 6161 6160 6165 3665 6163 1662
601,6178 6177 6176 2772 4000 5396 11082 6175 4128 12294
602,6180 6186 6187 6185 4781 6184 399 6173 908 4948
603,6195 2470 6196 4988 5542 144 6199 6200 6197 163
604,6206 6207 13190 6205 4877 6204 6248 6203 12974 4832
605,6218 6220 6219 6217 6221 1650 4475 1682 1520 4206
606,4749 6227 6226 6225 1877 11964 1680 6224 3070 11239
607,6229 6230 6233 6236 6232 6231 1302 213 684 141
608,6239 6188 6249 6170 6238 6252 908 6259 6256 6247
609,5452 2151 3876 2296 13567 5801 2653 169 10124 14127
610,6268 6269 12417 8211 7868 13927 15089 2664 12291 14019
611,994 6271 1712 1673 10943 1705 5444 9355 8849 12757
612,6277 1246 6272 6283 6291 6292 6289 6273 6287 6275
613,6293 6294 774 624 6296 6295 9127 4798 466 11706
614,6299 2723 6297 5600 6173 6298 1844 5894 6950 13207
615,4951 4344 5401 4636 2469 3826 3381 5388 6301 3371
616,6304 2221 2482 964 5850 7403 6905 11747 4918 5558
617,3507 6310 3049 6311 998 6312 6315 2541 1868 6307
618,1577 1565 1564 6374 9273 1576 7420 463 4405 7534
619,6324 4597 1136 6320 6321 5686 6323 8159 11808 6322
620,6331 6328 636 6332 2831 6049 6330 6329 6327 4583
621,5362 6347 6339 6346 6345 1075 3342 2689 644 6344
622,6352 6351 6350 8906 13344 14599 10208 3465 1532 11109
623,2594 6354 917 10225 2598 2596 2320 7407 7405 10518
624,2628 1145 1146 1136 4596 12378 1721 7215 1708 1150
625,318 6358 6357 12640 10264 344 8455 321 313 303
626,1320 6362 6363 1778 4060 1321 6361 6364 1319 9192
627,3916 6371 760 2151 1206 2467 2781 3372 6373 3931
628,1250 1019 2356 10094 13886 1038 1061 5796 1039 1216
629,6385 6384 1648 3169 466 324 6380 6383 1437 6381
630,6392 6391 6389 13123 6390 6388 13980 14420 13979 1590
631,6395 6399 4272 6398 6396 6397 1176 10109 9824 7536
632,1300 6406 3908 1213 1215 1426 6403 2240 6405 6407
633,6416 1529 6415 4514 2614 6414 2814 13578 1532 11112
634,6420 6359 6418 6422 6424 6425 4508 6429 6419 6430
635,6364 6432 10629 10355 6431 14363 1826 2881 4416 7098
636,3108 1620 1617 1618 1622 234 1621 3751 235 1619
637,4507 6438 6441 6442 6443 4769 4241 6440 6439 757
638,5449 6447 6446 5448 2869 2881 5450 5533 7077 7427
639,6461 6458 6459 6449 6450 6455 6452 6460 6448 6454
640,6467 6465 6466 348 5653 6464 2458 737 5654 5652
641,6471 6054 4639 5487 6470 2509 458 6469 9706 11813
642,2808 3905 4577 5195 6474 6114 6056 1608 328 336
643,6497 6504 6505 4172 1521 6494 6493 6481 4706 6496
644,6530 6524 6527 6525 6526 3609 6528 6529 6531 3533
645,6534 4150 12704 10490 9722 3457 9564 5691 10914 5693
646,6536 6545 1341 230 6544 6543 6541 1014 3453 6538
647,6549 6548 4357 7584 7586 10029 1327 7980 13238 7967
648,6550 6360 1357 6552 2014 6553 2369 1354 6551 1914
649,6566 4887 3237 4891 5793 1196 4568 6563 3049 705
650,6568 1303 7 6410 1299 12180 13367 6376 6681 5427
651,6570 6572 6571 12501 10041 6569 8809 2109 6573 8071
652,6579 6577 6576 6575 6578 5066 6574 3313 11550 3218
653,6582 2013 6583 6584 6581 4803 14567 14575 5147 2182
654,6588 6589 1479 6590 1211 3102 420 1591 3195 6586
655,794 775 1203 873 462 3943 464 1639 6381 488
656,6595 2768 772 3206 1568 6592 6594 6593 3185 2776
657,6598 6597 2723 431 1237 4696 4018 1592 4848 2729
658,6602 6600 6601 2167 2857 6599 7478 5997 9158 5659
659,6619 6620 6616 6622 5486 6621 6611 2108 6617 1896
660,6627 6630 6631 6632 1110 6629 6626 6628 4465 11494
661,734 6633 6023 3985 3362 6643 2106 1453 6642 3253
662,6655 6667 6660 6666 6665 6664 6663 6657 6662 6661
663,4368 6669 14207 1561 7473 1560 7481 12486 7486 7475
664,211 6357 715 6677 5894 6680 6681 994 6679 6678
665,2221 1600 6686 341 973 964 13595 4559 12976 5850
666,3039 5490 2139 1686 6157 3165 6690 5488 5489 3635
667,4017 6697 6693 6498 6546 1512 6499 3996 6694 1896
668,6156 3354 6702 6148 6701 6147 6149 6700 6154 6152
669,3078 3076 6703 3079 3077 2883 6704 2890 4134 3075
670,6720 6712 6723 6721 6709 6722 554 6724 6711 6715
671,6729 4595 6728 7347 3982 5355 2131 10616 4531 8677
672,6732 6731 1855 4013 950 7707 4012 2718 6215 8958
673,6735 6739 6737 6736 4136 6738 6740 6733 2148 8159
674,6743 6744 13551 13023 5288 14411 354 7662 15136 1563
675,6745 6746 6747 4123 9993 7766 2160 8064 6821 5786
676,6749 6673 104 7362 9711 1279 13903 9563 9171 836
677,5917 5904 632 10125 11050 10126 6086 6855 6751 6750
678,6754 6753 4771 10346 8615 13485 1335 8616 2811 8294
679,6759 6758 6756 6757 2971 6761 6760 11358 11359 12824
680,6766 4480 751 6765 3931 4876 3926 6764 6580 2287
681,6772 4309 6773 6501 6774 943 6770 7808 6771 7018
682,6776 6775 6779 6777 6778 6184 4281 6780 6781 6783
683,6790 6789 6788 1128 7824 6786 1955 6787 14145 14962
684,6796 6795 6797 5564 4594 4641 6794 2805 5563 4655
685,3909 6802 4477 2235 6801 1429 8768 6800 9127 10446
686,6809 2997 6806 6811 6807 6810 6808 11808 4604 5447
687,6813 6812 6697 894 7421 748 2368 8449 3035 778
688,3548 6816 3163 949 6815 6814 8666 9428 13664 14856
689,1871 1869 1890 4985 6819 4897 6818 9545 11425 12265
690,4844 538 6820 14808 536 531 535 530 533 525
691,4182 5053 133 6824 167 697 6825 6822 6821 292
692,6830 6832 6519 6831 3361 4419 2225 444 6829 2448
693,6839 4787 6838 6837 2918 563 6835 6836 2931 10031
694,6846 6843 6845 6840 6844 6842 6841 3492 13779 13368
695,6364 6847 7077 4139 12934 10461 12732 1320 10629 2881
696,5584 5884 823 3151 6851 6850 6849 1809 5819 11981
697,6853 420 3225 1646 2211 3678 1641 462 130 11706
698,5398 4131 1834 4453 6861 4006 592 6859 2102 5779
699,6867 404 6866 13422 1166 9791 1532 2820 9784 3464
700,6878 6871 1295 2661 3871 6872 6877 186 2675 3312
701,3453 5858 4251 3185 6676 8984 6987 226 5424 5540
702,6885 6884 6883 12318 5788 12155 11978 5287 15018 14633
703,6909 6911 6910 2527 10539 6908 10888 6903 6904 6907
704,1071 694 6919 832 1899 2770 10446 796 6918 4208
705,6922 6921 7889 15125 6380 6224 10446 10770 10771 1210
706,6925 6926 3469 119 6927 4894 6928 4922 5637 9669
707,6938 5403 336 6933 6936 6937 207 6934 2274 3950
708,6951 6947 6950 6949 5600 6948 6547 5603 6499 6945
709,6966 6962 6964 2053 6439 6967 6643 1766 496 6965
710,6987 226 6986 6974 6978 6979 3453 4504 1968 3291
711,1529 2815 4514 6989 12426 2814 2820 6416 3464 3465
712,4515 6993 6992 1532 8810 13234 2742 10206 2743 8904
713,6995 6990 5194 11108 11898 12070 11111 4514 11897 9784
714,7003 7004 2151 5191 2538 2516 1427 4471 494 1648
715,7007 7008 7010 7009 4990 3497 7011 4875 14010 2483
716,7014 7015 7013 14445 14571 13282 4063 7016 9308 12632
717,6769 7019 7020 7018 6345 6114 683 7017 1028 13144
718,7034 7026 7023 7033 7024 7029 7032 7031 7035 7028
719,7041 7036 7039 6970 1273 1436 1987 4761 7042 1796
720,7044 465 7043 794 491 6445 795 2139 3020 3704
721,7047 2488 3348 4992 4834 185 4993 7048 821 6263
722,4850 7051 7052 7050 7053 10171 11241 11905 1282 766
723,7071 7063 7060 7061 5874 4142 11808 4139 8159 1828
724,7082 225 4956 14650 14653 14648 6465 5670 7858 14649
725,7084 11618 13742 15051 11169 4546 1269 8679 11992 3373
726,964 7085 7403 8955 2221 805 974 3683 10680 13044
727,6399 4553 3588 7087 3585 6395 6398 2000 12387 11151
728,7089 4776 145 8194 2220 4772 1083 13958 11193 7570
729,6551 7098 7099 2372 10355 11808 7100 8159 7095 2616
730,1169 4964 7106 7103 5978 6163 7105 7104 6159 1268
731,7109 7110 6196 8579 14921 8586 8583 8587 5107 4105
732,111 7111 7123 91 7120 7119 7114 14049 7126 7121
733,7138 4637 7137 88 6973 3899 3377 15243 2863 12493
734,4979 3543 2297 3546 1602 3544 7139 39 4052 7776
735,3811 742 3470 385 11761 7734 2276 10479 6467 10549
736,1635 2663 2662 4056 7142 8392 8214 2666 7756 8215
737,1684 1989 7145 3764 2689 7143 1766 644 7144 1688
738,787 6445 7149 433 685 797 476 829 6822 6027
739,3931 592 243 2781 6860 3926 5590 3240 6385 2331
740,2697 7151 2799 2720 3358 3303 2343 1056 5362 3293
741,7159 4426 7156 7158 2507 7123 7157 7127 7155 2206
742,7171 6612 7166 7161 7169 7165 399 7170 6477 5246
743,323 138 865 3104 1206 176 9095 887 5960 9569
744,3455 7176 3969 3864 3718 6762 4988 10539 7283 9127
745,7179 7180 7178 1367 7177 10115 14561 15276 6309 4307
746,7182 1957 3149 2321 4452 6002 7181 5324 6468 3718
747,6348 7186 6814 7185 3943 732 7184 7183 677 13664
748,7195 985 668 7194 7196 1093 7191 665 7189 2350
749,7199 7200 10187 10186 14117 12486 1560 11782 1614 7593
750,5511 6939 2858 4354 4802 953 3852 546 5952 7201
751,7204 7203 7208 6319 7209 4126 2954 3522 7207 7205
752,7214 5882 1873 1677 5483 7213 1660 13615 4798 5481
753,4599 2014 7216 7215 4596 11808 8159 13111 7554 6432
754,7219 9808 14884 1700 11849 1671 10222 9361 9375 1846
755,3075 7221 6704 3079 6703 3077 3076 3078 2616 2870
756,7228 7227 7226 7225 7224 7223 10084 10081 13520 10083
757,6303 7230 2273 12339 12338 2263 9768 8690 13842 6467
758,7232 7233 873 3168 5740 7231 4027 421 7761 2214
759,7238 7237 4889 7236 6755 12329 10521 2791 10520 13039
760,7240 7242 7244 4382 782 7243 5755 6296 7241 7239
761,2739 4454 6868 7247 13632 6897 11393 11953 4920 4634
762,7249 6465 4836 7250 7202 1988 14650 14648 10731 14653
763,3793 7252 7253 7251 10620 14941 6319 12622 5975 13752
764,7136 7258 5710 5979 7257 7262 5337 1522 7260 4788
765,1739 7276 7272 5491 6831 2300 3730 7268 5681 7271
766,2078 7283 2234 474 3301 4377 7282 679 1334 4721
767,7290 7291 3203 6651 1419 7289 6367 1569 6014 796
768,1471 1473 1469 1468 1472 1470 7292 15159 15105 13108
769,7300 3680 7299 3043 363 1487 7294 7298 7297 6907
770,187 7312 7311 7308 7307 4983 4558 7306 7322 7181
771,7333 7334 1345 3892 8664 11270 8761 3897 5554 14155
772,848 7338 7337 2452 3676 446 228 7336 370 7335
773,6729 7347 7343 4071 7344 7346 7345 6365 2466 10094
774,7352 7350 7351 7349 10610 10609 8264 11968 11038 4065
775,7356 6265 7355 7357 5599 5885 4489 2143 7354 6058
776,7358 1916 2379 1915 1277 9192 11347 11777 7065 1914
777,775 484 728 7364 4858 698 7363 2760 6445 11706
778,7367 3741 37 7372 7371 7370 7369 7368 9924 4845
779,7376 7375 1180 7382 7242 2661 7381 4840 4943 4836
780,2810 7391 205 964 7390 7389 7384 7388 7387 7386
781,7395 7396 2742 7397 7394 4495 4346 1165 2820 13235
782,7401 7402 11647 12981 14353 4948 4365 6629 1452 8002
783,6362 1319 1778 1320 4060 6363 6361 1779 1321 9192
784,7407 7405 7406 2594 4563 684 6246 5657 6528 1844
785,5315 2448 4269 8287 462 7420 6373 464 3217 3104
786,6364 1826 7426 7425 2869 4414 4416 2881 4139 5447
787,634 611 7428 618 15206 14297 15207 6471 8074 635
788,6186 7436 887 7434 7433 5947 6708 7435 6763 2287
789,7438 2556 1410 3738 4864 90 7437 10888 6762 6813
790,7443 7225 2068 7442 333 7440 7441 7228 13383 13071
791,7447 7446 7445 3189 12159 9049 197 8659 10983 8062
792,7450 7449 2887 5599 13878 7451 15126 7448 2891 1009
793,7452 3903 3899 3901 9041 1058 8241 3907 5056 10173
794,3055 7455 6909 5869 7453 9238 7466 7454 11126 13626
795,7463 1212 7462 1610 2489 7459 809 4255 7461 7458
796,7467 2013 7466 1892 4803 10934 1132 13630 6582 7455
797,7469 1480 1549 12028 486 13577 4439 14997 5261 4673
798,4932 7473 7475 7486 7476 6669 7483 5799 7471 1117
799,6151 6153 6154 487 7492 6156 7491 6149 7490 6152
800,4789 2706 6671 6463 8959 8345 8387 2707 5684 2704
801,3368 5096 7283 7355 7493 4122 6199 8815 5169 9678
802,7494 7497 5501 5859 1618 3497 3213 235 611 7496
803,7499 5452 3824 2296 169 13567 11417 11416 14127 11415
804,7512 3042 7513 7509 4175 7502 842 2784 814 3104
805,7520 7521 7517 7519 7518 3851 570 10150 255 9241
806,715 33 1573 2313 7377 9127 10539 4947 130 9924
807,7529 7525 6058 7528 4465 3591 6494 7524 6543 7526
808,7535 7534 7537 7541 7542 7536 411 1577 4808 2607
809,7547 7546 7545 72 2870 11237 11236 11238 390 13040
810,7550 7548 7549 1614 7024 10387 7764 10187 10376 742
811,3479 7551 1867 666 6870 705 13958 3049 3153 10176
812,2875 1136 1827 1354 7553 1010 11808 7072 2872 4139
813,7560 7562 7563 3237 4882 7559 7564 4887 7558 7561
814,7568 2981 7567 13988 231 9238 9514 9515 11274 7167
815,4978 195 6768 7570 3811 4933 971 1474 7569 6490
816,7573 6779 7574 6484 7572 7571 6228 5375 7575 7576
817,7580 7577 7578 7579 794 7086 4212 10296 6691 13865
818,7582 14285 10615 9060 3028 12796 15155 12641 6159 60
819,7584 6549 7249 7586 7585 1700 13854 12344 14800 4357
820,7597 7593 7600 7594 7590 7599 7598 7591 7608 7587
821,7611 761 1646 163 478 3222 790 789 464 10601
822,6830 7615 3622 7616 268 2226 7618 3144 7360 7614
823,7622 6153 7621 6154 6151 6156 6149 6152 6148 3041
824,7627 7628 7629 7623 7342 7626 7625 8148 12354 7624
825,7632 7633 7631 9609 7399 4183 6832 12620 390 7473
826,7634 7638 7635 7636 7637 7639 1595 7642 7641 7640
827,2827 1626 7644 7151 226 7645 1675 3290 1250 1014
828,3529 1035 7646 2021 4220 7647 6019 3760 3751 1966
829,4073 7650 1855 7649 7651 7643 6165 10106 4962 5896
830,4087 7654 4086 966 4583 4582 4587 4581 4586 2442
831,7658 7657 1416 7656 12083 4530 794 9190 11494 1631
832,219 6036 6963 4189 221 996 1588 1454 8278 1477
833,7666 7665 7661 7667 5715 5597 4781 1940 7663 7664
834,1375 7668 1376 3875 7813 464 9509 4788 563 7570
835,7670 5582 5493 7472 6437 7675 7681 7589 7676 7201
836,1741 7249 7687 2304 5607 1740 7686 7685 2834 7684
837,7688 4395 648 4291 13899 11019 922 46 637 4405
838,4132 4687 4688 12071 10258 8166 4138 11387 4689 3083
839,1011 1862 1002 1863 7427 1010 395 7469 7784 1726
840,7690 14683 14071 8380 8712 9074 10407 6100 13072 1743
841,7692 7693 4152 2402 7791 6723 8529 8528 926 3449
842,7695 5346 6333 4282 7694 3157 11534 10499 5347 1088
843,6821 1452 2448 879 4235 1206 1569 182 323 176
844,287 7700 7699 618 2700 10516 281 10347 612 13520
845,6799 1645 748 4659 4658 2615 4661 4647 2604 14402
846,7702 7701 11613 6 11612 11614 13557 5926 12147 3587
847,7708 7706 7707 7709 7710 7705 5763 6500 8958 6803
848,7713 7712 4728 7714 7715 14723 12599 5490 897 5488
849,466 7719 624 686 7718 169 7717 15260 11706 6255
850,2415 1191 586 3993 4848 7961 9072 4178 4974 9510
851,1398 7724 1229 3209 7722 1259 7723 5538 4239 10301
852,7734 7156 2544 2511 2234 7732 2541 1381 2205 7733
853,780 7736 4660 7737 7735 2779 2804 4653 11368 11370
854,7746 6299 5713 6825 4836 7742 7743 6624 1985 7740
855,7750 7751 7752 7749 3677 13656 14362 13335 15034 344
856,7755 7756 7754 7753 11947 8392 11948 3838 7903 12314
857,611 7759 7764 6574 7765 7763 385 3181 12005 7761
858,7777 7772 7776 7775 4997 7771 1548 6585 7773 1810
859,7782 7781 12090 12089 7780 6844 6327 12088 11172 14319
860,7784 1003 3083 3085 1011 7057 10857 4137 3668 9535
861,7794 7786 7787 7792 7789 7793 7790 7797 7795 7788
862,1573 2535 819 7798 7243 13434 6134 10888 96 9196
863,7802 7803 2728 7801 2898 12081 1267 9696 5899 2725
864,6749 3908 4080 1804 2266 4079 12128 1213 4254 1215
865,7165 7806 7807 7166 12792 11594 11792 5485 5714 7171
866,7814 7813 3112 2295 7812 4490 7808 777 687 7708
867,4599 4693 7818 2875 2874 3845 7554 1010 7817 11808
868,545 7821 7820 2985 4189 142 544 10453 12569 601
869,6790 7824 1955 6789 6788 989 7293 7916 8439 1950
870,7828 7827 7826 2842 11073 13358 12611 2449 6681 14116
871,6406 6407 7829 5860 9130 4776 8548 3908 1300 9579
872,6149 6157 3099 5740 1505 806 1519 811 6153 350
873,7849 4727 7848 7847 7846 7842 6584 7843 7844 7845
874,7850 13530 7660 7882 1213 122 3719 13467 3429 5614
875,7859 7864 6329 7854 1523 7863 7141 7857 7862 3284
876,7873 6080 7870 7872 7874 7871 3125 7369 6082 6480
877,7875 4861 7876 14893 14859 14971 466 4855 14224 14860
878,7894 7893 2846 7882 7879 1896 1177 7891 7888 4455
879,1219 4182 4146 6985 3115 1836 3529 7042 1079 6861
880,7907 2459 7905 2458 848 4175 6 6050 1648 7362
881,5592 4175 7246 1836 1401 7913 464 7050 12848 4798
882,7917 3908 7916 1527 6749 6787 6768 6043 6318 3716
883,6399 5053 177 7923 7919 4182 7921 7335 7922 7920
884,1001 7094 10199 6804 7427 4604 11892 10088 7062 2996
885,1048 7927 7926 6588 1815 998 13870 1818 4175 2935
886,836 5580 5167 7929 7930 7928 464 4093 2033 3217
887,3088 6074 6085 1893 11709 6077 10923 6072 6075 2865
888,1847 5157 7940 6228 7941 7942 7944 7948 7937 7945
889,2407 7953 6312 5105 7952 2447 576 6815 3507 14723
890,778 805 463 5290 6813 828 7954 3811 832 824
891,3182 7689 3916 760 6254 4902 7956 7959 7958 4422
892,5206 7963 1607 5902 10031 1196 8791 7810 10030 1599
893,7966 240 7965 5224 12966 12941 11469 4338 489 4337
894,780 2363 7968 2249 476 821 464 7339 2460 983
895,803 789 241 791 3110 799 6209 3682 792 5202
896,3821 7936 6187 7978 7976 5157 7977 1222 1847 6228
897,7983 7982 7984 7981 3984 3401 5485 14517 10906 10267
898,7985 7721 11774 11773 3489 9327 8357 9450 8359 14047
899,5171 230 7987 7543 4309 6774 7018 7986 12033 12879
900,7992 7993 7137 3194 3345 7139 2069 7991 26 3293
901,297 2023 656 10463 9259 8469 1686 549 10256 809
902,3468 5502 7996 7997 4383 1101 5972 5505 11132 5501
903,8001 8003 5920 8004 7518 8002 2172 2653 8000 6838
904,8008 4746 8010 8011 8034 7202 8028 8017 8036 8015
905,1071 3928 8046 811 6471 2935 2326 2195 5087 169
906,6263 8052 112 8050 8053 5311 476 2806 4726 6198
907,8055 8021 8054 9393 1119 9291 9290 1122 4446 1120
908,8058 3862 8057 2560 5408 8056 5405 5406 3043 3044
909,8060 14668 1902 12547 6748 9937 5799 3950 10883 13218
910,8064 8062 2260 8070 7457 8069 8061 8067 8066 8068
911,8072 6277 1246 6283 6289 6291 6274 6292 6278 6272
912,7611 8073 810 2490 5642 3402 2202 5567 5074 4024
913,2748 64 143 5422 182 1568 2765 5549 2781 9476
914,7231 5634 8075 14540 7232 1128 664 5636 5637 134
915,8084 8076 8083 2746 8079 6587 4352 8080 8077 8082
916,8094 8092 5560 8087 8096 8102 8091 8089 8098 8100
917,5218 1869 4399 8107 4858 8106 10493 3552 9546 6336
918,8110 8108 14590 8109 12301 13908 3551 2614 1909 14196
919,8132 8130 8007 1630 8137 6533 8121 8129 7141 6625
920,6322 3500 8146 5176 10360 3148 7798 10359 3357 448
921,8148 8147 7628 5679 12885 13428 3788 6129 3449 11270
922,8151 8156 8159 8160 8155 2617 1721 8154 8157 4139
923,4384 4729 5412 4500 149 7832 6215 8952 6475 3104
924,8171 8175 8172 8178 8174 8169 8173 270 1339 6129
925,6677 2005 8181 8180 8179 306 2313 14928 130 2036
926,8187 8186 3986 8185 5092 788 2458 8184 2749 14820
927,8190 8189 1500 1697 23 2111 15287 14579 5374 15072
928,1206 8191 323 879 795 1803 11934 2781 1234 2133
929,8200 8198 651 587 8201 1270 8181 1164 205 6342
930,8206 8204 1942 8205 8208 6503 8207 5729 8209 7172
931,8210 7754 11019 13728 14666 13077 5413 8649 14667 7401
932,8215 2662 8214 6798 8212 7444 7916 8213 4655 8392
933,8217 5389 3289 2540 5391 5394 5393 5392 5390 3332
934,8219 6035 476 6596 3675 3643 8018 6580 3805 7915
935,8224 8225 1643 8223 3937 3931 8220 3768 6211 8222
936,8226 4775 3109 7042 12286 4972 11871 6750 1237 5363
937,7641 5907 8233 8231 7642 8236 8230 8237 5788 8234
938,4217 8239 8240 3692 2447 7355 5753 6850 4965 795
939,3541 3526 4346 8241 8242 5343 6971 3540 3537 6498
940,1501 1687 1083 5424 6199 1161 4874 1503 3834 5209
941,49 1290 2556 2501 2033 3251 12514 8501 7734 2521
942,8248 5996 2495 8246 3379 5388 2186 5637 8247 7734
943,692 8250 12340 11366 14573 13558 14964 14136 11405 693
944,3751 1112 8251 3108 7570 4512 6433 16 1081 1280
945,8254 8255 4778 5568 3407 11703 8253 3386 9580 5168
946,8259 8251 888 8258 8256 8257 678 5256 4449 3789
947,8262 14039 2485 13035 13895 6593 2841 7882 11307 7850
948,8264 2298 3927 8263 10609 7352 3912 10610 3914 14178
949,3722 6405 1276 7557 3721 4774 8279 8284 8293 1275
950,8301 3418 1993 11931 8312 7146 3560 11899 8311 4085
951,8307 8306 4319 516 5501 8305 7761 363 3361 441
952,8315 8311 8314 8312 8313 8301 9082 13037 14629 10176
953,8316 5570 4447 8713 13314 10130 9238 6415 10131 4838
954,8318 7878 2861 8319 8317 12925 4707 12947 2860 13765
955,5985 8321 7436 6290 8322 13177 13938 10851 1607 12891
956,8324 7249 5759 8323 14733 1387 5758 3469 13854 14800
957,8333 8330 8327 8329 225 8336 8328 8342 8331 8341
958,337 8349 8350 8348 3380 3301 2510 3316 186 8347
959,466 8352 6381 1419 6577 8457 1646 6255 216 3217
960,8355 8354 8353 8356 7205 441 13958 9288 15018 9790
961,8360 8359 8358 13229 8357 9453 9454 9450 9455 3490
962,49 611 8362 2149 14180 140 13315 11555 14805 2277
963,3609 2055 3634 219 8365 209 4485 6530 3636 694
964,3055 8369 15062 3057 15061 3059 3058 3056 8368 101
965,3938 4695 382 5768 6854 8371 6833 12157 12154 10062
966,8374 8373 7876 12303 5407 2650 14638 11701 11306 2804
967,8375 7525 14421 10184 6070 6193 8578 1372 6895 2913
968,8376 1935 4848 4428 5351 11378 9590 13909 10715 14510
969,8379 8380 8381 8384 8388 8387 7747 3786 952 989
970,4058 8392 4057 7756 4056 7903 4059 8215 1996 13944
971,8394 6769 8395 14294 5819 7019 5114 14291 14290 10396
972,7533 5114 4442 7526 5500 3260 6667 14289 4276 3984
973,4884 7646 5185 4369 3236 4813 10548 4889 3235 3234
974,611 15020 3213 7764 7698 14680 10893 1620 1621 9781
975,8397 3112 578 5468 5138 1097 661 2685 4350 6488
976,8400 3753 6614 9999 2411 9379 14028 10705 14722 5007
977,2329 3286 4906 7137 585 5275 4348 3583 239 1701
978,8425 8424 8426 8420 263 8414 8421 7226 6935 8417
979,6586 8430 14104 1856 2813 1857 10190 14175 2905 1843
980,8434 8433 8432 7822 10306 8431 595 83 9370 7429
981,8436 8435 8438 8437 12223 371 3512 3453 218 290
982,6632 3794 6413 8439 5261 6627 6630 6631 1300 7293
983,5044 8441 5808 11882 7906 3364 8972 6522 3576 3714
984,8442 6441 4071 1347 6443 7347 249 12105 14928 618
985,4413 5845 10994 11347 5450 8443 8164 2371 2375 4605
986,3528 189 5100 4146 4864 8449 3358 4 7437 4237
987,8457 8456 466 3097 5580 2322 6357 774 8458 8455
988,8475 8466 8474 8470 8468 8473 8465 8471 378 8472
989,8478 8477 7016 4605 8476 4133 8164 7015 8159 14571
990,2309 2755 3811 1875 11761 9622 4862 8719 464 466
991,7324 8479 8480 2808 1447 14604 14605 14669 10651 8802
992,3316 8484 3329 6028 5386 488 3913 426 5207 5822
993,8489 5554 3897 8488 8487 8486 2833 9761 14155 4356
994,2473 3339 5386 88 3316 5996 5220 5820 5743 8461
995,8498 3795 8497 3009 8082 8496 3005 7760 5804 6590
996,8504 2192 8502 8505 8501 4959 1290 8503 3971 10888
997,8507 528 8301 5360 1742 4836 8506 4295 3953 5213
998,8510 8511 5166 2117 10591 12717 15062 7134 1368 4249
999,5968 5145 7415 5736 7416 1591 4748 3549 2988 1308
1000,5163 8513 8514 14083 5170 11857 9427 13955 14055 7630
1001,8516 4223 1519 1441 1894 5945 8515 13782 9167 2107
1002,8519 4809 1877 8518 4798 8517 12591 8002 14569 12339
1003,169 4930 5719 5962 7717 8522 4859 2752 8521 4441
1004,3298 2334 8523 690 164 14322 13379 5394 125 4640
1005,8526 5998 2614 2741 2742 13734 2824 15152 13561 8904
1006,2402 4152 7791 7693 8529 5468 926 8528 8527 6723
1007,1206 1207 1903 5548 4130 4210 5090 6029 1569 8134
1008,3931 3642 2067 2294 8533 98 2289 12359 8418 2293
1009,8534 1237 14880 6986 6598 5935 9648 4972 3109 3453
1010,8539 8536 8538 8537 8541 1725 1011 4401 8540 11799
1011,8545 5559 8543 8544 12 2636 14796 11206 11 12647
1012,3386 3949 2753 5002 8557 8552 317 3344 8366 8556
1013,3498 4470 698 14295 1118 5087 12611 2129 695 3500
1014,8562 74 8561 3031 2986 94 541 7082 3584 3029
1015,1092 8573 6466 8572 8570 5202 5258 4578 559 4254
1016,8579 8583 8586 8587 7110 8588 8581 8585 8582 8584
1017,8278 7518 5913 7808 8233 7557 5907 12172 7642 2
1018,7344 5834 8452 698 2510 4814 2540 10176 1796 6382
1019,8600 8558 3417 7391 3183 4365 305 3168 8603 421
1020,8615 1335 6754 8616 8613 8609 8611 8294 6117 2196
1021,8622 8621 8620 8521 7514 4185 8619 8618 6210 7382
1022,8632 8626 8625 8633 8628 8637 8624 8634 8630 8627
1023,8639 2242 4441 2233 2246 2239 2243 2245 2244 2241
1024,8642 8643 4854 8641 5430 4702 169 2798 4913 8732
1025,1354 1357 3079 2378 4414 2370 2369 1355 11347 1829
1026,3480 8646 8244 1703 8645 2182 3481 13160 10071 3018
1027,8650 8649 6172 8648 6478 6949 3038 10714 12937 6499
1028,8657 8654 3703 3696 1584 4213 1970 1568 4002 143
1029,163 8661 8662 7340 6033 8660 5247 1646 8659 3139
1030,2722 2560 5027 3043 3044 4863 1054 9475 1679 11743
1031,8664 24 689 8185 8663 6759 12993 21 8699 20
1032,8668 3923 3618 2578 3970 3517 1689 760 3916 594
1033,1419 8673 8672 241 1425 8748 1404 4188 11202 13048
1034,8674 8675 5969 7207 7872 2346 3125 5966 7871 2355
1035,8677 6728 12252 12251 10584 900 4497 5640 10316 4595
1036,2234 5163 1600 6340 7270 8546 7363 4928 2578 6591
1037,8684 8685 8683 7652 8679 8681 8682 8686 8687 3858
1038,4179 4178 228 8689 10170 6087 8457 10446 797 663
1039,8693 8692 687 1061 2044 12440 5497 4482 8691 5498
1040,8696 8698 8040 363 7301 7470 8697 429 3582 1905
1041,8701 8700 8702 4661 6799 4659 4658 2615 4647 4648
1042,176 1452 3711 8704 4235 3713 2448 9314 9309 784
1043,3710 8705 3712 4238 2024 2765 4821 598 12021 2587
1044,8708 8707 15245 8706 15116 15140 15139 2626 10287 15137
1045,8709 8711 8710 5176 509 12114 10360 6415 5570 13144
1046,5066 11706 5833 7708 1646 10446 1682 8717 9127 662
1047,7153 56 7762 8724 2538 8722 46 6522 8723 392
1048,8725 10187 13195 12685 12684 2144 1561 4497 8781 6089
1049,8729 405 8726 3465 1323 2820 8727 12426 8728 12743
1050,2040 6794 5066 4 2039 9012 466 6792 11166 6577
1051,8733 8739 8736 8735 5929 8737 8738 8734 1737 15129
1052,2711 4825 1642 821 1460 8745 6954 8744 3707 7507
1053,1419 1404 8748 8747 8673 6325 5299 13851 8464 14054
1054,3232 2649 3231 3382 8753 3762 7192 3353 8752 4833
1055,4736 8757 12274 5277 12182 6302 2566 14066 7332 4739
1056,8758 2667 418 11203 5472 13031 14018 10975 12676 14371
1057,8760 1740 5229 14319 5230 5228 5227 5231 5232 14127
1058,8768 1968 788 842 826 1967 1642 8765 6439 8767
1059,8771 8773 8774 8772 8770 4524 11887 13213 12523 10768
1060,585 2168 3104 6020 184 8288 6046 7004 2024 6198
1061,8640 7962 8779 10339 491 6862 4500 9565 7829 778
1062,8780 1670 14036 13513 8964 13037 14986 14997 7442 6371
1063,778 2897 8783 7238 7835 1396 7211 149 304 15118
1064,6773 6501 8786 6849 6626 8785 6728 6750 6500 6505
1065,7165 7166 8788 7878 1896 12925 7171 399 7169 8318
1066,7657 757 2072 8791 8790 6983 2163 7137 4093 7658
1067,2032 8797 3021 2490 2505 951 8796 8801 2142 8223
1068,8807 8805 8760 8810 8806 3882 8809 2816 8811 8808
1069,8813 8814 2989 8815 8812 2988 4965 1661 10229 2442
1070,3916 8816 769 7257 760 7822 4208 2306 5989 2312
1071,2959 8817 7294 5818 3403 2962 2958 5748 7153 4578
1072,488 7683 8818 3553 3097 590 1972 7832 8146 6959
1073,3777 5863 1603 5480 5883 910 5479 1612 9456 6825
1074,3584 6135 3602 8823 14954 3031 2716 2700 3587 9877
1075,2015 8825 3012 3011 8627 3010 10456 8628 3007 3008
1076,1532 8834 8835 8833 3779 8831 8832 8826 8828 8829
1077,2253 8836 732 8800 6266 5851 12976 7440 220 2407
1078,8843 8841 8842 7519 5265 8840 7522 11590 7517 8839
1079,3118 3998 8846 7373 2497 7377 2675 12435 611 12436
1080,1709 1863 8849 8847 8848 13713 1712 1711 11808 14269
1081,6574 8851 248 9486 9485 9484 2240 3147 436 4286
1082,8664 7334 7333 11270 24 9936 10092 13591 8185 689
1083,8859 8860 4026 8857 4869 8855 4870 8858 476 2194
1084,5074 4232 8659 8865 1201 452 6215 7207 6222 1766
1085,8869 8341 192 13320 13855 15097 13321 4711 13452 8333
1086,611 8873 8874 8871 14997 8872 15020 2185 12051 14827
1087,1452 503 6044 6025 3713 7435 2798 1584 2138 3576
1088,8882 4852 2206 10481 4352 4455 1751 5385 8298 7341
1089,8887 8886 8885 11693 11692 8884 8910 10184 8913 14091
1090,8893 2599 8889 6004 8888 8896 5372 8892 8483 8894
1091,7218 8901 7562 8900 1894 8899 6624 7742 7743 6165
1092,4515 8905 8906 1532 6351 8907 2742 8904 1533 2820
1093,8912 8911 8910 8909 8908 8913 11693 8886 5942 2475
1094,8927 8925 7274 1755 8931 8919 8915 8914 8932 4942
1095,5436 7280 8954 7403 8794 7044 5760 8953 8955 8107
1096,5140 4382 1734 1516 8962 8963 4383 8200 1242 2278
1097,2267 6597 4696 1191 1592 4848 3651 8969 8496 6117
1098,8742 4227 1580 8973 2780 8974 6521 5014 8745 1256
1099,8977 2600 7234 3888 10640 9373 335 8976 9375 10279
1100,4227 4194 4238 4235 3712 3705 3710 12021 3222 4228
1101,1317 8982 8981 8980 8159 10214 8979 5849 6809 11226
1102,8984 5858 3453 196 5424 6987 226 3291 5502 1016
1103,8989 8987 2740 3190 2042 248 8986 3553 8988 443
1104,8994 7696 7417 2809 14692 6596 1484 2448 11830 1568
1105,180 6013 8995 2448 182 7697 11843 4 1452 176
1106,1251 9022 9023 6286 8506 22 9024 1274 11 9021
1107,1367 9038 9043 9042 1072 5047 9040 4431 9041 4907
1108,4162 9044 1739 8655 14951 5558 13784 4156 3151 4160
1109,2139 7044 227 454 6958 2767 3203 7971 9045 4179
1110,6444 9050 9048 9049 3386 5084 2227 7392 5323 13825
1111,9055 1392 9054 2520 6063 9053 3611 3221 9052 464
1112,9059 9060 13886 1949 10483 10559 4417 1865 8969 12512
1113,5029 5033 6030 9069 9068 1382 596 9067 7422 3020
1114,4060 1320 1778 6363 2375 9192 1779 1319 6362 1321
1115,1191 9072 688 9071 637 4974 13904 10809 4848 1300
1116,9074 8761 9073 9075 8710 12842 4051 5254 8489 15038
1117,8349 7133 1296 5425 4875 4874 6998 4873 2071 1687
1118,9078 9077 9079 8215 9076 11128 1536 3012 2795 4798
1119,6870 5411 2304 9082 9081 8171 9080 250 7551 9253
1120,9083 9084 912 9749 7554 13684 12656 8020 10246 11022
1121,2158 6193 1690 9096 7836 2255 8448 6443 9093 8963
1122,7556 9101 9100 14255 12648 14010 9798 10429 9797 10428
1123,6781 1662 9103 5204 576 7108 2438 1665 9104 6162
1124,9114 9109 9116 9105 9119 45 9113 4662 4823 9112
1125,559 3111 2291 9122 4860 443 3190 9051 2165 3108
1126,995 9124 9123 5938 704 7868 6713 8386 2953 8210
1127,9127 8885 9128 1947 9126 9129 7259 9659 8041 8035
1128,9134 5859 5234 9133 2585 2048 9131 9132 9130 10539
1129,7653 9136 9137 9138 12684 11611 12685 7650 3491 2840
1130,9140 2713 6195 3749 1063 9141 1081 1065 1055 1036
1131,625 4756 9144 5552 13517 14921 9143 14565 4262 7697
1132,9146 9145 551 10 9729 2973 12250 6122 13741 11103
1133,5282 3743 3933 2252 109 4276 9017 2247 7709 2237
1134,8961 9162 8441 10446 596 1980 6800 9166 9165 2002
1135,9174 9173 9172 13488 1002 14671 9851 8476 2378 12238
1136,9175 9178 9176 9179 5617 5676 7960 6217 434 9177
1137,9187 3860 9186 3237 6985 4001 2480 8246 6856 3989
1138,618 612 287 188 4845 9617 10888 9924 2027 7525
1139,9190 9189 1631 8007 8027 7658 9716 8132 1630 10637
1140,4060 1778 6362 6363 2375 9193 1321 1779 8159 9192
1141,9220 4569 2931 6508 9210 2904 663 9219 9218 3692
1142,9230 9232 9231 8966 9229 6266 5339 4708 14192 6943
1143,2378 6361 9235 9237 9236 1354 1357 1778 10366 6360
1144,9238 2981 6877 7568 9514 9515 7455 9516 7167 1227
1145,4205 4126 3738 2856 15171 2502 64 7204 7203 7732
1146,4383 478 2418 9250 443 9249 9243 4858 9245 8951
1147,3428 9256 3429 3427 1119 9393 11772 8021 11979 5244
1148,9257 10226 13698 11696 276 13374 12432 10221 11792 13086
1149,8643 3249 2019 1819 8755 2001 3643 2992 5663 9271
1150,9277 9278 5140 1193 202 1516 484 5169 1735 4178
1151,9280 2922 9284 2550 2350 386 3891 3357 9282 2499
1152,9287 1133 9288 1549 4550 3040 2670 10866 14598 7452
1153,4446 8055 9291 4428 9290 4048 7615 9289 4836 6412
1154,464 3269 9295 476 1638 5049 5186 8865 3918 9294
1155,1587 9301 9316 9298 9304 3712 9302 9309 8287 1450
1156,6514 64 2794 8280 9320 9321 4853 5004 9129 8071
1157,9325 9326 9327 633 4083 3753 2750 1557 9324 9323
1158,9333 9329 9328 9332 7213 2327 5761 9331 9334 9336
1159,3873 5366 5313 9352 9356 9357 7626 5378 9354 6792
1160,3500 2595 9367 14910 2962 12516 14926 2304 7160 2596
1161,9369 9368 7206 6062 1622 1619 235 1624 1618 1617
1162,9371 3858 4404 4799 9370 13705 13845 3789 3924 4386
1163,7234 8977 9373 335 10640 9375 9374 3888 2600 333
1164,2841 9380 9378 9379 9376 9385 9384 9381 9386 9377
1165,3055 11126 13626 15247 11045 15002 7716 3057 1367 101
1166,7338 795 507 5545 3518 4201 4235 6019 1582 8469
1167,8647 7796 9393 9395 3086 9394 8612 1119 9392 5248
1168,2721 9397 4725 7327 7189 5069 2338 9396 6377 9887
1169,9400 9399 9401 502 9161 9398 114 7432 3996 9320
1170,9402 7611 7210 2351 2022 10796 4866 6166 3926 12297
1171,2632 9404 5198 4800 5939 9403 269 4798 4793 11445
1172,9415 9413 9416 9408 9419 9417 9411 9406 9414 9420
1173,7748 9423 5441 9790 5446 5440 5442 5445 5443 5439
1174,1204 9424 6919 796 466 4862 1213 5049 3100 750
1175,3518 145 423 3020 7338 9390 5545 167 4179 6832
1176,9428 9427 7290 5630 3163 9426 2584 3548 992 13583
1177,6336 8404 9430 6128 1271 14381 6003 3539 1280 1737
1178,9432 9434 9431 7086 9433 12902 15025 5591 9700 596
1179,662 6682 251 466 8623 7816 8719 1646 9127 10446
1180,9438 5784 1758 9440 9441 8550 9439 964 8509 3683
1181,6394 5877 1686 7542 3814 4186 6649 2867 9445 8784
1182,9447 1281 9448 5292 4071 1237 1279 5342 9648 4972
1183,9453 8358 9450 9454 9455 8359 9452 3490 9449 9451
1184,4940 6343 409 8219 2750 4789 6826 6020 7522 9768
1185,149 169 165 171 168 4385 4 618 873 4862
1186,7832 4950 1476 2748 9458 4221 9457 3704 6955 2356
1187,9460 12574 14213 2096 14038 14339 15150 9308 13556 1345
1188,9462 9461 4722 9465 9464 5110 3589 929 8071 8069
1189,9478 9476 9477 9473 1231 3767 7291 6595 4704 2768
1190,8851 9486 6574 9484 9485 2240 4286 516 2851 436
1191,3744 4717 9494 4894 4988 9493 3186 4922 9495 6302
1192,3237 4899 4905 4901 9499 3836 3524 4895 4638 4900
1193,9508 2463 9509 3875 2727 9506 7933 5402 7668 9500
1194,9510 2415 1878 14740 5363 3993 3197 10625 14850 12861
1195,6699 5493 1810 8137 4378 8002 7777 6437 7708 11494
1196,9512 7785 8539 13712 1711 1725 12915 10987 4676 1709
1197,9514 9515 9516 9513 2981 10720 8319 8659 4792 12443
1198,1467 9517 5283 10150 12906 7986 10557 11286 11916 12905
1199,9523 9526 9522 8458 2828 9520 9521 2199 9525 9524
1200,5079 4231 1643 1967 8764 5162 6954 785 2468 9390
1201,9532 3945 9531 8604 7336 1491 146 5660 5663 1606
1202,6129 9533 2243 10059 15036 12823 14154 11098 8986 8177
1203,1145 6742 1136 1721 1146 9534 9539 402 1007 9537
1204,796 3191 775 4220 790 6919 10471 10240 797 2312
1205,8675 6952 2281 50 6235 8674 5604 15172 6233 9365
1206,7910 5287 4551 9543 9542 3261 4798 12039 11494 5285
1207,9545 871 1869 9546 4502 8417 3213 5218 11545 646
1208,9549 9553 3415 2879 9551 9550 9552 3774 8268 9548
1209,1115 3894 4700 9555 2914 13208 6487 1107 9226 14659
1210,9559 9560 4594 4642 4644 4641 5564 5565 5563 9558
1211,8485 3811 9562 9564 9563 6343 9247 2707 7289 1550
1212,8252 9574 9573 9571 7563 2789 6137 9575 4718 2018
1213,4605 4693 5689 8164 4133 1721 4135 8151 2617 11808
1214,2309 139 2764 4179 5087 169 663 8577 1391 14636
1215,1384 851 9583 2597 160 9579 9587 9585 9584 4004
1216,2560 4228 3043 4769 2240 455 2199 2234 863 9592
1217,9594 5286 9593 7515 12872 5285 8035 1897 2651 6223
1218,150 4341 9595 125 4910 164 3298 4640 5809 2963
1219,9596 9598 9601 9441 9600 9599 9483 9597 6384 6337
1220,9605 3811 6684 9604 2276 5727 2736 2722 5540 9603
1221,8259 9607 5461 8497 9510 8251 9356 661 10622 14052
1222,230 3762 1236 1235 3862 6019 9826 229 5157 231
1223,9610 9611 7046 5664 353 11591 6085 9509 7523 11657
1224,5949 540 1422 9612 2708 11244 5933 1444 4474 5942
1225,9363 9618 7439 9616 3947 1917 9139 5187 2139 1977
1226,9621 9623 7515 7619 1508 6639 277 453 9150 13655
1227,4139 5848 9626 6555 396 7091 395 13444 8159 12375
1228,5840 8159 4139 9635 6807 9634 9636 9631 2998 9641
1229,9648 1237 4972 1281 3109 1943 5423 6433 1413 1049
1230,3825 9649 489 1292 4369 3968 11944 3970 3228 3969
1231,6262 9650 7567 7745 13962 12460 5716 12148 10714 9104
1232,3811 8992 9561 8290 9652 9651 6699 7936 9162 3875
1233,3672 7689 1707 4169 9656 5664 586 6687 9655 7999
1234,1071 8396 2935 169 5934 11158 4862 466 383 464
1235,9658 4523 585 9470 9657 13238 5174 4524 1947 4386
1236,7945 7260 9661 7943 7543 6854 5156 7944 5157 5171
1237,9665 5671 1723 9662 1915 9663 9664 4693 11805 11347
1238,9668 9667 7248 8716 2601 8659 5123 239 8555 1510
1239,9671 9673 5526 9670 9677 9676 9674 8304 9678 918
1240,1460 8550 2864 6646 5246 7171 11475 6477 5061 1352
1241,5784 3028 8199 10912 10615 7699 13520 9060 12554 9472
1242,2528 7337 4322 9688 9285 8071 2254 8794 2546 2517
1243,9694 9693 5764 9692 9691 340 3507 9690 5766 2144
1244,9695 5219 8063 9696 3538 5950 1267 3963 7803 11077
1245,1896 6616 6949 6620 5486 6499 6621 7893 6619 7878
1246,2899 9202 8474 9698 17 2397 13999 13738 11038 52
1247,9700 4443 9705 6691 9710 2306 8816 1349 2790 5303
1248,621 7624 606 5907 620 3070 1341 1340 9714 9712
1249,195 6997 7995 139 8304 2762 11160 9127 2923 12005
1250,9716 9717 9718 9189 2910 9550 9190 8007 4321 1631
1251,6791 9719 6199 4988 4635 8668 7283 4815 5822 4878
1252,9735 9726 9727 9733 9734 9724 9736 9744 9721 9737
1253,6734 6741 9756 6806 9753 9750 9757 8847 8159 4141
1254,9763 9761 9482 9762 9760 1909 9759 14315 7753 11
1255,9764 9768 3833 9774 9775 9767 476 3832 2200 5096
1256,3811 9778 9779 9777 924 259 3153 6684 6686 11462
1257,9781 9587 2516 9780 7732 9924 13902 3471 4931 12110
1258,9787 9785 9788 9784 9783 9786 9782 9552 11122 4791
1259,3318 9109 2484 3359 186 4913 3302 3316 8349 3317
1260,8375 7525 7529 3591 6058 7528 6762 13870 10888 9617
1261,9790 7748 641 10353 9423 7224 10351 5441 10354 642
1262,404 9793 9794 9791 9792 1166 1532 13188 15091 12426
1263,9798 9797 10428 10429 9796 9100 15133 13620 9482 7556
1264,823 3657 5279 66 4503 60 9258 8512 9800 7926
1265,7934 9807 6251 5157 9805 6162 9806 9803 6783 9104
1266,5755 854 7239 9811 760 7240 5728 8287 8457 10446
1267,2613 9814 2612 9813 9426 1129 8212 6099 1543 2611
1268,46 6304 4984 14400 12205 6002 5996 7989 11672 2130
1269,9821 9818 9820 3457 9819 131 3772 5023 4164 539
1270,9826 230 3859 1467 2420 9825 9824 4274 4275 1269
1271,9830 9829 4124 8613 9828 13631 13548 9324 10986 1558
1272,9839 9840 7260 9833 7977 9338 4455 8515 1394 6061
1273,9847 9845 7851 8657 6566 9843 573 9846 9844 9072
1274,3602 611 3909 7310 7770 14680 6681 9849 3376 1737
1275,6446 1011 6447 7427 8159 1010 7057 9852 11808 11347
1276,9855 9856 13640 2983 7206 6161 12529 9621 13068 7870
1277,9860 9872 9870 9871 9862 9858 9867 9864 9861 9863
1278,3584 9876 9877 3031 3024 486 7336 3153 3027 193
1279,1145 1136 5667 1146 4596 1721 10988 1709 9968 1708
1280,7279 3303 1736 9561 2416 2336 9878 5948 2697 2720
1281,9880 9879 961 966 938 4589 12946 12945 8239 15052
1282,1399 3287 4989 3868 8249 11679 4988 135 3871 13412
1283,971 3581 6802 9122 9881 7282 319 944 1756 969
1284,9885 3217 462 476 6964 10446 8520 2939 7569 9127
1285,685 790 1646 797 6822 466 4233 464 1701 163
1286,7327 9887 3678 6912 1641 1160 9875 3195 4326 420
1287,2323 9343 8458 2216 1540 6870 2675 1440 11706 3821
1288,9891 9414 9890 6134 4554 12317 8044 9417 12318 744
1289,9895 9892 9894 9893 9220 4576 13879 12945 9198 15107
1290,5070 383 3043 3044 4865 2560 1752 5313 2270 5275
1291,9924 9920 10888 5574 10539 4931 13412 12052 9927 3406
1292,3749 659 9934 314 5940 9933 8599 2597 14872 3009
1293,31 128 323 30 27 6003 4192 7189 14518 2099
1294,6529 5404 9942 700 9007 9945 2063 9944 3620 1848
1295,9952 9951 9949 9950 9948 8382 14267 12793 13835 14126
1296,5255 9911 7371 3160 5574 9927 9310 11936 8972 188
1297,9497 9955 5972 1516 463 8482 8931 9954 8932 1512
1298,6144 5463 6524 6525 3533 5607 9956 6530 9155 12887
1299,1778 1319 6362 1320 4060 1779 9192 6363 1321 6361
1300,9957 3055 11126 15002 11045 15247 1367 10982 45 8050
1301,9960 9959 9814 5329 9958 9023 5327 14947 2800 6286
1302,5317 8255 2014 2624 6431 9961 7472 9962 4574 5320
1303,9963 9965 1554 9964 8145 12685 7663 10427 14119 8678
1304,9968 5667 5129 9967 9969 1151 1709 1772 10988 2885
1305,9970 5608 14905 7643 10502 10505 4024 4726 6848 10504
1306,5319 1387 7808 9971 8002 2923 7518 5318 5320 7809
1307,4800 6093 2268 6091 4795 4793 4798 6092 5263 13448
1308,9972 1164 6629 12980 2770 6627 4175 11932 10446 1163
1309,3919 8955 6248 9986 9987 9979 8678 4380 9881 6565
1310,1088 7118 9993 5824 5607 14049 3627 7114 7111 8993
1311,611 15020 9924 3213 7764 8504 13412 4931 12005 11938
1312,4631 9999 9996 7205 59 9998 9316 1265 6982 2902
1313,5237 3644 10000 5236 9232 1893 9395 1585 8515 6945
1314,10003 1861 10002 10001 6772 5898 282 5689 5640 4134
1315,10004 3756 5214 9094 6200 4981 10006 5386 4986 4988
1316,10009 10008 10010 1713 2391 5505 10007 11335 10720 12047
1317,244 10012 248 1421 7831 6157 350 1505 1519 495
1318,10017 10015 10888 2026 10539 2504 8501 9617 12005 9164
1319,778 10024 5733 4242 3098 5294 4183 888 1811 8936
1320,10026 541 10025 206 2711 2986 74 2696 2700 489
1321,10031 7963 6839 10030 7809 10032 10033 4225 4802 6838
1322,10035 5620 5380 8025 1889 8468 2603 10117 11504 9557
1323,10038 10039 10037 10036 6441 11314 1637 10923 10930 10929
1324,5193 8808 2816 13351 1532 3464 14336 8809 1166 13635
1325,2655 3853 10044 4023 10042 10043 1263 11525 2651 759
1326,3963 2763 8622 2457 10045 7496 3732 873 4365 7382
1327,10047 10046 10052 10048 10051 10049 2288 563 10050 5174
1328,10057 10058 4834 3651 9896 10056 7687 11981 6412 3169
1329,4772 10061 10060 14382 9276 10391 7299 4776 12341 4911
1330,10063 10062 4837 248 7209 419 7241 11041 7746 13144
1331,6684 1491 3023 3627 298 7385 10065 6686 2319 2581
1332,2754 1202 4818 10066 2758 1192 9562 4256 4213 1550
1333,8645 10073 10071 10074 10072 4035 3442 10070 8541 9437
1334,3551 10077 10076 7282 14676 14590 11609 13353 11955 7386
1335,10084 7227 10083 10081 10080 10082 14145 2662 8812 7228
1336,672 671 10089 10090 10091 670 7094 1136 10088 5686
1337,3210 7043 10092 3704 580 10572 794 795 4184 3017
1338,264 1556 4023 1263 262 261 1555 1558 657 4027
1339,9427 5163 5089 881 1850 9428 5170 14055 10650 7701
1340,7627 8514 10093 923 342 13906 13395 6709 6721 6723
1341,10094 2657 1250 7347 8224 14512 5264 2655 2656 10580
1342,10095 14582 6280 13682 14458 13737 9407 15166 10934 9410
1343,8808 4056 2663 13635 14328 4058 13817 4059 13812 4057
1344,6364 10096 10098 7098 6706 7099 10097 7059 10099 10355
1345,5192 10101 12534 5193 8805 4329 8811 4038 5189 14877
1346,4365 7402 199 345 7955 12981 15125 5201 421 1336
1347,4803 10110 2013 10103 5126 10111 861 6752 10108 10109
1348,7083 8220 341 10114 10113 3811 5960 6516 10112 7482
1349,101 873 14264 3244 14547 7121 2763 14690 15270 15013
1350,10118 10116 7651 10121 10117 10119 10106 7745 10120 4072
1351,10123 4966 7302 4634 2560 4865 12037 5818 949 13285
1352,10126 10125 5904 632 5917 2324 6086 13487 633 14378
1353,10130 10131 8713 5570 7685 10129 5206 10128 5681 6415
1354,10135 9681 10137 9669 6969 10136 2339 7799 4986 2494
1355,10144 10143 865 3195 8662 8047 5134 10142 1451 3911
1356,10154 8842 10147 7704 7410 10152 2426 9971 4560 8229
1357,1489 10158 10159 1488 1481 1483 1490 1485 1493 12428
1358,10165 510 5520 10166 462 838 10162 512 1449 2161
1359,1621 6177 1618 1617 2358 1622 443 4355 234 235
1360,6362 1319 6363 4060 1320 1778 1321 4415 1779 6361
1361,10177 8574 10172 3401 2687 9094 5186 10170 7373 648
1362,8024 5161 10181 14715 8041 9557 7259 8035 8026 10636
1363,10182 1832 8447 6960 5054 1972 894 795 11082 4592
1364,7946 2256 10183 765 13479 4574 14542 1746 14953 7711
1365,10034 10185 5354 575 10184 5907 7641 12234 8231 10189
1366,10187 7200 10186 7199 8725 13195 14836 6669 14040 13766
1367,2813 8430 10190 10189 1857 10188 2812 13378 6528 11342
1368,9665 10191 1721 7222 6542 7093 1153 1915 10192 2622
1369,10197 10195 1365 10194 10196 12217 4361 12214 12216 1794
1370,10199 2883 6707 5447 7427 7785 7554 8159 10198 2890
1371,10203 9978 6340 10202 10200 10201 3605 9476 14487 3441
1372,10205 6510 11849 7606 7605 10693 13654 13278 13279 264
1373,10207 4330 10206 2820 12426 14879 2815 1165 4515 2741
1374,9510 7162 3420 9356 6827 10213 9815 10212 10211 104
1375,10219 10216 10218 10217 5195 14354 1028 12679 12681 9138
1376,10221 8217 7627 5583 2265 3446 13086 3910 9257 11732
1377,10182 10223 1537 10222 1004 14368 7735 4088 12760 15052
1378,10225 6354 2594 10518 13359 13394 7576 10188 13393 11228
1379,3303 9363 2697 10228 3358 2720 10227 7279 5362 1056
1380,10229 2989 2988 8814 14723 8813 13942 8815 7712 5199
1381,10233 3725 2607 10237 10235 7960 10236 6400 10231 6563
1382,10240 8518 7939 11132 6152 11342 6382 12033 216 13109
1383,4925 323 4769 8974 1071 2408 3419 466 3033 169
1384,230 3862 10169 5634 15192 9826 231 10243 10242 229
1385,8959 5047 5049 9040 1033 787 7088 4789 7488 2686
1386,10244 5819 7527 10184 2420 1809 4012 2991 2590 12910
1387,10245 665 1160 10247 3369 2350 7190 5280 667 7196
1388,1721 2882 4407 1729 10246 1136 1146 12757 1776 2621
1389,10247 665 5280 10245 12414 12416 12412 3523 12408 12411
1390,7701 5926 9427 3417 445 7761 10248 1535 3168 3910
1391,10250 10251 10252 14606 14172 13368 10427 6241 9291 14971
1392,9826 230 2982 1269 3859 10255 3862 4696 10867 231
1393,7767 10260 2247 411 4094 10259 14878 2274 13727 10258
1394,10264 6358 9367 198 998 38 1487 8455 1483 9028
1395,2990 1611 10237 5491 4147 4146 4970 3718 190 10212
1396,107 1809 6585 10266 8045 7821 4012 8074 11730 11729
1397,1737 7453 3539 6336 2641 10267 5764 9546 3544 5766
1398,10271 10272 7506 563 4610 10269 2000 1404 10270 10273
1399,4635 10275 9719 122 3377 5825 10274 4993 6791 8180
1400,5140 3974 6086 2929 2955 1747 13410 7343 12584 8505
1401,10279 8977 10280 9366 7783 10278 715 10277 7234 10640
1402,10282 10284 7460 5731 5167 600 1439 5613 4945 4493
1403,10285 11517 11502 11522 4334 12530 12902 13544 14640 11512
1404,209 439 3989 1836 3478 10142 6985 5592 7799 14121
1405,10286 8934 9823 10287 15140 15137 15138 2626 15136 15116
1406,3811 1673 755 2114 1101 10284 9604 8002 10881 5157
1407,7336 8415 10289 2074 12509 2080 6935 10249 13037 14276
1408,6576 8601 2105 11429 14617 1993 4924 9491 1572 4423
1409,7346 2417 9283 5143 9281 2559 2425 49 2503 10551
1410,1880 8480 5750 10292 10291 10965 11739 12130 3403 10290
1411,6617 8719 6142 10294 3510 9127 12105 10446 453 14928
1412,769 3309 3120 9702 4468 4194 9127 2976 10295 4175
1413,9169 6689 635 8433 9706 10307 10306 3701 7429 5489
1414,9466 9039 1073 14692 3095 7140 9932 4411 3691 3343
1415,8959 787 7488 3366 8345 4808 3190 4789 5618 5493
1416,865 1201 4868 714 559 14984 864 10143 3574 10144
1417,10313 10319 10315 10318 2215 695 10320 697 10317 5903
1418,2437 5605 4750 10323 4747 5602 901 6059 5604 6060
1419,10325 10324 10326 10945 13568 10941 6486 10937 4673 10940
1420,10328 10327 10329 1833 1685 2691 820 10240 2024 1568
1421,1447 3105 764 2684 2035 488 2798 2182 169 773
1422,10332 1108 10330 102 7671 10331 6515 10613 7292 4497
1423,10338 10333 10335 10337 7671 2170 3994 872 9683 6073
1424,2139 1993 2307 793 5542 514 3104 4085 169 6178
1425,10341 9915 7263 9924 10342 10547 3461 1018 7758 5568
1426,3411 3387 3412 5886 5884 3814 3388 5885 5402 8884
1427,10345 10344 10346 717 2042 2603 10343 10732 14641 7440
1428,466 478 476 5561 686 774 3811 3217 10888 8759
1429,10353 10351 641 10349 10354 10350 10352 6537 12748 14181
1430,9192 7427 1779 6364 4060 1320 7554 6363 1778 2375
1431,5176 10360 509 10358 10359 6322 8711 10356 1213 8747
1432,1377 873 4385 149 169 760 3916 258 10616 5028
1433,122 6932 10364 1762 4069 10363 8180 2627 4113 4635
1434,1357 9236 6360 10368 10366 4141 2378 2369 6320 1011
1435,10378 10376 10377 10380 10374 10381 7764 743 2358 10379
1436,8704 5011 6052 10387 8767 7918 10385 5507 10386 457
1437,588 6517 1974 2301 7737 2233 6675 3762 9259 3026
1438,10060 10391 4911 4772 466 2040 7266 7993 6905 9344
1439,10395 7368 10394 10392 10399 10404 10393 10398 10405 10401
1440,4057 10407 8215 3565 8216 4058 8275 8393 2663 13817
1441,10409 10408 3998 9502 3996 4721 505 4265 2715 7292
1442,10411 2823 10410 13187 13260 13926 14331 13575 405 13203
1443,796 5202 1732 7972 8948 4212 3100 7503 14391 3175
1444,10413 10412 10875 13428 13258 8251 6710 14112 1225 12865
1445,10423 9167 3201 10420 3117 5062 7508 1768 8556 847
1446,10426 10425 8900 10427 7076 6504 1714 4699 7895 6544
1447,9797 10428 9798 10429 9100 15133 13620 9021 7441 3412
1448,3857 2308 4789 14400 5750 9094 12666 11832 9340 7798
1449,1055 10430 8346 1058 488 7769 11256 769 1063 1015
1450,7556 10431 12648 9101 9100 11426 10456 8088 12226 13945
1451,1071 794 169 423 8287 2935 9992 6411 1986 1452
1452,1329 2294 10239 10438 10439 729 4860 8836 691 765
1453,7429 10306 3916 8433 10297 9169 10302 83 8432 9370
1454,10441 8335 8112 14645 6484 5384 5385 2439 5383 12576
1455,5299 7730 14054 13851 14053 11258 2519 14052 12097 6898
1456,10444 10443 10442 7888 2850 6094 1127 5199 13368 15039
1457,10447 10448 10446 12954 12957 12956 12869 12952 12959 12953
1458,1574 9314 9068 10452 6372 10451 2448 182 7310 3222
1459,7401 4276 7253 8141 14353 9018 7542 11875 10703 4948
1460,133 127 1836 292 13285 6676 4182 4127 5053 5051
1461,10455 10457 5282 2438 3482 3009 10456 5327 5332 3481
1462,7149 5911 5910 1347 1601 10446 11706 7347 2976 5974
1463,1385 249 2699 453 8856 6696 5186 8520 1690 2157
1464,1112 1207 3932 2474 4906 5504 2691 3751 5458 2076
1465,469 2689 339 1218 1440 838 493 476 794 787
1466,8755 10458 6760 2025 5546 12052 10539 130 11916 3574
1467,466 10460 476 6314 1588 8670 945 2920 2007 975
1468,2913 2221 4348 3298 12168 8955 7291 9888 5850 164
1469,6553 6363 10461 9194 6364 1320 1321 4139 9625 4060
1470,1101 3811 5502 3300 1192 2063 5359 5505 226 3551
1471,10462 735 3016 464 450 812 1217 811 7238 5482
1472,10465 10466 10467 9290 6670 10464 10463 7410 4446 3119
1473,3014 796 3100 10470 1455 10471 5551 10472 1981 3934
1474,6360 1317 1357 9851 2369 2371 2014 3083 2881 1011
1475,7734 10475 7156 8501 8502 10479 10477 9917 10013 742
1476,3069 10481 5151 15140 15139 2626 15143 13594 15137 8708
1477,3055 10482 10398 2519 8245 3407 11126 11045 7134 13912
1478,10485 2099 651 8289 7414 3342 10484 4485 4923 10439
1479,3008 3007 3012 961 3011 3010 3009 3006 3005 3664
1480,10181 5488 5489 9706 6691 7247 10487 5490 4789 6689
1481,9288 9782 10489 8354 10490 10488 1362 9287 13841 8355
1482,10491 14284 14507 13312 13596 5213 570 13480 8774 619
1483,10495 1102 10496 10498 4011 1306 8554 8309 9986 4077
1484,10502 5251 6848 10501 4726 10505 2362 9931 4024 10504
1485,2734 6166 8837 10507 4774 10508 2733 4291 9876 1602
1486,5427 4181 3819 874 3529 875 3453 1020 6376 5425
1487,10512 10511 2810 3148 475 324 2118 10510 1990 10515
1488,10521 10520 10519 7238 10518 1016 10294 7708 2565 5881
1489,1660 8798 10522 2428 2952 328 15096 2080 2032 724
1490,1532 10525 10523 10524 11112 8835 8904 2741 12745 13188
1491,4975 7369 10236 3819 1014 222 3820 3544 3546 4976
1492,10527 6040 8717 247 5724 3104 3799 1187 476 494
1493,6816 10530 10529 3548 14856 12700 12699 12703 12701 12705
1494,1219 4223 1235 6651 4769 7500 8447 795 467 10453
1495,1206 2307 2211 3253 2938 6651 3678 7973 4027 11706
1496,10534 10533 11082 1835 14923 4301 13606 9643 4430 9753
1497,10536 7994 7431 10537 2206 7297 2479 7006 9134 9215
1498,10542 1869 4901 4815 88 1162 3237 4897 4891 4905
1499,10327 5362 3624 2799 8197 10238 4831 8303 10430 7189
1500,8982 6805 10627 10355 7554 10994 11347 8542 12656 4603
1501,9911 10342 9927 5568 1493 6913 10341 10549 1806 9924
1502,10552 9221 10237 2332 10235 11366 4497 6400 2990 5938
1503,7178 5011 2021 10553 5815 7179 7180 6052 8767 7918
1504,10555 1828 4596 10554 12378 5686 7215 4743 12376 2617
1505,6362 6361 1320 6363 1778 4060 1319 1321 1779 2375
1506,1467 10150 10557 5343 13221 9517 7517 7521 13756 13272
1507,3028 3946 1738 9439 10559 6036 5784 11930 10227 9060
1508,2635 10560 228 5364 10561 2634 4490 13214 5374 4260
1509,1443 8768 4329 10563 4398 11108 10562 1847 1405 12534
1510,685 1701 10565 2029 48 10564 6434 618 3178 13919
1511,8704 9249 10567 9075 3555 6596 3712 4235 4821 598
1512,10569 10570 7077 10568 5871 14747 14750 12735 12807 14746
1513,4005 6032 10572 3601 1480 10571 3911 759 1382 12327
1514,10577 10575 4608 5848 10576 10574 10367 4139 10578 6737
1515,1520 9296 9177 5142 10579 4179 489 3406 8451 3678
1516,8005 10580 10581 4518 6771 8006 10583 5264 6770 2657
1517,466 6682 8719 12105 208 10446 462 413 1641 1820
1518,4513 9392 11359 9393 11358 10469 5244 4971 12948 11357
1519,9425 5756 4256 1693 3205 794 10588 817 10446 775
1520,10589 7070 8598 10590 7066 7100 8311 10996 982 7075
1521,1585 6649 3248 5986 7233 2911 7411 5887 3837 7043
1522,745 10591 3742 9943 14913 8565 1252 5958 1452 5957
1523,10593 4795 5916 10335 4381 2284 14039 4798 11540 11542
1524,5549 10594 4930 4479 149 1192 466 618 10477 169
1525,618 10595 7716 612 287 12785 611 4845 9924 2539
1526,5095 10597 10600 10598 298 10348 5087 5993 9622 3682
1527,2290 9051 846 2294 2291 8418 2067 2289 12359 98
1528,4194 5568 9389 7491 10602 3276 12021 10908 598 9927
1529,10604 6793 14911 10603 2982 4656 4657 6087 1195 13810
1530,10606 336 8558 4978 4020 4295 223 472 15198 10520
1531,2993 10492 226 10498 2736 2992 625 3342 5894 1056
1532,2988 7416 3358 2989 7415 5145 2697 5790 3549 6433
1533,3445 4532 14492 11810 11961 9769 10516 10596 1697 12276
1534,1302 2219 4286 10607 3472 14684 4345 14413 13905 13904
1535,6591 1689 8546 7274 8925 8931 8932 1755 8927 4927
1536,10609 7352 8264 10610 3838 7350 7351 11567 1840 7349
1537,10612 8480 336 10613 10611 3202 4902 2224 928 1619
1538,4037 5814 10615 163 5631 5994 1987 1623 1317 10616
1539,10624 9445 10446 3988 1188 4926 10621 2368 464 8344
1540,10627 6804 10628 10629 10626 13209 2996 3079 11000 10998
1541,4744 4923 578 10633 1511 6625 10632 2675 46 922
1542,83 6694 3602 10635 7429 10634 6546 5597 10306 5864
1543,4941 10113 7801 10387 7382 10638 9234 10637 4943 7375
1544,10072 7818 1317 7554 2881 10071 10075 8645 10199 1135
1545,8297 5494 8051 10639 12791 10745 12790 12789 7132 6146
1546,10640 8977 7234 335 9373 9375 2600 14857 11975 10279
1547,6364 1320 1321 2375 6363 6362 4060 1778 2869 2372
1548,738 7456 5591 4485 7314 6215 4325 6213 8753 2025
1549,10642 9088 15159 10336 1023 7863 10613 11466 4406 13754
1550,10643 15222 6448 9898 12762 6950 11329 7855 3738 13840
1551,10644 10514 9521 5969 2287 10513 10515 1174 5862 11983
1552,10646 14608 7452 11542 1549 3040 13257 12840 9190 2196
1553,10647 4876 1198 779 8945 2411 3837 5576 6295 4870
1554,9878 2245 10650 8802 10651 6814 2527 7733 2340 2497
1555,8461 3944 9339 10662 10291 591 10663 5743 9281 10665
1556,10669 9560 3772 10289 10670 9166 6792 2074 5937 6313
1557,9000 6916 9161 3309 10674 8246 2551 10675 10673 10888
1558,10680 2304 10679 964 203 15070 12487 6870 12509 10249
1559,10688 10690 10687 10685 10683 10684 10686 10689 10682 10681
1560,1826 4414 6735 4416 3843 14105 2869 2876 10815 6364
1561,10692 10693 10205 4236 9961 12809 4336 12626 4239 7203
1562,10085 10695 10694 14770 13114 13924 8275 15089 14398 4718
1563,2127 1041 1658 2911 103 6008 3785 1109 6690 9801
1564,1776 9968 2893 1011 9969 12378 5686 4407 1721 11891
1565,1345 11821 1346 4357 7334 992 10567 12167 6689 2360
1566,10717 6135 7145 970 10718 9267 4879 3041 3613 456
1567,4493 9569 450 1377 5893 760 191 1831 3916 3104
1568,2221 1076 9715 3104 6905 1051 508 1016 2676 3296
1569,10720 10010 5776 11331 11335 10009 10008 5616 11338 7672
1570,10722 10721 9073 10725 7868 10723 4051 782 2134 3131
1571,10199 10627 1826 7218 4414 5447 4139 8982 8542 11347
1572,10727 10729 887 825 350 2251 794 514 3941 3103
1573,10731 1331 10730 14154 11410 5570 13850 13008 6129 4836
1574,10734 8809 12884 10733 8806 14877 13082 10041 12501 6571
1575,4716 120 2558 2482 8271 2484 2494 650 1161 10736
1576,1188 7353 1069 1412 10621 5500 7815 1442 10624 5186
1577,5344 8811 10741 12534 6001 8805 6000 13635 14577 6350
1578,1646 10601 464 3217 10446 6255 14928 10743 11761 3104
1579,10745 10215 6146 10120 9104 6490 8051 10744 14320 8297
1580,9538 7076 5835 5388 8492 3371 3827 7072 2482 3415
1581,10755 8082 10032 8498 3795 8084 8083 3009 6587 2746
1582,10757 9796 1227 2981 5334 7167 6477 8967 2649 2644
1583,9580 6433 4874 3385 5342 5859 5501 4779 7133 5343
1584,2024 7831 10762 12004 10301 2322 8469 4204 3097 12549
1585,10765 10766 10764 10763 2925 12083 11303 10042 6849 11304
1586,10771 10776 10768 10770 10769 10773 10767 10314 4524 10777
1587,7489 5180 9789 10779 3864 6329 14032 10447 3749 607
1588,5779 3328 388 3348 5780 5398 5781 4453 3288 5782
1589,10780 3943 4998 3472 13973 7490 6957 543 2675 379
1590,1257 5361 4015 4020 432 14872 1955 14768 15221 4552
1591,8787 10783 10782 7705 5886 4359 9085 6773 9092 1392
1592,10789 3637 5370 1660 8616 324 8598 10787 3153 1282
1593,8294 4827 3761 12267 1280 1103 8291 1737 1484 3748
1594,10793 10792 10791 10794 10795 10796 14378 2174 2680 12796
1595,10797 5624 3190 9990 243 9490 5625 8937 6708 7440
1596,10800 10801 10799 3931 11901 191 4154 2226 960 8320
1597,10803 10805 10802 10804 9229 9232 10320 13213 9231 10450
1598,10807 5129 1723 11025 2881 12936 1721 2885 1155 9968
1599,1665 6780 7651 6165 9809 13366 9810 9803 10810 6781
1600,3085 4603 4139 2877 5875 8159 2891 5861 5447 9626
1601,10811 10816 1710 10812 7092 10817 9663 2370 10814 1354
1602,3055 7124 13912 10820 11126 7119 91 11045 2191 14555
1603,6919 796 1219 1649 3016 4220 4862 1203 1071 10823
1604,10827 10828 10830 10825 10829 10826 7476 6243 5952 7808
1605,7144 4267 4310 9007 12577 1866 2460 5123 12809 1989
1606,6202 10833 8221 10834 10836 9511 10835 4857 14687 14835
1607,1978 611 7299 743 8083 6372 46 8616 10061 7764
1608,6587 489 4973 3419 10579 4949 4291 8791 8083 7454
1609,10842 2432 2433 2434 2429 2431 2430 2435 2410 2426
1610,26 2117 7992 4467 3910 7137 11082 4255 3049 3048
1611,4605 8164 4413 4133 7064 10843 1778 1721 10994 11808
1612,10845 10844 12677 12676 13001 12645 8085 9652 12999 13666
1613,10848 10846 10847 7085 7580 4027 6012 10296 3104 5573
1614,10849 10853 10851 10852 10850 13061 260 5391 6464 12478
1615,2374 10854 2891 10856 10857 10843 2370 3085 7062 4039
1616,2868 10862 10861 7987 1301 5294 10863 7614 10864 8854
1617,10868 10869 1864 1177 5914 2045 7172 10867 5597 1896
1618,488 1447 6576 1572 9491 10871 8303 611 11576 484
1619,10874 10873 10872 14516 10976 14412 7759 3834 12616 9576
1620,10876 10878 10879 715 10078 10790 228 2520 8811 10877
1621,10881 3811 9179 9392 10029 4513 8966 5157 11359 10744
1622,1206 10883 7245 4205 7243 10884 3738 10882 1217 3920
1623,2360 5589 3619 10567 6689 3699 992 4821 2581 3210
1624,10888 10887 10503 9928 2523 10544 9900 6896 6889 9921
1625,1112 1614 1079 5046 8552 3352 2691 4050 1014 6973
1626,6233 2281 10891 6231 1302 6229 6230 213 6236 6232
1627,1329 3881 1300 11294 586 11293 5891 1781 8756 11296
1628,4398 4604 6364 1322 4603 13681 4605 5732 4139 4407
1629,2928 10310 7847 6038 12321 6026 6025 10301 3206 10973
1630,1081 9140 8083 701 3395 43 1280 8457 2713 6587
1631,2262 495 4579 5958 14619 4586 4440 169 488 10022
1632,10897 7244 10896 6104 6897 10895 4837 609 8996 2550
1633,6519 8278 2 7685 7904 5043 10898 5042 6643 3362
1634,287 10347 6005 618 3811 11393 8002 13643 1447 4303
1635,4605 7071 4135 8164 14347 4133 1828 1721 2617 7072
1636,10901 9814 8104 10900 8212 2613 9813 2612 9959 9426
1637,10902 3556 3099 8879 10473 9981 3098 3557 1584 8955
1638,8148 7628 8147 5679 12354 7627 4569 7625 9949 7629
1639,363 10904 10905 8307 3613 14981 8305 12780 9337 6004
1640,4570 4787 10438 569 7855 10907 8987 4798 990 130
1641,3222 6836 625 13517 1450 287 794 1646 176 9314
1642,7920 5053 167 8415 10909 8449 8836 6382 4769 126
1643,3386 10139 8065 10885 3344 11067 9463 4833 6444 4778
1644,5576 3130 3881 575 8855 7681 4335 2582 2457 1329
1645,10912 5784 9407 2659 931 1989 10911 13682 8550 7082
1646,10914 8458 5660 10915 2602 1606 4949 486 618 9131
1647,10918 10917 9374 10916 13527 1134 9373 9760 12998 13399
1648,10919 6216 182 4757 1568 2766 4209 7696 4213 7420
1649,10927 10928 10923 10925 10926 10929 10930 3088 10039 4967
1650,8832 2215 10934 1738 2459 7467 3779 695 697 3677
1651,10951 10937 10947 10945 10939 10944 10942 10935 10938 10948
1652,2142 9901 7374 10549 9924 5574 3021 9927 5234 9911
1653,3973 2328 10632 1518 6650 3676 217 9992 8361 1079
1654,10964 10963 2113 11267 6113 10679 2304 10440 13931 10129
1655,5453 2755 10967 467 5050 2480 7834 10966 4493 4862
1656,10970 10969 1524 13776 14117 13034 12235 135 13639 3490
1657,1387 782 9875 3984 4031 10972 1995 419 661 7244
1658,8685 8684 8683 8681 7652 8679 8686 8687 8682 3858
1659,5170 807 5172 1479 9593 8621 8644 745 6589 477
1660,10977 3834 10976 9342 10975 1884 14516 12101 3827 3835
1661,10983 10982 3050 3699 3507 748 5119 5804 9049 7145
1662,10986 5199 6640 5676 5675 5201 10157 2314 9291 10427
1663,8152 1721 13573 1153 7554 1156 1152 1151 1317 7427
1664,10998 11000 10627 10754 10994 10628 6804 10993 10999 7098
1665,2086 11003 11004 11039 2093 8585 14744 11042 12602 12187
1666,3635 9978 3636 3628 3625 3626 5623 795 3630 6039
1667,11005 11006 4753 11007 6623 6621 13360 4962 5157 6544
1668,811 478 747 3620 8943 3690 7515 3387 461 12052
1669,2715 11016 505 5060 11011 11010 4265 11015 11012 11013
1670,5569 7123 13729 108 13728 7159 10277 44 13058 111
1671,11020 13117 6936 10251 13941 508 12954 10141 4728 10635
1672,11022 6066 3635 13684 642 12796 9421 12798 12795 3483
1673,11023 1451 1645 8962 3850 252 814 7508 12824 12248
1674,4336 1904 11026 11027 8760 8477 1576 11025 7881 14319
1675,7859 10232 3241 4627 11028 4569 3242 4568 952 705
1676,994 4669 9781 7643 11030 11871 661 1673 7292 2599
1677,11031 11032 11034 4174 11033 5157 1785 7943 5872 9226
1678,7804 5864 5246 8779 10504 10050 4303 9954 4462 7815
1679,11036 8690 922 7248 891 8578 6303 10564 585 3470
1680,10440 460 6437 1407 4015 3685 2314 2214 6926 8171
1681,46 3111 6341 2360 4307 6383 3108 472 3283 3069
1682,7054 5225 2457 5224 15000 5076 2589 805 26 1521
1683,1273 8266 2676 7036 6970 7041 5744 3296 6388 1987
1684,11004 11039 6549 2912 11038 9202 11003 11042 9071 2086
1685,11047 9614 11046 9579 5457 5802 9705 9107 5604 11045
1686,7173 2020 3890 7588 10204 355 7511 5506 3441 1684
1687,11050 5917 632 5904 2305 10125 5477 5910 4517 6086
1688,2614 2820 6326 6386 2465 11052 11051 11053 1532 12426
1689,1721 7221 11055 10863 3077 11056 10956 6537 11057 3782
1690,3055 11126 13626 15247 11045 15002 3057 1367 101 45
1691,1690 287 1796 860 618 9068 1447 6629 169 7246
1692,11059 2154 11058 15255 15215 7134 14670 7135 3019 3051
1693,275 4381 11063 263 12863 261 262 2718 1560 1524
1694,11065 11068 11067 3695 11071 6825 6727 10139 10965 255
1695,9590 4031 3741 6053 6828 803 8762 5056 4347 1031
1696,11073 3311 3526 5046 7828 3310 2356 4269 14215 2449
1697,7803 5899 1327 11076 9696 1267 9838 11075 3086 3090
1698,11079 1638 736 5524 2901 5766 5722 4220 2589 6963
1699,495 488 10884 794 464 494 484 462 5724 5085
1700,5352 10716 14008 13694 12566 6244 5353 12898 12590 15049
1701,4226 5422 3987 11080 7902 5577 4216 466 3314 5549
1702,11082 6178 8224 7992 4645 1832 8434 26 4000 6176
1703,11084 9130 1826 3467 9520 8191 8069 2348 3363 14129
1704,1226 7474 10785 6159 1707 747 1036 6240 3421 11085
1705,4867 991 3348 5828 5836 9946 13363 2480 3359 3298
1706,11089 8779 3198 5798 8818 8225 4187 806 2355 7207
1707,11091 5435 4407 4596 1721 10246 5686 6814 7215 1136
1708,11092 611 10375 6535 941 7538 612 12039 6201 7347
1709,1778 4060 6361 6363 9192 2375 1320 6362 1321 1779
1710,3544 3543 3546 1737 4773 4979 3216 1014 3539 3819
1711,3270 3271 3272 5740 3955 2362 6872 9305 7118 10888
1712,8490 6296 926 2402 7791 6293 5468 4152 6411 7242
1713,11096 1997 11095 10149 3350 11094 11093 13917 1996 2668
1714,6773 10746 10031 6501 13957 13592 5468 6772 2856 943
1715,11103 3106 11104 11106 11100 10858 8156 11107 3107 1722
1716,1532 10179 11112 2820 11109 13344 11108 11110 2741 12426
1717,8287 172 9370 176 1450 8432 7411 595 10307 168
1718,11081 1684 3708 735 9561 736 1981 7505 4471 142
1719,1150 5139 1717 1146 1145 1708 1136 1725 1155 1137
1720,11116 2215 11115 5466 7184 11113 10929 3866 11114 7864
1721,3997 2977 7893 2848 7899 13170 9229 7892 5111 1896
1722,11119 6542 11118 8151 1721 3693 1862 2869 8160 9754
1723,11121 1532 3465 13244 11122 1323 12008 2820 14044 3923
1724,11126 9116 8999 11125 11124 13388 1367 7135 14240 14670
1725,9078 11128 9079 9077 9076 8215 3721 5578 1536 3837
1726,9017 9018 11129 4018 9470 4276 11875 5282 11637 10703
1727,2945 2239 4498 11038 4222 5294 6814 2242 13664 9563
1728,3048 8820 960 4199 1216 1250 6377 9527 10487 2117
1729,2333 3640 10649 3629 4313 4011 2336 8191 10470 3353
1730,11135 6879 6335 1313 11133 11137 3859 11138 5544 11130
1731,11143 2174 11144 2933 11141 11145 10909 2648 9141 4101
1732,6540 7980 5010 11146 14265 4455 6536 1115 14064 6629
1733,5218 4918 6304 2482 3359 2041 10493 4921 1869 11815
1734,1429 9712 2045 8230 620 1071 1425 9714 7217 621
1735,9426 3205 7364 42 2575 11148 5580 8623 5466 3292
1736,5876 3843 1826 4063 6705 1777 2890 4134 4416 5447
1737,796 1646 3678 5315 1439 5853 464 4220 6919 3100
1738,2063 4978 3124 2064 11150 10606 8549 1101 3529 12280
1739,11114 3265 13679 14738 15261 3813 14845 3004 14056 13758
1740,8460 11156 10781 705 4673 3242 238 3246 8292 11155
1741,8700 5747 11157 5746 15090 2 8701 4705 9443 7430
1742,9953 6696 3219 169 453 2935 11161 10446 11706 3202
1743,4648 4645 6794 4058 11166 4057 9012 4661 4647 8638
1744,4372 9882 7278 1458 10311 853 1218 9983 4215 10446
1745,8851 9284 2825 3458 2043 3321 10841 10510 5148 715
1746,11176 6521 4378 7284 9901 55 2055 10551 2198 9164
1747,5098 8229 2285 7704 8842 2432 2645 10146 2287 5251
1748,11178 11180 11179 8081 1469 13870 7478 2976 1682 8048
1749,11181 11182 10114 3492 4635 9719 11183 2399 9121 913
1750,5623 3635 8818 10607 5573 10641 6702 5080 795 3636
1751,7134 7128 3055 7113 1367 11058 15215 45 7119 14866
1752,8999 11185 7121 15069 101 7135 14670 2203 45 7123
1753,7423 7448 2980 6258 9562 5064 3600 6239 6238 9768
1754,4053 11188 2593 8100 11187 11365 14145 6105 14844 7385
1755,10273 4770 4865 11190 5140 10436 8461 1403 2493 7869
1756,1687 11191 8197 4874 4343 4571 1760 7133 5424 4875
1757,3811 9604 10976 9605 2276 6684 5727 2338 10085 2099
1758,11063 2718 4210 3251 1569 1206 275 1207 3987 5548
1759,2248 7877 3374 2779 7422 5072 5073 11196 4366 6030
1760,11206 11209 11208 8903 11207 9111 11210 11205 8758 8812
1761,11212 42 6434 8589 8590 14511 8190 618 6825 1599
1762,4587 10459 6237 1232 6014 1017 1034 10301 1235 6688
1763,1767 457 4243 4241 3581 3474 4502 11216 879 11215
1764,11219 11218 6537 6245 12748 13834 11217 3665 8057 11471
1765,2547 11223 4024 4866 8391 8990 5077 8530 11161 2520
1766,11225 2371 11224 11347 12242 11381 11226 12739 12729 9194
1767,6623 11227 2438 6253 1662 1663 11912 5716 12576 10025
1768,611 11230 1752 3043 3471 10901 7698 11229 2739 15020
1769,11232 11231 13763 1937 14469 13219 1926 7962 11701 11702
1770,9887 5882 11083 4767 2168 7327 2348 12546 7214 2153
1771,2352 7192 4886 4778 11045 3326 3316 11234 3022 8792
1772,7547 794 11236 11237 11238 5270 390 846 5483 6267
1773,2779 8940 6264 2100 3609 2774 3605 3791 4349 4175
1774,11239 7620 6122 6227 705 238 4804 250 8343 4286
1775,1684 1436 1442 7778 463 1520 2408 4298 464 1406
1776,7804 6613 1699 8788 11241 14414 13979 3540 8676 12373
1777,3160 188 7371 2501 9923 9911 9927 11242 5574 3790
1778,11244 6097 6203 1422 5197 6498 11650 7466 357 6499
1779,11246 11247 7722 11210 1524 11245 13586 9558 6795 7739
1780,176 11081 336 3015 1452 3222 1450 2586 6198 9318
1781,2011 11252 11251 2010 14681 15170 6110 15169 15218 11572
1782,1742 11253 12313 2801 7753 1741 12314 8487 3073 8508
1783,7326 11255 1371 3476 4891 185 2475 4887 3237 3234
1784,11256 7824 1058 9079 11171 8275 1055 8213 2095 10459
1785,6982 1596 7527 1337 209 5969 1748 5966 661 8011
1786,3367 11146 10359 964 3602 11258 5079 3531 189 2767
1787,11260 705 2930 3242 4568 5862 11259 6563 3397 5425
1788,11262 4334 2942 5830 66 822 489 2200 4075 826
1789,11264 11265 11034 11263 1266 8325 4068 11031 13826 5782
1790,11269 11268 1572 9491 5051 7736 7440 276 5607 3869
1791,7215 7064 11347 2371 2374 6804 11808 2375 2370 2881
1792,538 4844 4839 6820 14808 536 531 537 12654 529
1793,8808 11271 1752 13635 14328 15088 5193 13351 3043 13343
1794,11272 11273 4360 8697 6182 7545 4229 6260 6071 3015
1795,1731 1728 11274 3781 8153 11700 12047 1713 4533 13223
1796,11277 11276 11275 8062 14814 7598 13631 9608 10422 7593
1797,11279 11280 11281 11278 4040 9620 6790 13945 15087 211
1798,11287 11288 7408 383 11289 11286 7409 914 5368 11284
1799,4777 3528 2697 3358 1030 1737 5501 3293 5790 189
1800,11294 8756 11293 1781 11295 11296 1329 3881 8620 3187
1801,10960 11043 10218 2747 6826 10219 12467 780 7740 6476
1802,7087 7900 3095 4320 5360 5541 442 846 6399 6834
1803,7933 9402 3926 4866 357 6166 2351 2022 2255 4931
1804,4780 472 6564 9693 3335 11302 3729 2141 6560 11301
1805,576 2288 11304 11303 10764 13384 5356 5358 10047 10046
1806,1795 1792 2627 1852 11305 10000 1790 1794 9395 12930
1807,2920 10412 10875 13428 476 466 6710 9445 10460 6314
1808,11314 11311 11312 4379 11309 10038 11313 11308 11310 11307
1809,8971 5045 6338 5864 7496 8937 11317 5050 4249 5055
1810,11319 11318 12756 14286 14952 3081 4415 9191 4063 3846
1811,6410 6568 6681 11320 1213 1426 647 6280 4845 10636
1812,7175 11322 11321 14714 10414 1196 2921 5618 11526 12282
1813,3627 10691 2581 7538 3821 3458 732 10664 9407 3047
1814,467 4468 10454 5542 1423 176 143 1450 7708 6216
1815,4945 11173 4944 5616 11331 5583 11335 11341 7097 10010
1816,4060 4415 8159 6805 4139 1778 11808 1321 6363 2375
1817,11353 11355 11354 4871 1878 5717 1415 10565 710 14893
1818,11359 9392 11358 11357 4971 9239 908 9393 12948 6170
1819,4260 3100 658 462 11361 416 4027 8287 6035 464
1820,11363 4051 1128 11362 245 3721 3985 9250 5556 14025
1821,806 8578 385 1410 780 6762 4845 7734 9311 14928
1822,11366 11367 11368 8663 12993 14165 6719 4892 4660 4663
1823,2741 2614 1475 2742 13672 1532 12425 1165 14327 11524
1824,11372 760 5080 4782 9259 4226 8469 3700 4227 186
1825,11378 8793 11375 8501 174 7769 11373 3272 11377 6603
1826,10627 11382 11000 10952 11381 10999 14218 10998 10994 10997
1827,4385 5477 10700 773 6191 149 1186 169 624 6365
1828,1452 8941 2688 8619 7972 694 3550 3604 3122 7347
1829,1315 1157 2881 5536 7218 2889 6321 5448 1155 12737
1830,11384 7718 510 3945 462 479 4869 9094 4093 3249
1831,5537 11386 4619 4615 4618 4622 11387 4621 4623 4624
1832,10510 2697 5766 10424 3361 3016 4374 10474 5764 4324
1833,9825 11388 11389 13849 9150 14450 6558 1593 12988 2420
1834,11390 11391 4302 3503 10263 1044 14471 2549 14714 7295
1835,11393 2739 6897 11392 6005 7244 6868 12667 4350 10897
1836,712 11395 11396 5984 3747 577 62 4175 2976 5063
1837,692 11402 11403 11404 11405 11401 14512 11400 14136 11399
1838,11407 11409 11408 637 6483 2397 8605 7748 11361 2556
1839,11089 4939 4765 6237 4941 4944 4943 8818 14511 1445
1840,6069 11414 11412 11413 10024 11411 7640 11417 11416 4709
1841,1596 5602 6620 14048 5966 6621 10224 12880 5965 12889
1842,4968 8423 8117 14202 12009 12011 12010 14069 14425 6854
1843,3846 1866 4328 10843 14105 1354 3844 1003 10815 2876
1844,6826 3943 445 1409 578 11076 9567 6730 974 439
1845,1535 11418 2820 12426 1166 11112 1532 2742 13188 13244
1846,7910 8687 4982 8347 1083 10656 10181 5864 12492 7527
1847,11420 4724 10072 4035 10073 10071 4305 4722 4723 8645
1848,11076 9838 1840 3887 7528 663 11421 6298 6182 6544
1849,9956 7005 3030 1815 3217 3940 7826 2897 3811 3620
1850,11423 11422 9768 9127 1390 2976 4175 4798 5974 4213
1851,9711 1279 9171 7362 6673 9563 836 8257 6375 450
1852,11427 11268 11428 6 11426 5332 11199 1950 10456 11
1853,5401 1022 2587 10781 4944 3623 4938 4550 4939 4941
1854,11431 11430 11433 11432 5599 935 14450 7450 9766 7449
1855,11435 11439 11437 1721 11438 5440 11436 9664 10936 4407
1856,11443 7135 11442 11441 2490 6254 11440 4437 2503 7006
1857,11445 11446 269 9404 5339 9165 13415 5712 14498 10446
1858,1953 6296 11447 1387 8490 13367 1955 9649 1954 6818
1859,11451 11452 11450 11457 11448 11449 11454 11456 11455 2634
1860,618 11462 5552 1206 1803 1782 10340 11459 2323 287
1861,8542 10998 4461 10994 11000 10627 10999 6805 4743 10628
1862,7052 611 11241 10509 153 10371 10372 10370 10290 3556
1863,7339 780 11465 6039 5460 8415 2460 6237 476 1603
1864,11467 1621 1620 2992 3638 8950 7862 3575 6911 7910
1865,4012 4013 11468 6597 4808 11469 3970 6535 1809 4696
1866,2741 2314 7296 11470 9465 4591 13455 2637 8603 2508
1867,6167 11471 9805 1015 3665 6165 6168 6537 12566 4664
1868,715 8748 2201 14504 228 9086 42 8201 10446 14939
1869,10208 6352 1323 2820 13344 12426 2614 3465 1532 11112
1870,8525 2155 2358 1443 15169 13050 15218 8501 14214 15219
1871,11473 13699 8853 113 10662 10820 7248 10499 8716 9667
1872,11474 5164 1096 1073 5491 2347 3730 5161 8170 5588
1873,5197 6498 6097 6499 11244 1896 13709 1893 1898 5486
1874,6987 8689 8045 3453 226 3291 4179 7369 6985 4504
1875,10323 1222 4358 3794 1837 7936 1938 6547 3948 4851
1876,4135 2370 2374 4605 5672 4139 2869 4403 11805 2371
1877,1898 7169 11475 7171 5246 6096 3747 6612 8291 6477
1878,6698 11477 3267 9877 10190 11476 3231 3526 2077 6528
1879,605 385 2130 11479 3409 10292 4720 11484 10888 12005
1880,212 11137 14416 14440 6335 1313 3859 6879 4359 5774
1881,1419 5461 3378 8673 1399 8259 1425 1622 3770 664
1882,11491 11488 10449 11489 11078 11487 11492 11490 11245 135
1883,10932 11493 13672 9894 5998 707 10529 6094 12984 5650
1884,11514 11505 11509 11519 11520 11517 11499 11507 11501 10196
1885,1826 4416 4414 3843 2876 14105 10627 6364 11624 10815
1886,6380 3372 2764 1648 1452 8768 6575 8451 464 4505
1887,2820 11524 2742 12426 1166 1535 1165 1475 12511 4516
1888,11525 3853 9234 11526 2655 10044 10122 8144 4964 12523
1889,11527 3752 11531 4332 11532 3222 1052 10582 2769 2892
1890,11534 7694 9939 2821 6113 13656 9346 13318 11854 12111
1891,11535 3888 14704 12335 5019 12060 13356 8760 13730 11150
1892,11536 3085 2869 4607 3082 4617 1314 1826 1318 8477
1893,11540 11542 11538 11539 11541 10593 14039 3958 7648 13597
1894,1160 11544 11545 2480 9358 11543 2793 13486 646 11380
1895,11546 3995 5891 11547 11548 1940 6631 4710 6630 6626
1896,9042 10174 3964 2129 794 6155 5085 10835 12016 2130
1897,11549 15067 36 1367 13013 3178 9134 5787 13173 13174
1898,11550 3622 3183 14710 8201 14636 216 11949 6577 8287
1899,11552 11553 7674 8322 11650 7406 10506 8821 13840 6097
1900,1624 11557 11559 7022 11558 8710 152 3965 10596 5132
1901,11564 8143 1665 11593 9809 6349 14970 9810 6171 1110
1902,2449 11073 3441 4911 7828 4347 9293 7488 1083 10299
1903,11568 6615 6189 11567 1664 6624 4073 6622 6623 7743
1904,9519 715 1850 2491 11569 2750 5789 13312 3142 11048
1905,11572 11573 11570 11251 11571 11252 2011 15218 15170 2010
1906,424 7495 4961 11574 14983 14874 14893 14982 11936 3364
1907,6381 8352 1787 11576 4031 1908 6768 12709 11243 5542
1908,11577 7342 14673 13488 9172 14672 14671 13956 5708 12263
1909,10236 222 3820 4975 4997 3725 10237 10235 3819 226
1910,1938 1746 4358 13888 9652 1222 2908 10323 12965 1837
1911,3083 4413 7784 13683 4687 1721 11347 7093 2890 6553
1912,873 2763 149 686 169 5549 656 182 6380 2684
1913,11581 11582 11580 11585 11583 8976 11579 4588 3720 5680
1914,3491 9138 7653 9136 13776 10219 9137 3489 3490 13778
1915,3359 3727 11588 3576 4640 3329 6199 5996 2216 2484
1916,3745 2054 11589 8678 2056 8076 224 3440 9984 4380
1917,8843 7522 726 409 11590 11591 9053 8842 12136 8218
1918,236 323 9817 971 3802 6593 944 3047 494 3736
1919,1883 9026 6099 2009 6101 6100 14783 1303 14454 9015
1920,4553 11151 730 3717 7448 584 7691 4722 7286 7681
1921,11593 11564 6171 6349 1110 13206 1111 13704 3424 753
1922,5777 1984 4483 3247 4196 10309 11595 4501 1568 8653
1923,11596 4838 11597 12473 12474 12471 2315 12472 5570 12344
1924,4913 4889 8350 4884 186 144 4901 4891 3237 5217
1925,2869 11598 4607 1826 6447 13209 2881 1318 10991 2374
1926,11601 11600 7998 5984 11602 7518 11603 1877 3851 7612
1927,10902 8614 204 11606 2839 11589 8613 3440 209 6982
1928,11608 1436 3949 4555 8563 6386 1216 11609 6834 2224
1929,3489 11611 11610 2839 13107 3491 9137 12684 7985 7721
1930,11613 11612 11614 7702 7701 12147 9407 9418 12122 14262
1931,11615 11616 11618 11617 11621 7883 11619 9699 7976 5880
1932,11623 10618 177 3879 2160 9474 9478 9518 3695 5141
1933,5129 6555 7079 6556 11624 11625 4139 9627 8159 4603
1934,11627 8622 8872 2503 5307 7923 3262 28 9283 5989
1935,11628 11629 13921 270 12565 10928 8124 1699 10891 1844
1936,11631 9660 11630 4451 11687 2800 11305 14228 7880 11688
1937,6685 5353 8112 6520 8968 10870 13882 6541 13892 6785
1938,11633 11636 11635 11634 12400 11263 12537 14046 62 5795
1939,1894 1895 8515 6345 9293 11637 1979 5864 5054 1893
1940,11638 11640 1721 1155 1151 1153 1723 7218 1137 11639
1941,11642 1840 4700 2914 6493 9226 6494 11967 6487 7328
1942,900 779 6638 1728 8677 9807 7934 6251 3873 13394
1943,1498 8577 880 11038 9286 4939 7310 9003 12971 1500
1944,10020 2522 2553 10888 5574 9709 3176 10539 6916 12052
1945,11647 7402 8142 12981 7096 14856 7774 6049 4365 1810
1946,618 1099 10178 1420 9923 10551 742 2027 9920 3460
1947,11650 1227 11648 1111 6185 11649 221 8650 7934 11274
1948,1306 1102 5411 8494 11654 11651 3800 3444 11653 3006
1949,11655 8232 4559 7104 7224 4531 3307 9591 5435 254
1950,8967 5711 7165 7166 7167 6477 7879 12930 9652 6511
1951,1320 6362 6363 1321 4060 9192 1778 1779 11624 1319
1952,11591 7523 11657 9611 7871 9883 11656 2431 7522 12138
1953,11659 150 4887 11658 4987 5828 4916 764 4208 3298
1954,6158 11660 614 11661 7884 7885 3055 604 11030 2563
1955,11664 5464 11663 11662 8707 8176 13098 13091 13088 4723
1956,11666 11668 11667 5107 5256 5976 7059 5119 3414 8164
1957,4865 9221 4497 10273 4770 2707 5313 13890 1392 2493
1958,11670 6980 7621 8047 9181 3990 10711 9741 8433 11935
1959,11671 4255 8660 3821 12668 278 7914 2781 14295 4236
1960,11679 8249 3287 11682 11677 11678 11674 2561 3871 11565
1961,4085 1993 585 4766 10660 3746 3640 1964 5552 2132
1962,11687 11305 9660 7880 11686 11688 2800 9395 6538 6785
1963,8843 11690 5270 11689 9336 3832 3439 5791 751 8340
1964,6364 11691 2881 1826 4416 11625 12644 1320 14363 12730
1965,8887 11692 11693 8886 8910 10184 7529 8913 14091 8909
1966,11696 11695 11697 11698 11694 11195 9502 1598 5000 6464
1967,466 790 464 1646 2711 775 3217 4991 6964 462
1968,11701 11232 1926 11702 7962 11700 1924 3781 9275 1923
1969,8254 8255 11703 8476 4778 8253 5317 2378 5568 6431
1970,11706 3127 1546 11705 7483 6244 6580 4472 5323 5733
1971,4238 1393 3185 2935 6851 4251 2779 6645 5720 4216
1972,7166 7165 11710 11709 6435 4750 7105 2732 11708 9589
1973,7405 11711 7174 9976 5898 304 10167 952 7250 7692
1974,4143 11713 5458 4144 3390 1077 6970 1112 3740 6681
1975,169 712 5984 8473 7846 8952 5983 4854 149 4175
1976,11715 11716 11714 13945 4654 13944 13721 5836 8088 1635
1977,7283 5959 10539 8208 2516 11719 2515 9917 6916 10888
1978,1660 11720 5621 9253 5022 10573 12773 328 2225 2952
1979,281 1090 6899 8972 6889 8714 3645 4032 8719 7758
1980,9277 7527 2346 10166 9278 7143 5140 4012 5087 12105
1981,11723 7058 8443 10099 11531 10075 11722 12637 11808 5450
1982,7249 8341 10056 8333 14800 13854 11231 8728 11033 7228
1983,11725 15145 2853 14545 15139 2626 11451 13506 12284 11452
1984,11726 2973 9278 3930 8437 912 12223 1414 2977 371
1985,3705 5083 11727 6029 3699 4227 8188 4762 3250 6034
1986,11730 11728 11729 7478 1809 7529 13643 7525 3182 15046
1987,1067 1014 5343 6336 1041 1051 222 3453 1075 2590
1988,3369 8604 5206 11238 11733 11732 11731 6780 14422 2054
1989,11734 5386 3931 4876 3318 3359 5220 10972 11455 1433
1990,8699 2239 11736 695 689 6021 736 11735 8171 698
1991,1778 5448 2890 7404 2883 8159 2884 9646 11723 11808
1992,190 3532 19 1646 16 464 18 3462 11175 1440
1993,11744 11742 11743 4563 561 3089 1522 4562 5157 4798
1994,3222 3399 5155 3223 10378 743 2307 769 9127 10663
1995,870 5756 7421 3856 11746 1728 4303 1404 424 1684
1996,11747 3262 2221 11627 13052 15070 13729 964 3263 5195
1997,11627 3262 5195 13052 12422 7675 11747 12509 8622 11583
1998,196 1737 8984 5046 26 3453 9985 1014 3734 226
1999,1778 1320 6363 6361 4060 9192 1321 6362 2375 1319
2000,2741 1166 2614 2742 1165 1532 2820 7395 404 14599
2001,7344 10176 6382 9149 8365 11751 9313 698 3153 4419
2002,2629 2484 5820 8484 186 3329 4913 144 4916 8350
2003,2820 2614 11754 12426 3465 11753 1165 2742 8907 1532
2004,11756 10907 7019 990 3659 7677 6483 10107 11327 7255
2005,777 2838 4080 3112 4490 7814 478 7813 7977 6638
2006,11759 7915 9318 6217 9249 1830 7341 2448 8201 7815
2007,2711 11761 6680 466 1646 464 6223 6967 6008 2326
2008,11764 11763 8816 13547 11765 2590 13549 3765 11888 5492
2009,11766 13397 11984 13045 11967 13396 1240 10197 7831 9298
2010,11767 7177 11371 3604 11370 11369 14887 4423 9113 4660
2011,1077 1015 4143 1068 1080 1049 1075 1037 1084 1086
2012,11768 6703 1001 11057 7065 5422 3803 10355 2617 1010
2013,3882 1905 7389 8811 8595 3406 11548 8807 13126 7098
2014,11769 7209 14863 14864 12479 7208 12081 7204 7203 561
2015,707 8931 8470 5769 7482 323 9593 8923 8482 1755
2016,1119 1121 3428 11772 9393 8021 2843 5244 284 11770
2017,994 4178 7830 1191 10170 7718 8622 9127 11706 7708
2018,7985 3489 11773 11774 7721 9327 13709 1524 7722 8358
2019,1866 1354 3846 10843 1003 8159 6806 12375 10754 11808
2020,4139 6847 1320 7062 1778 4060 7077 3001 1321 10461
2021,350 9531 7770 351 6153 780 10727 4496 8280 3918
2022,9536 11778 3667 9535 7075 1007 7078 9537 7065 10857
2023,11781 7659 11783 11782 7660 5010 8992 11780 701 11779
2024,209 1761 10631 1762 12710 1515 3454 6987 9985 9983
2025,11409 6619 5716 6477 3285 11786 2699 5700 9885 8921
2026,1001 11788 11438 4136 8760 8604 11533 3888 10994 5686
2027,4229 1062 6260 7037 1737 2695 3538 1037 1077 3539
2028,11791 8178 11334 996 6437 8173 270 8171 8172 8175
2029,11793 4304 11795 7269 7273 6404 10002 11792 986 11794
2030,11796 7948 900 6240 1847 10224 12590 11912 6228 7947
2031,11799 11797 11800 8541 5662 11802 9748 11801 9746 9747
2032,5490 4031 462 768 5489 9046 251 11803 848 5542
2033,11808 1316 11807 11805 1141 11806 9547 5449 1135 4625
2034,890 2677 3752 583 11809 2457 11810 4301 1052 7085
2035,6791 9719 5504 2474 8180 5220 122 11813 120 6470
2036,1617 234 1618 235 1622 1621 1619 1620 3213 611
2037,203 5166 7488 4479 11815 5946 4166 5396 7479 9974
2038,2375 9968 2372 2379 2380 11347 2371 11816 4060 1354
2039,11818 11817 4934 794 2067 11360 4029 4226 8935 4027
2040,304 3807 11819 9976 3804 10677 7405 12152 12771 3806
2041,9278 11726 3930 11820 912 323 1414 4419 1688 9277
2042,11821 3150 6713 8398 9123 3155 6723 3172 2214 11857
2043,11829 11831 11823 11825 11828 11826 11833 1900 9489 2716
2044,1963 4858 6017 1100 4188 484 3217 443 1452 12212
2045,10347 3811 1206 323 769 4256 3181 3217 6041 8002
2046,5296 6843 6846 6845 6840 8357 5295 5294 6844 2830
2047,11836 4127 2558 9251 12512 2484 12331 7519 2494 4129
2048,11838 7286 1766 5684 3128 9687 9688 9679 5558 4310
2049,4416 1007 3000 1158 4414 6364 9536 3843 2876 89
2050,11840 11842 11841 6510 11839 6513 3522 10205 12596 13538
2051,5742 9249 9648 11844 6987 11843 14663 13936 1237 3222
2052,11846 11847 11845 12368 12367 12369 1144 9437 11099 13045
2053,6706 7098 6364 10096 7059 10098 10099 7099 10097 7786
2054,9432 9434 9431 7086 9433 13045 4336 4729 10174 11497
2055,7583 3891 2402 9517 10277 10948 2277 10330 365 13342
2056,9808 1700 1846 11849 7219 8114 11848 1845 6785 6183
2057,6806 8513 14083 7554 4135 5449 1706 5447 12644 6809
2058,1222 7936 11241 4747 6692 11574 10374 4358 10323 1837
2059,11852 6622 10753 11807 4449 12322 13892 10747 6476 4448
2060,10317 2075 417 11853 2717 1195 1388 10005 4374 2077
2061,9249 8520 4007 1385 7928 8856 7969 6175 1412 3310
2062,3348 11323 8273 7531 4427 8350 121 1110 2477 2482
2063,2663 4056 11854 12941 13817 4059 1635 13815 1996 4057
2064,578 464 2453 2000 476 1646 419 462 778 794
2065,9082 1733 2099 6828 6870 8313 3375 14518 10485 241
2066,2165 11855 8442 8795 2240 3097 96 249 12212 559
2067,9248 2305 1394 13618 11050 3375 14518 1805 1206 1212
2068,7260 4535 11856 4533 7945 4531 7943 7977 9840 5710
2069,4332 5933 11858 11527 3752 5944 5936 11531 11532 2769
2070,11861 11860 7776 11859 475 5991 9782 14609 7152 13454
2071,1103 3748 1484 10762 1280 8294 2826 1050 1038 11830
2072,11866 11865 8823 11867 11863 5076 10740 3902 9091 3714
2073,9826 7934 11639 11869 9807 3671 1691 6251 5157 9805
2074,4505 7357 495 6380 10308 7833 8433 3104 9703 8431
2075,8910 8911 8912 8909 8908 8913 11693 8886 5942 8887
2076,11872 1673 994 876 11871 10943 7941 4965 13829 13830
2077,11740 9565 11873 2213 737 10339 3102 7829 7277 8640
2078,4609 10752 5450 2372 10843 11347 2379 10754 10994 14363
2079,7925 5299 2910 6466 11745 11706 7708 9717 10888 9716
2080,11193 2781 4326 1811 5400 3632 3248 4422 7834 7725
2081,1050 4131 2102 5398 476 478 3758 1103 3757 12853
2082,11875 5503 11874 11421 11637 11940 10703 11006 9018 6763
2083,11408 10150 1263 7517 5147 6916 9283 9617 901 8998
2084,2820 11878 2815 11879 12426 1165 2742 11110 13624 2741
2085,11882 5044 2806 11606 8972 5236 10176 10888 3714 10381
2086,7678 11883 11884 14566 3841 9331 10986 14543 6529 700
2087,7098 3882 10995 7099 11548 10996 10554 10628 10096 10754
2088,7757 10605 13801 13800 13802 13803 1634 10079 11680 1421
2089,11886 2907 11887 11888 2649 11885 9942 2730 6393 5910
2090,2921 4787 11447 13226 569 13571 2924 2918 12196 9448
2091,10067 10068 9399 9625 9628 12661 12663 12662 12664 8645
2092,7078 1007 9537 1009 11893 10750 3667 11894 11895 11896
2093,11898 5998 6990 11899 6994 11897 6995 2614 10732 11108
2094,7519 11836 3191 3202 2781 7520 7901 7521 7517 2366
2095,11465 518 2213 9619 7039 3917 5720 8601 7339 6255
2096,6591 3531 2357 2353 4147 8364 875 920 2702 10709
2097,2709 9993 5550 6166 9876 1647 10417 8223 2701 5043
2098,11901 4154 11900 10801 10800 12665 14228 4451 3559 7289
2099,11902 424 6342 3458 2571 2585 4308 10564 6143 2960
2100,6204 2472 96 249 8918 3277 256 2344 2251 4863
2101,2809 11789 7621 11906 4453 11830 7417 1495 1484 5031
2102,11908 11907 14533 13770 7656 13842 9768 13564 7230 2979
2103,3043 3044 2560 5096 1752 5070 4863 3403 3984 7000
2104,11912 717 11796 11911 11910 11909 12590 10345 10224 10344
2105,176 1452 4501 6369 1579 6438 4157 11015 1566 5069
2106,7802 7803 2728 12081 1267 9696 7801 5899 2898 6146
2107,3599 7294 3403 49 11915 9773 437 5748 2141 11916
2108,1732 2781 2933 759 10517 7437 1207 10472 465 9127
2109,11000 11924 11925 10556 9080 6805 10628 1769 11923 10998
2110,6617 6540 3920 6909 5325 5486 11475 399 9213 13365
2111,11929 11928 11927 11282 10677 236 11926 300 10694 13924
2112,1757 11931 4360 11930 10583 8740 2582 5150 3681 1004
2113,10477 4869 1172 813 1426 824 128 805 778 1800
2114,4972 522 3109 1869 11933 7511 9037 5790 227 3532
2115,8317 6920 3574 778 6641 1218 3100 4030 1973 2772
2116,7339 997 2629 3147 2630 7275 8019 201 478 3949
2117,11934 8705 3850 2781 10022 8660 7143 4196 5422 3110
2118,11906 11935 5278 2784 8568 4227 180 6977 5236 6980
2119,11940 11637 11421 11875 10703 9018 7401 7253 3815 6059
2120,7003 3135 5972 10169 4382 15192 11761 1516 9002 7004
2121,1293 1633 4369 11943 1294 478 5185 11944 1637 11941
2122,1118 7644 3659 3498 7645 7151 7677 226 3290 2827
2123,1165 2744 2742 12426 2741 2820 2743 1533 1532 4515
2124,11946 1462 1465 1464 1395 7749 1799 1463 13226 3926
2125,1321 1320 6363 4060 6362 1778 1779 1319 9194 9192
2126,11947 7755 11948 3838 10609 1 7756 14665 14020 9076
2127,1317 1001 1011 7427 4687 7057 2996 4132 1719 7554
2128,8768 7001 5059 10446 1186 2530 3509 2690 831 8569
2129,2210 1282 8896 8285 2237 2252 14194 2247 3169 4295
2130,3055 6897 3823 11393 10897 7244 13626 11126 2739 15247
2131,1880 11754 6868 8480 10965 23 7726 177 2739 2549
2132,11956 1800 8471 7746 10839 13027 13028 2976 5974 4388
2133,3055 11126 13626 15247 11045 15002 3057 1367 101 45
2134,9405 10155 10295 11958 5233 2506 2514 2515 6903 6908
2135,4060 4687 4132 9192 4688 1320 2375 1778 1779 2371
2136,9884 10908 3697 8457 1200 8745 1568 3097 598 3556
2137,3811 2319 10347 1649 287 14952 1101 8002 10881 1646
2138,11960 10415 1396 6047 4441 11741 686 237 15118 3104
2139,7100 656 6500 982 7099 8302 1400 7708 10589 7070
2140,1679 11743 11964 2722 6226 9475 11962 1680 11963 11961
2141,11968 7349 4701 8323 11969 11967 7351 12564 10551 12565
2142,11136 1338 120 11970 12822 5313 4865 5220 10888 130
2143,6652 11443 8668 5410 11388 5316 11974 11389 1286 6893
2144,3579 383 11977 6332 9254 386 8499 9020 385 381
2145,8988 2220 482 11190 3935 9274 6869 6563 10459 8445
2146,11979 6884 11978 4530 6952 1179 5788 3428 9225 4350
2147,352 5822 3274 119 14200 14398 15089 2610 3316 120
2148,8704 3100 4219 4223 3555 3712 4821 3104 6596 4027
2149,6930 11982 11981 4728 6726 2444 11076 6107 4586 5851
2150,11988 4707 2886 7215 11987 10989 6804 2369 1354 11808
2151,11992 11991 11990 8681 14131 13885 11618 8965 14226 14474
2152,9544 3745 11993 11727 4405 188 5359 618 1577 6948
2153,12000 11996 11998 7823 11999 11995 5925 11997 11994 12001
2154,5742 5814 7131 10540 8776 4902 11455 8324 7716 786
2155,2448 463 9250 163 3250 323 760 514 128 7697
2156,8291 4457 1260 1261 5858 3857 11531 3752 1264 11527
2157,12007 12006 1529 1168 1167 13200 2820 12008 11109 3465
2158,5447 1724 3085 10199 2869 14736 2881 5857 1010 5686
2159,4968 12011 12009 8423 12010 14202 14069 8117 14425 12048
2160,6155 5085 10835 9042 12016 12012 12015 495 2326 12014
2161,9802 11814 9188 6863 9910 9203 11094 7923 9360 10480
2162,8802 10014 14605 3570 10651 14604 100 7324 14080 4429
2163,12021 10301 12022 2024 1232 1235 841 1236 1233 4821
2164,12025 2979 5382 5498 12024 626 7605 8928 1655 9804
2165,2721 4067 3509 9848 8898 4478 5493 5726 9502 7347
2166,11274 11648 6586 1227 1111 6185 5157 8153 1731 6228
2167,12028 12027 6414 7393 15038 13577 5261 1480 12842 6242
2168,8761 9123 995 12842 7333 9124 7908 9073 7868 15038
2169,563 12029 576 10271 10047 10046 3852 5485 10272 6835
2170,4764 6045 4016 5791 5580 787 476 6471 6192 5972
2171,5065 5033 5299 5073 473 5072 5029 5067 4366 5034
2172,2314 6640 3155 4591 13318 11965 9465 7296 12096 6991
2173,4905 4901 4638 4895 12336 4903 9499 4899 8246 3237
2174,12033 7987 7939 5885 6621 5171 6620 7937 5157 2108
2175,1074 3359 8246 6561 12034 9181 2472 5220 1621 1620
2176,12035 11288 12036 6589 1479 11355 383 11287 5170 12885
2177,12037 7302 13285 1682 2939 626 6599 737 13844 7708
2178,12041 12039 1716 2845 3859 12040 11839 7895 8236 9836
2179,787 797 1213 7958 476 1646 794 10446 464 469
2180,5596 964 4291 7403 3683 7400 1766 1584 6648 974
2181,12043 7833 757 8940 6367 4857 1963 9567 2460 3104
2182,3242 11075 5793 1793 705 8978 5426 4568 3240 4569
2183,5210 7139 170 3602 9703 6054 1411 11073 4979 4977
2184,2348 12046 10231 4322 9693 9675 8557 11083 6677 3299
2185,12047 12049 7379 11700 9966 1728 1713 12048 14835 7571
2186,8858 1239 8790 2068 4183 2194 7657 648 149 8859
2187,11761 12052 843 10446 3131 8874 12051 6967 11158 10888
2188,12056 15074 4355 15072 1184 14577 12019 12055 838 9222
2189,12058 7554 7546 1724 3808 1887 12057 5857 9479 4606
2190,12062 12064 12060 9040 10362 1033 5047 6836 12063 10169
2191,7237 3009 7558 8624 3010 4882 4899 3238 4883 3380
2192,12070 11111 6990 14803 4791 13321 13854 11108 9784 6941
2193,12071 12076 4132 12079 12075 4687 4688 12073 9628 12078
2194,5958 2262 1252 5957 169 745 2309 11706 7708 14928
2195,12081 2982 6541 1629 11375 3861 12082 7104 7625 10870
2196,12083 7002 7658 10765 14143 14911 15059 1631 9190 6450
2197,2495 2480 4987 4815 4635 5828 3872 2136 13412 1637
2198,3544 3546 1737 9800 879 10710 1041 1014 4976 5980
2199,1320 1321 6363 1778 4060 6362 1319 2375 1322 6364
2200,8709 3465 6417 15257 2820 2614 12114 4516 6351 2742
2201,12085 10169 12084 15192 10561 13214 6255 7734 14928 10446
2202,12086 1951 8521 11149 5712 3771 4385 6638 4758 632
2203,7805 3152 8855 3950 4261 7910 4788 375 2556 4846
2204,12090 12089 7782 6844 12088 6327 15127 6331 11209 9111
2205,10140 5281 7465 56 2523 7549 10379 2501 3406 742
2206,8392 7756 8215 2662 1635 8214 12092 7903 4565 8216
2207,10542 12093 1184 8544 5974 11113 8617 239 8545 14381
2208,12095 6964 11843 6026 1232 10301 598 6022 3555 6596
2209,11956 7173 3594 3598 3599 3595 1800 7130 11960 6052
2210,5217 11812 2035 6470 4981 3641 4862 3377 3318 88
2211,5898 11029 7405 13032 7408 6292 6272 3982 3437 10003
2212,2614 3465 12098 2742 2820 2741 1532 15259 13578 5998
2213,2657 2206 8882 10094 14512 5264 2655 10580 2656 2651
2214,12099 12100 5943 5514 5944 2110 3493 2807 3925 4305
2215,8993 5036 12101 5953 1088 5851 2449 10977 5346 11982
2216,7198 12002 10759 3147 8603 4076 6833 1476 1495 8995
2217,12104 5328 5377 681 12103 11652 7544 191 9219 8315
2218,10888 9911 5574 9927 130 10539 12005 2505 9920 12052
2219,12117 12112 12113 12122 12125 12116 12121 12118 12124 12111
2220,9680 522 2250 4497 7551 6438 7971 2245 3153 2237
2221,10265 8419 8493 627 5096 12130 9337 2556 6497 6496
2222,46 104 5304 11672 12133 5141 3805 866 12132 5151
2223,12135 1877 8859 4410 6835 7518 7998 4869 11603 4809
2224,12136 11590 8842 10148 10151 12137 8119 8228 8118 7704
2225,7466 5237 38 3971 7455 6909 385 9697 15232 1893
2226,11642 3887 9458 12156 11967 7328 3665 10701 2265 5157
2227,9527 3048 3517 4199 163 1571 3553 7616 4776 7287
2228,12141 12139 12140 6946 3814 3533 116 11719 5886 575
2229,3037 7507 7412 6367 3186 687 6955 11576 8287 14261
2230,4941 3487 1268 10113 7801 10387 10638 4943 4945 4944
2231,12143 11085 12148 12146 12147 1721 12144 7287 2447 1705
2232,5687 10899 1011 7427 10199 5447 12075 9534 6806 11850
2233,10408 9502 7292 3998 10409 1847 6228 5157 7941 7938
2234,11752 9936 3143 3155 331 11270 6040 421 3172 7334
2235,7785 5535 9548 12151 1779 6806 5449 13519 10199 1135
2236,12153 6815 2407 5611 4318 1369 2698 14073 5275 8349
2237,4194 10227 580 11760 1393 3768 12021 8799 10298 10908
2238,12157 12154 12158 12156 6109 4466 11021 12155 4695 1119
2239,6629 12162 10269 12161 7978 6540 7485 3999 11475 12160
2240,873 771 8189 14849 9259 2675 2500 9223 5542 5544
2241,12163 3244 8971 3240 14602 2321 3243 11609 5167 2542
2242,774 9620 171 11235 12164 5725 1503 14819 4208 8759
2243,286 9552 12165 9253 9553 9787 9785 9549 3802 9788
2244,4573 2494 831 3316 7816 4249 3350 8949 4917 4223
2245,2875 7817 2874 14751 7554 9751 4599 5447 2881 10199
2246,12166 11168 4994 819 9196 1798 3252 1961 3175 795
2247,7954 8190 4469 4474 12005 1389 4261 4490 1390 2698
2248,4223 7508 12167 1967 3317 778 4217 10474 5079 4188
2249,770 1382 6967 6032 15014 1447 894 488 10649 463
2250,12168 11113 4478 1302 5466 10239 2457 9888 705 1300
2251,7716 3 11480 12170 12169 9359 12785 852 10551 13412
2252,7088 3105 11811 504 9153 4214 5047 4635 3289 3921
2253,6412 9289 12171 10057 8274 4446 12227 4048 14377 4713
2254,12175 12174 10309 9309 10602 10301 5553 3188 10296 12004
2255,6388 3547 4369 5185 3296 2676 5790 9475 12127 1014
2256,3829 1936 4696 5357 1592 6692 5104 14890 3824 12081
2257,2448 2829 182 6013 1569 7697 7696 176 1452 7497
2258,3896 12182 9032 12180 8102 12181 13819 5349 12274 12179
2259,12184 4564 4566 3380 14370 14369 14468 9034 13382 14255
2260,9610 1130 7760 7306 8086 13388 25 7324 5304 1131
2261,4779 5400 1295 10275 1871 12186 12185 6248 3723 9457
2262,1896 6620 12187 639 5486 6622 6616 13402 6619 2108
2263,8396 6526 8397 9260 8475 11330 1630 3602 626 7544
2264,12193 12192 10617 9081 5455 1332 1865 503 5680 11587
2265,12196 7953 2859 9438 4787 2422 567 2421 3661 14894
2266,2637 6153 8280 350 8692 2118 2354 12189 6150 6152
2267,11668 8824 12199 5256 3414 4135 7059 5976 5119 4602
2268,9002 5305 2625 5313 12202 11150 8199 9019 8776 9024
2269,12205 46 1300 14400 6002 6341 1302 11767 13904 6310
2270,9392 11358 11359 9239 5244 9393 1124 11357 6761 4971
2271,12210 398 6847 12211 12209 7077 12735 10461 5690 12934
2272,879 889 775 1646 4235 7504 453 323 795 869
2273,7808 6770 7518 10034 9823 7809 4309 12212 6501 10446
2274,9702 3278 11073 10763 11329 10334 8857 7514 7920 862
2275,12213 11742 1124 753 1431 4796 6621 7896 8021 11744
2276,12217 12214 10197 1792 10194 12216 4873 9543 1794 6946
2277,8437 3512 371 8746 218 12221 12223 9651 12220 12218
2278,12225 12224 8127 15188 8459 8122 8121 8137 14153 2393
2279,3709 3700 1230 661 3487 3698 1243 4201 598 7156
2280,4302 2270 7295 5096 11390 1752 3403 2271 96 10293
2281,12226 8378 12227 10431 3888 638 8231 14021 9289 1740
2282,323 4130 4129 4125 10510 1206 11419 4547 6029 4128
2283,5612 3191 207 8953 11250 870 1690 3104 3201 5620
2284,10350 10352 11227 12228 3672 10349 11438 6169 12229 7625
2285,12230 4526 13778 10251 12954 10252 8675 11181 6392 8682
2286,8680 8861 2275 11757 10808 5922 14677 14028 13236 7108
2287,12231 12233 12232 9183 390 9581 1472 9998 8795 3642
2288,7954 12236 12005 263 8688 262 14167 12859 12235 2393
2289,12240 12241 12237 11225 12239 11436 12242 12238 11347 11891
2290,2646 2643 2642 2647 6126 2640 2639 2648 2644 2649
2291,3280 1285 8273 1760 12018 3834 7047 8053 3968 10976
2292,2116 1480 11706 197 5360 7469 1546 203 1549 12028
2293,11345 3180 9058 9049 10340 3910 7679 8258 5769 7619
2294,4212 5181 7972 790 7835 795 1234 3712 12244 3104
2295,5255 1895 1894 1891 8515 1893 11875 7356 14104 6547
2296,2159 454 12245 10241 852 1649 12053 750 2367 9396
2297,12251 12252 10584 5640 716 10316 12249 12248 6728 12250
2298,9174 3170 3171 3162 7670 5582 8399 667 3193 13139
2299,5688 5036 2252 9297 10134 8851 7217 4132 10258 4089
2300,12255 11641 12256 12260 12257 11436 12258 11437 1154 1775
2301,188 2103 4669 1433 10439 9569 419 6423 3322 9388
2302,12262 7102 8981 8980 11798 9746 11802 4461 10355 6364
2303,6520 10716 12082 6886 6785 10810 8575 6476 6244 1116
2304,12265 10456 6819 3775 754 4705 3012 2005 2739 633
2305,1888 12267 1076 508 8294 1051 863 5863 1067 9975
2306,2668 12268 1997 1996 12949 8214 1911 8103 13944 3274
2307,6415 12269 11033 11913 7249 5365 4593 2830 1336 5745
2308,10459 3749 9523 11256 2215 5022 2357 8185 1035 1036
2309,2741 7395 11365 11112 13344 7396 1532 13329 8904 2820
2310,12273 12272 9781 7684 611 14727 7731 555 4844 537
2311,12275 12274 12182 8757 14772 6101 6099 13996 2805 14665
2312,4403 4597 8161 9751 8152 1721 12917 8159 11808 1010
2313,630 6259 12547 6239 6238 6249 8310 6188 6250 6258
2314,9441 9601 285 12278 6711 9596 9598 2059 6348 1507
2315,12279 9937 3502 10634 8225 8769 350 12972 832 700
2316,12280 7417 6575 461 2767 8994 4180 5087 698 7813
2317,4313 12281 4121 14390 2405 4314 5275 4312 806 864
2318,12284 12283 3914 4160 5182 2298 3912 12454 11450 5769
2319,3695 3466 4174 4865 12285 12097 8950 3879 1555 5313
2320,1097 3739 3112 9914 7727 3115 2692 1646 13649 5187
2321,12290 12289 12293 13381 12292 12291 12674 12288 12675 12673
2322,12294 6175 7813 7812 12295 7814 10583 13771 11050 4522
2323,3378 3319 6300 7317 4986 2540 7329 5829 125 2539
2324,2259 12297 7504 5206 8476 13036 7251 7867 13533 11703
2325,12300 10971 12299 5399 12887 9267 11769 11312 15233 1933
2326,45 9119 4017 1368 8999 7121 3019 11058 3055 14298
2327,12302 12301 13349 2814 13734 4514 6353 3465 8109 6989
2328,9610 1130 13388 4153 9611 7046 7760 5664 1287 25
2329,11701 2650 12303 8373 10633 3242 9275 13828 11702 12536
2330,8982 4407 10988 5667 1721 8159 10246 6805 12376 10355
2331,4122 2802 5096 7733 8179 4195 96 4024 7283 12052
2332,12306 12308 2257 10219 9138 3734 5916 8962 7212 8472
2333,6833 7198 3945 1213 476 2935 836 173 6678 4695
2334,8315 186 5820 8311 8314 4915 2484 8313 4916 3359
2335,7753 8508 12314 1343 12313 1742 12312 12315 11284 12316
2336,8044 4554 9891 12317 12318 744 3111 6063 10258 12107
2337,601 9439 7357 10308 7821 83 8658 11930 5488 6382
2338,12047 2446 1713 11732 1728 10044 12320 5902 7379 11029
2339,12322 10753 10747 10857 11852 1839 10627 10590 1145 1146
2340,11115 6693 8426 11116 10052 5205 4913 2484 661 2215
2341,3811 686 2703 769 466 10347 1101 9594 10881 3217
2342,3067 1070 13166 12323 3065 12900 3068 3064 3066 14316
2343,879 5420 9982 5067 3223 5034 511 6386 794 5186
2344,4360 8203 1169 383 1757 11273 11272 8697 8740 11930
2345,7711 9398 12326 11708 7946 6058 9824 13479 10108 2425
2346,10498 10492 7088 4320 10495 2993 6701 3105 8407 6560
2347,10572 1103 12327 10142 2101 3723 10571 5396 6980 11904
2348,12329 12328 8712 14664 7236 13318 12832 645 11246 11247
2349,2864 11986 4414 10899 11347 5447 10088 7094 8159 10199
2350,12330 4666 4667 10534 5889 4128 14190 7009 12415 14185
2351,6719 4899 12331 6725 6717 3237 4892 11367 7558 13781
2352,1011 9235 12333 1721 7222 7057 14347 12332 1726 11808
2353,12335 11535 2912 14800 7897 11533 2909 8341 615 10280
2354,12336 4905 3717 9499 4901 10678 4638 9660 2800 4895
2355,12337 6908 1181 7727 1334 2573 178 2580 6901 9282
2356,12338 12339 6303 2273 2263 6467 14569 14860 7708 4793
2357,12344 12346 11597 12342 5391 2315 7585 5293 7299 6755
2358,3242 4569 7267 4045 5730 605 5609 11484 8192 631
2359,4841 12347 9531 9181 10661 14710 14092 1043 4835 7286
2360,12350 11910 10068 4139 9625 10069 12349 2373 1010 7554
2361,12352 9103 10337 10122 5897 4964 9806 12351 10785 11032
2362,4349 5595 2779 4238 6044 3708 2774 4235 4251 4216
2363,12357 12356 12355 11523 11342 13109 13110 8518 13108 3440
2364,4083 12360 3634 10984 4888 7287 696 6086 6190 12359
2365,11090 12361 4454 12019 5063 6087 11681 13632 876 3936
2366,10456 10721 1953 10722 7868 10725 12265 6818 13399 10723
2367,12362 9249 1544 3114 13132 3753 10012 11221 4757 9343
2368,11189 12363 1269 9826 14710 12354 8988 12269 10867 8785
2369,12365 12366 1 14024 6819 10967 13072 14034 14659 3451
2370,12369 12367 12368 1144 1136 11847 1145 11099 9437 11987
2371,1284 11140 11960 8935 8782 425 9087 6700 1646 4175
2372,12372 12373 7296 12159 11771 12371 1945 4472 3637 6076
2373,1491 3971 1402 4178 322 11706 5996 7734 9924 10614
2374,396 9626 5848 8849 400 9628 6736 8159 12375 11800
2375,12376 5686 11351 12378 4596 9969 11808 11434 8159 1776
2376,5954 12379 559 12380 4860 11117 3294 5322 193 2256
2377,11424 10381 2148 14341 11235 5961 7338 4208 9127 3104
2378,5425 4805 9655 2071 5424 5218 6817 124 11328 334
2379,12386 12387 12009 12388 4968 5674 14202 3955 8423 10596
2380,12391 12392 11354 1003 12390 10565 6852 10508 12389 11353
2381,1206 1460 878 1686 2767 10100 2133 4085 3645 4031
2382,12398 12393 12396 12397 12394 12399 7914 3967 7570 11671
2383,9686 5735 7389 12128 11930 5734 3923 4322 9688 976
2384,12402 12401 7806 3889 12400 5485 3113 5395 10788 11529
2385,12403 12304 6141 12404 3891 10784 1446 12405 3948 8247
2386,12128 7194 4482 1445 8219 2157 3908 476 870 3201
2387,5197 4465 7529 2699 6627 6628 6629 6630 6631 7525
2388,12406 624 2033 8670 8892 8894 11953 8893 3407 8889
2389,7940 4068 5157 8114 1847 1374 1352 13893 6228 7937
2390,1136 1146 1145 3666 10088 1721 5686 672 11626 10091
2391,12414 12412 12415 12416 12408 12409 12411 12413 12418 12417
2392,12419 2727 3622 3726 5544 8124 9870 1581 9871 777
2393,1997 1996 12949 2668 12092 8629 1998 11095 14600 8216
2394,11481 12420 5096 837 9349 3718 5097 5509 5059 7283
2395,9496 666 1216 5796 1250 2030 12421 9590 8819 3119
2396,10184 8887 7529 11692 8886 13765 11693 10034 6950 11730
2397,3926 5050 2457 10357 3924 1204 2781 5045 811 7933
2398,2591 4056 1181 2663 14527 13817 4058 4059 4057 13812
2399,6786 12325 983 10531 7267 2238 2254 7614 460 2363
2400,4946 9390 1685 4246 3472 4937 8763 6920 778 4942
2401,3771 5357 3829 5356 3770 14693 11711 7984 10906 2320
2402,666 3479 7483 5796 9496 11705 1216 1250 8819 1613
2403,7946 7781 1912 13479 14542 7711 9398 626 5157 7782
2404,2614 2742 12425 5998 2820 1532 3465 13327 2743 2815
2405,5852 9033 4780 7290 6579 5168 6575 11864 3313 3945
2406,12428 1488 1646 870 7958 40 3958 3475 9595 2739
2407,2635 10560 2634 7647 13109 10957 2633 691 10561 15192
2408,3075 6703 3079 3077 3076 3078 7221 2616 6704 11057
2409,6302 4344 5220 12430 8349 3359 10486 9578 4736 11970
2410,4766 3903 7452 44 11429 3899 3901 14617 4918 4340
2411,6162 12432 6623 6253 5385 2438 6781 6170 9810 7934
2412,794 11215 476 1661 795 6877 466 797 1648 10446
2413,611 12436 12435 12434 8846 4016 14870 15269 6522 12005
2414,11729 7980 12437 2286 12194 4455 4357 13733 6548 13208
2415,9609 7399 390 12327 12438 7633 6980 1820 11707 3577
2416,10023 11712 4973 759 8791 4012 762 8383 11469 4949
2417,10934 7467 1132 1698 10095 11961 10798 7738 4398 11383
2418,2133 11745 9152 8995 10217 3458 12005 4468 11423 8457
2419,3862 9954 9849 230 3861 12865 13988 231 7141 13950
2420,12442 12444 11909 12445 2405 12443 12441 2619 7425 12808
2421,427 10446 9689 814 7503 11162 6370 7508 10437 11706
2422,12458 12451 12452 12453 12454 12455 12457 12450 12456 7318
2423,12459 8844 11145 3388 2174 1176 2991 9141 12890 11141
2424,6280 11968 29 7940 15166 11197 7349 15165 4068 14679
2425,12461 1753 12460 1352 5157 9104 4455 3982 13962 6061
2426,8553 738 12462 1079 3967 4902 4777 5790 8552 1014
2427,11218 9826 6173 6537 5511 12748 8057 11344 11471 2982
2428,5736 12463 12308 856 5737 5968 5734 7515 14473 9581
2429,12467 12468 11077 6577 3222 11949 12465 867 3538 1267
2430,796 11924 5508 6919 11925 4785 3191 7972 828 3175
2431,4753 9225 11432 5897 6750 11871 6544 4073 6493 6505
2432,12471 12474 12473 12472 4838 5570 11410 575 4409 8892
2433,4263 9317 7045 9046 410 6440 11874 3575 6316 10515
2434,12478 12477 12476 7477 5802 11238 11047 13599 6464 10853
2435,12479 12480 10447 10779 11769 7489 10900 10446 13643 12911
2436,9072 12482 2916 9029 13719 1191 6402 13934 12038 4974
2437,12484 5179 12483 6658 7526 805 2287 5711 10422 1594
2438,2283 876 1305 11161 3691 2309 1539 7708 4798 12203
2439,2614 4836 9295 7746 10731 528 5998 7241 5522 923
2440,12487 5299 2498 5438 9281 10662 3403 6897 8983 4634
2441,12424 4027 3500 5594 10894 6191 10156 5603 8821 3284
2442,3491 9138 3489 13778 13776 13777 8115 3490 9384 5399
2443,3321 3283 10471 1978 3307 6341 3346 3337 2343 3358
2444,12492 8687 8921 10194 4696 13644 6629 11810 6799 4658
2445,7926 998 1090 6914 2575 64 4205 9282 1286 7370
2446,2863 12493 6973 7137 4637 7138 3973 6974 6650 2328
2447,6583 11159 6046 12494 6044 14567 5853 9693 13058 6582
2448,10262 12496 5378 5297 5510 12495 1293 5377 621 606
2449,12017 12497 1444 687 3725 8473 15075 169 464 3396
2450,12498 5878 12499 10450 14091 13046 7518 7682 10635 13122
2451,6847 7077 5449 4599 2881 10461 12934 6806 12735 11808
2452,12508 6571 12507 12505 12509 12501 12506 2109 10041 12510
2453,5123 9667 9890 7248 8659 8853 2601 7861 9260 1986
2454,6363 6362 1320 1321 1778 9192 1319 4060 1779 6361
2455,10761 2693 3525 5099 3534 2358 5100 2357 16 13261
2456,2439 8298 10151 3878 5385 8335 1655 5384 14645 5382
2457,7115 3982 5347 10642 10336 1755 5923 10256 15159 11059
2458,11267 10963 10731 10657 10964 529 1527 7188 14154 11410
2459,5475 5941 4192 9414 9413 9416 11834 9419 9417 9408
2460,323 9274 9171 9095 10710 2922 7589 4476 9706 11018
2461,7289 8068 3140 8485 7290 9563 8064 9564 7291 3203
2462,10888 10539 8048 13412 12052 12005 8501 12514 2501 9924
2463,11975 4255 226 13413 2519 1286 5748 4777 4236 4229
2464,9556 4629 12524 12525 12263 12523 12521 2839 12522 12520
2465,12529 12530 1791 1794 1790 10756 11499 14640 10285 6480
2466,12532 12531 12533 12382 12046 4571 3110 2750 10209 356
2467,12534 4329 5192 8811 8805 10041 12500 8809 15102 9795
2468,5073 5033 5072 5067 5065 5029 4366 5034 3313 9069
2469,6537 12536 2650 11218 11219 3665 12748 13828 11471 14181
2470,12537 11636 11263 12400 10030 10467 11633 7672 3980 11634
2471,646 12538 11545 12539 4299 12543 11380 12541 7353 2070
2472,478 6575 2252 242 4089 775 3586 873 3135 5807
2473,4018 431 12545 6598 8299 9470 2229 9473 7542 4019
2474,1585 5986 7233 5887 1893 5237 8515 6263 3837 2346
2475,10598 4979 3911 5095 9622 298 10597 3682 10600 5993
2476,2877 4603 12548 4139 8159 7554 9626 12239 9636 5840
2477,2903 2902 2910 2909 2906 2908 5966 2907 5970 5969
2478,1452 9318 6380 3039 4821 821 6912 4235 4238 3791
2479,12550 1872 8036 9438 13773 13774 13407 13772 12196 13775
2480,4037 11528 10073 4035 4036 7366 14745 2880 13981 3442
2481,4512 16 5428 1249 3751 3529 12555 8404 18 12556
2482,12558 9084 3616 8020 2891 4599 8477 9749 8868 7554
2483,12563 10102 12341 5350 11584 10061 3732 3156 5022 4417
2484,9935 10715 5190 4832 2341 4324 2344 14690 14100 8608
2485,12564 12566 7349 7351 4065 6785 11968 12565 2439 4670
2486,391 5591 7515 4579 5187 10652 8689 9581 5250 2601
2487,12569 12571 8741 5166 2115 9426 12570 5946 7821 4885
2488,12572 6520 8575 6476 6886 10810 8136 10716 10870 14281
2489,2739 12233 8083 12573 96 6587 3403 4634 9259 8240
2490,169 2309 685 712 3214 149 15078 1404 2261 6762
2491,8335 9121 7322 4878 184 12575 11814 7127 9117 11058
2492,1161 3280 3727 4348 1501 164 3398 5820 1160 3359
2493,9773 49 11919 3403 96 12667 12130 5750 9340 7923
2494,6577 3033 769 5577 462 8287 4093 1452 4175 182
2495,12577 8864 9743 4449 8258 9224 4448 9881 12030 907
2496,11602 4964 4560 11601 5896 11600 7998 1877 13360 8644
2497,1033 10672 2737 687 3662 5047 1056 1017 12840 9040
2498,2677 1074 7968 2097 3317 11980 5720 4340 12579 5832
2499,3100 4230 794 7421 504 796 3678 3104 894 797
2500,5754 11562 11561 11556 12583 8078 152 5253 6789 12582
2501,7103 6165 12586 7951 9806 2705 3669 11177 12588 6782
2502,4688 8406 4687 4132 12589 12077 12080 14270 9753 1317
2503,2448 10128 9314 1952 5170 1974 5060 11048 5054 2117
2504,10249 6768 7917 9519 2535 7226 12243 7400 386 4295
2505,12590 11356 11796 1366 7976 5352 1938 11912 12965 5983
2506,8314 7555 8315 8313 8311 14879 8312 13623 12742 1323
2507,3215 1049 10102 1050 3453 1086 1085 3351 1081 1080
2508,8608 10354 10577 4324 10740 2341 3076 8443 2616 9935
2509,484 10594 12591 698 476 478 493 427 9033 9372
2510,9521 4453 3750 3173 842 3164 7301 12592 585 3708
2511,10210 4875 3257 8427 7265 10111 4874 7133 13836 12546
2512,2632 504 8233 5725 4262 10966 4377 1684 9322 1649
2513,10480 1348 9887 3157 2521 2511 6474 7327 84 12109
2514,3025 2922 9607 128 3477 8179 2519 5094 2772 6651
2515,12432 2268 12459 5023 3848 8471 10619 3849 4273 2673
2516,9391 10572 3210 8742 2776 2101 784 6595 11216 769
2517,11097 8080 12593 6762 11201 4845 5368 10361 9351 2960
2518,12599 12596 12595 12598 12597 12600 7715 6589 7713 6491
2519,6761 11358 11359 9239 7262 11357 15186 1379 12162 6759
2520,11004 3558 12602 12601 8168 11003 11039 11042 2086 8273
2521,12605 12604 8999 11304 12603 9119 1368 45 837 9281
2522,4220 1446 980 12403 6641 464 1646 12304 7246 10453
2523,12606 394 629 393 401 402 9962 397 399 398
2524,739 14852 14306 3021 15230 14555 7113 15147 11058 9054
2525,2375 2380 11347 4616 12607 2379 2372 5533 12609 4413
2526,9528 12610 7768 873 9092 9618 8337 169 5366 2262
2527,11114 12611 4470 3506 2839 5087 8614 11610 7082 15261
2528,8376 11378 12612 3900 10075 2858 5982 10708 6981 11285
2529,6140 12618 12615 10872 8902 5578 12617 12619 3013 12266
2530,4626 6556 10461 4139 7554 1010 3083 7079 10355 395
2531,12620 12621 4003 11216 635 3577 7633 6178 127 14274
2532,2807 848 2502 8890 4929 5809 10960 9719 686 422
2533,9397 9988 9653 4821 9309 4236 2102 172 1959 9886
2534,6628 1177 12623 4982 2846 2894 8207 12622 8205 1837
2535,12625 12624 4652 9110 8586 11858 13427 6797 6795 4641
2536,11315 11306 12626 14638 10251 13559 14238 14572 13764 10250
2537,12630 12628 12627 12629 3442 7218 5668 8166 1317 1726
2538,12633 1641 10820 3195 3678 9203 618 12586 3682 612
2539,3620 3703 9216 10505 7774 8970 667 11317 7505 7708
2540,6932 1388 4030 10225 6938 5403 96 427 1285 2240
2541,3977 3811 1659 10652 2915 4557 4467 7301 3501 14996
2542,46 2827 4992 2117 4775 3971 3108 1032 1626 1281
2543,12636 12635 2638 5731 9700 5891 12355 12902 13287 10300
2544,8477 11723 5536 8443 1003 8159 11808 11531 5530 5871
2545,368 367 6218 5851 13198 13197 13199 7999 4475 5850
2546,12638 12639 2302 2258 6518 10201 12641 7378 2299 11795
2547,6162 2847 6781 14594 7934 1662 9810 12432 9803 2849
2548,12642 11851 8159 7427 5874 11808 1779 7366 12644 10355
2549,12310 12068 12649 5627 12648 12646 12647 1883 10975 12181
2550,2371 2375 1778 4060 9192 6361 1321 1320 6363 6360
2551,4631 12651 6766 8507 12409 7532 12650 10979 3182 9999
2552,11396 3747 1898 6681 12652 1737 7656 8140 8291 12371
2553,10881 12654 4281 11410 139 14444 3811 6294 14154 6776
2554,12657 670 12656 12655 672 671 11721 6805 7094 10355
2555,5416 5417 5418 6056 6214 10663 8441 769 4208 3406
2556,12661 12664 12663 12662 12660 12659 10067 12658 1714 12079
2557,12665 6747 6746 11901 4123 4154 14228 9993 13555 6821
2558,4669 4350 2200 4865 64 7370 2547 383 3406 6005
2559,8352 6381 8935 12668 11243 7914 6564 3336 15118 1831
2560,12537 4434 12670 12669 3884 11263 11636 12400 14582 14466
2561,12671 12672 5345 12743 1475 14326 8893 4591 8892 8894
2562,12674 12290 12291 12673 12293 12289 12675 12292 15253 11630
2563,688 637 5498 9071 11361 1302 645 10809 7049 10691
2564,12678 12677 12676 10845 10844 13666 13001 13877 2219 8270
2565,5097 5305 39 4327 130 12052 10539 4988 10888 12005
2566,12683 12679 12681 12682 8781 10219 12680 10427 265 13106
2567,12687 12686 3603 11606 11882 6387 13266 12652 8768 6525
2568,12688 3978 11864 3521 9463 12547 4833 1447 4340 121
2569,12691 12690 751 1910 12053 8355 11684 1219 7509 14274
2570,5588 2033 5590 6013 12395 7150 9603 582 9913 12045
2571,12694 11773 6674 7172 11147 6504 6525 8496 11692 12693
2572,6596 8046 3518 8704 172 4821 598 7696 10307 9309
2573,670 10090 2869 10087 671 672 7094 12657 10089 10091
2574,3568 12695 12696 5328 9958 8487 2665 8213 12183 5327
2575,12697 12312 10980 8508 7753 2238 12065 1392 12996 1343
2576,6211 4785 1581 2174 1969 1443 8224 6216 3768 11017
2577,11715 442 9118 3380 9033 3332 186 11714 7989 4320
2578,12699 12703 12700 12701 12702 12704 12705 12707 6816 6539
2579,3234 11465 5413 9184 4823 295 3378 3237 4884 3235
2580,1833 1835 6176 6427 9849 2457 7303 9954 463 832
2581,12709 1683 12318 11576 4924 2228 4410 7557 3448 8286
2582,11370 2085 4663 2084 611 4653 11368 2083 12710 12711
2583,7284 2917 6521 4378 14088 5888 8955 4088 9077 3495
2584,12274 12182 8757 12275 13996 11207 14772 6101 6099 2805
2585,2407 6035 6815 1762 700 12713 9219 12153 3508 4260
2586,12714 3467 2588 5577 11843 14274 2075 5555 1423 11084
2587,794 10270 9619 12716 12715 2651 3104 2052 7043 2656
2588,12234 12717 575 8840 574 13105 12471 576 10034 13384
2589,11830 1484 1750 1068 5458 1477 1080 1280 1081 4143
2590,1677 8318 12718 12925 7878 5483 12947 1675 1678 2860
2591,353 7046 12720 6842 6085 5174 12719 575 574 5498
2592,383 4759 2067 5070 4360 2859 11289 12253 680 709
2593,12722 12723 10726 12721 7673 12464 684 8088 14056 6774
2594,11381 11226 12729 12732 12239 7081 11816 11224 10629 11225
2595,3559 7276 3162 11089 201 445 14667 14666 323 11130
2596,3213 10477 651 759 10594 3936 7238 1476 3682 6965
2597,4780 6348 3715 9480 10718 3254 6064 10656 9033 7290
2598,5782 7141 9826 857 5781 10255 13998 3862 14064 6329
2599,3804 8825 12740 12495 5349 14402 9076 14020 3806 3805
2600,3943 3909 3148 7391 15222 3875 12741 4893 2810 11809
2601,10340 545 10234 3127 5947 7989 2080 8186 11706 7708
2602,12745 2820 12744 3465 12743 2815 2742 12426 10260 13059
2603,9974 2427 8842 2426 2431 2432 11590 10151 12361 10152
2604,11147 12623 8496 11684 7172 6685 9267 7939 7475 6629
2605,9194 7065 9751 2876 2014 11347 10843 11808 9625 8159
2606,12751 12750 12749 9502 5925 228 12443 12614 9689 14434
2607,7017 4953 1577 14458 4955 8702 6818 4956 11425 7534
2608,10763 9702 10334 11329 5145 7415 12752 3549 7416 10766
2609,12753 1675 5476 11030 2563 10215 11707 3649 12387 2523
2610,12754 12755 11183 5815 4742 11181 10114 11182 6254 3492
2611,1354 2369 1357 9663 1829 9962 2370 10366 2886 4141
2612,2600 5196 7965 3945 9551 724 5051 9780 2115 489
2613,12762 336 3664 12761 12760 961 966 967 9879 10930
2614,6084 11130 3559 12764 797 6029 12150 8817 2957 3796
2615,3038 6553 2880 14745 4598 4036 2014 1357 4037 14751
2616,5001 3620 6957 11291 1963 10909 5062 9897 4635 7708
2617,2133 5725 2469 2323 8525 10636 8233 10446 3131 2632
2618,12765 1147 9939 1142 1137 1150 1149 1155 1157 1141
2619,7246 5904 12085 12766 5917 632 5592 4175 10125 3104
2620,12768 12767 12769 9672 7988 9674 2333 6306 10231 12782
2621,1443 3036 3698 9715 3188 3196 11706 10446 6041 3768
2622,12152 11609 4084 2225 7386 11324 6407 12782 9675 12781
2623,12784 1702 7245 469 3257 7310 14619 687 4175 450
2624,821 5772 825 5280 4104 10232 5885 2446 2065 3101
2625,466 8995 7918 4032 205 6052 1395 457 789 12002
2626,6859 6578 2331 9050 3335 4235 9693 11231 4092 12580
2627,769 834 4257 830 1978 478 832 1441 464 818
2628,12788 8346 12787 9942 636 10204 1868 8364 9606 10201
2629,12791 12790 12789 5494 323 3937 696 8297 3104 5767
2630,3280 3279 2059 1161 2832 2476 8273 3312 1285 12851
2631,12792 11792 7806 4534 12402 5485 4533 12401 3889 6334
2632,4877 6874 8288 1296 8293 185 8284 4880 3275 3722
2633,8878 1408 5090 11170 6044 8819 838 5083 11804 6381
2634,896 9286 11813 6470 2561 10505 9975 2573 4920 1870
2635,7955 2735 3441 4365 2601 2164 350 3702 4483 3767
2636,1822 1823 1821 1827 1825 4456 4464 4463 4462 623
2637,12798 12796 12795 12799 12801 6066 12794 12804 3268 11530
2638,8607 4865 9811 12097 2798 11138 2506 3145 4669 1621
2639,4736 6302 6242 9499 687 4638 3383 2211 425 4218
2640,1166 2814 1535 404 12805 2820 4514 3464 13625 12426
2641,12806 3415 8822 9750 673 4598 2879 11325 2891 6806
2642,5401 10781 5402 1022 1682 4636 3387 9867 3826 5908
2643,12444 12445 12442 12441 12443 11909 1721 7425 12809 1156
2644,6141 981 10056 952 4533 8381 3786 979 959 12403
2645,1646 10065 983 3225 9933 10308 2494 6689 10307 11139
2646,11654 8424 9226 1840 3781 14227 6544 6494 13208 6543
2647,169 149 1436 171 2838 5942 2625 168 130 5664
2648,10888 10539 9924 10018 12052 2027 12005 9587 9617 13412
2649,1801 12814 8270 3680 2603 14630 14627 14629 3787 12170
2650,12309 811 5151 7931 4189 9089 7231 2582 7708 3926
2651,11283 12818 10248 7866 12815 5785 12816 2926 12817 1342
2652,323 4882 5001 12570 2133 7570 12964 7560 10916 7558
2653,3403 12821 12820 11035 12667 5096 12822 10880 15264 14330
2654,795 4185 9922 2521 8463 2195 6850 4353 2574 797
2655,12824 12249 11023 12524 12248 1665 1663 6228 9809 6619
2656,6326 12825 406 14811 15032 14812 13422 12502 5299 13851
2657,3055 3723 2480 10016 4897 1018 1960 3505 5734 14714
2658,4455 620 12039 621 5907 1125 12496 13536 9714 1877
2659,10493 46 8829 5218 12828 12173 10564 9243 10655 4014
2660,12232 3205 5054 390 8795 12233 9998 9581 1472 12231
2661,9656 3510 10530 1297 8584 10438 2412 5915 7570 3513
2662,12829 363 15092 8307 14981 516 3613 10325 10905 2958
2663,828 5089 1970 6919 796 2492 5315 8451 2001 1427
2664,6926 5484 5470 5469 5478 1677 5483 5481 5482 6925
2665,12835 12830 12831 12834 12832 12833 5159 5260 6837 6614
2666,662 3200 11173 8451 512 3223 251 466 1646 5066
2667,11713 10381 9297 10380 6970 2557 4307 2148 14341 10174
2668,12836 8912 14482 2813 211 11716 5836 1295 13927 10696
2669,12838 12837 905 1631 431 9473 9470 14466 4018 9190
2670,2540 3329 3316 3289 6203 11244 5386 2539 5220 3302
2671,10099 12589 7058 8443 10075 11889 4413 10953 4743 13702
2672,6522 6523 499 994 15269 9164 1799 1551 12434 12436
2673,12842 8761 7908 15038 7393 3444 12027 954 1740 9073
2674,10974 12845 12844 8837 11139 11066 12843 1391 3943 7183
2675,3811 765 5525 676 8483 1329 9562 5524 1101 9604
2676,12846 10219 13776 11490 11245 14725 7107 10027 14365 12681
2677,12847 12084 5038 5971 1282 12320 6216 12087 5961 1423
2678,3446 11732 4723 3450 3448 3447 3451 4724 13091 13088
2679,12850 12849 12851 4420 2832 980 13885 3280 4433 4435
2680,1879 2324 12144 12852 9715 1796 13625 6041 14928 6255
2681,12853 10972 4180 4231 3020 1797 787 476 6918 1431
2682,844 11427 11426 11174 4644 5071 2897 1648 11199 5566
2683,611 12854 12856 383 12855 13939 13133 14805 2135 2240
2684,12857 32 1383 8504 2130 8382 13294 10732 8378 2948
2685,9323 9324 1558 12236 12860 9830 11862 12858 12859 1556
2686,4735 10197 4734 4733 4737 4738 4361 4739 4732 1193
2687,10506 7406 11657 7674 10611 8821 8322 11143 8385 2831
2688,4059 2666 10980 4056 13451 2663 2664 3010 13810 8214
2689,9322 9273 9527 12862 1564 10822 8067 6374 10656 1565
2690,12863 4381 12864 13530 261 13709 1524 11774 275 10593
2691,5767 12030 7527 6226 11592 4665 9622 5762 6479 1679
2692,7382 12865 9849 8619 9954 5902 11455 9127 463 5134
2693,10913 1317 5535 1141 9547 4035 1135 1148 12866 5448
2694,12869 12868 5205 11592 12867 1451 252 3591 12651 2183
2695,12871 12870 14381 6675 13523 4588 8617 10678 5195 10905
2696,8611 2133 4278 7959 10240 11469 6413 13350 6166 3182
2697,12591 8519 12873 4022 8398 891 4798 10032 4809 7049
2698,12876 101 12874 12877 7121 3051 12875 3052 3991 3684
2699,7524 6089 5179 8884 12878 12879 15279 6061 2278 14227
2700,2761 143 7724 74 2765 12042 8799 7420 9309 14928
2701,1011 4138 4137 12883 4134 8805 12882 7057 7784 4132
2702,6294 6837 4281 12546 2458 891 6293 6597 10881 246
2703,12885 12886 7100 6123 982 10589 775 12777 167 146
2704,12887 12299 11775 13250 13249 12300 10971 3490 9451 1524
2705,12888 1590 7168 6946 792 8233 11986 12986 626 12141
2706,12459 12890 5886 13698 12891 13377 1176 13600 3814 8844
2707,6846 6845 6843 6840 3492 4379 6844 3609 6842 668
2708,7523 11303 8842 8843 10764 2431 11591 6011 11657 11656
2709,12894 1829 12897 9851 1357 2378 1354 2379 12896 12893
2710,12898 10716 6244 2654 5353 2995 6520 4596 6785 6685
2711,8472 2661 3982 4375 13384 5955 10729 9199 1764 7376
2712,12900 3067 12899 13166 2404 14641 3065 11941 4421 3068
2713,1354 8542 9854 4141 10998 1357 10994 10627 4139 10629
2714,6622 12901 10766 13892 3304 2706 14517 6476 6620 1744
2715,12902 7086 9432 9434 9431 9433 14033 9700 4443 10302
2716,12906 12905 9517 12903 7986 11286 12904 5430 14196 13409
2717,12907 4783 13592 10031 13591 4798 7213 4088 4793 12983
2718,1011 5876 4134 6705 9194 2890 11808 1777 5447 11347
2719,12501 6571 5299 5989 6570 10041 12535 11822 10733 1323
2720,8958 6803 7705 9832 7707 7706 12212 5340 1668 12708
2721,11778 7056 1002 11808 3416 10753 1010 2869 11347 1145
2722,4344 3398 1329 5838 3826 6302 1161 4178 10486 120
2723,2258 7131 2710 11584 11750 5022 2299 6518 786 2702
2724,12910 4593 5819 11981 4041 1336 6415 11033 11913 4012
2725,4948 5380 221 908 9104 12460 7401 4781 10035 13392
2726,11231 560 9050 4235 6859 11284 11232 6578 2331 3335
2727,5193 8808 10041 12501 2816 8809 1532 12534 5192 13351
2728,12911 2614 11261 12480 14315 5998 14679 11207 11714 11199
2729,3975 11379 6727 3174 10378 9024 10377 10376 11441 7764
2730,1146 12912 1145 12378 10753 4596 11808 11639 8159 8848
2731,4037 9810 6162 1939 6783 1665 12332 1522 6775 9809
2732,5044 424 3364 10049 9019 7906 106 2802 3733 12016
2733,6323 1317 4132 6809 9753 4688 4687 6811 7091 8166
2734,9125 5748 2141 11916 7153 2958 10458 363 8069 11915
2735,6839 2295 10272 6838 10031 7809 13772 4787 7963 10033
2736,9810 1665 1662 9809 6162 6781 2438 5385 1663 1939
2737,12920 12919 9236 10366 1825 2378 6733 10365 6553 2377
2738,12922 10497 6300 3319 3378 3377 5217 5215 4912 12921
2739,2876 1826 4416 3843 9850 14105 5450 9853 2374 7091
2740,12718 12925 8318 12923 7878 12466 2860 12924 8032 6883
2741,12929 1719 4138 2373 7067 9852 10461 4600 12349 7426
2742,11594 7165 5714 12930 12931 10000 7166 2984 9232 9395
2743,10995 7098 1826 4414 7099 10750 10754 10996 10998 7217
2744,12934 12933 6847 7077 10461 12935 12932 12735 12209 12734
2745,9203 3921 6863 2923 12633 9216 3931 44 464 6532
2746,1001 10508 9636 7554 4316 7427 9640 9641 8159 2998
2747,12936 3443 1011 7217 4690 4692 10807 5854 4132 4689
2748,12929 4687 4132 2375 7404 1719 4134 8159 4688 6705
2749,15 13 12 14 11 9759 8096 8095 13307 22
2750,12873 10049 7691 7049 7169 10725 2397 363 10046 10047
2751,6172 10714 12937 10363 8650 1851 11649 12352 8649 12938
2752,6725 6717 6719 3893 8517 6718 15187 693 14652 8897
2753,12939 11733 4948 1041 3425 231 1116 4455 6164 7478
2754,6809 7425 10953 4132 6806 6811 9756 7426 2869 8982
2755,12940 10318 10319 695 2215 10315 10320 10313 697 2556
2756,4807 12941 4806 705 11854 240 11469 2266 7999 13197
2757,3076 3079 12942 4402 3078 10858 6703 3077 6704 2616
2758,12761 7655 12943 3663 12944 15052 2441 12946 966 977
2759,2371 2375 1322 1778 1321 4060 4606 6363 6361 1320
2760,4581 12946 11833 966 9880 15052 7655 12943 1540 4589
2761,8882 4352 4852 10481 8084 5385 12417 4455 4798 8078
2762,1648 11014 466 500 698 10446 8284 1646 5087 8759
2763,12947 7880 2439 6887 6165 11305 13765 12925 7858 8532
2764,12949 2795 8288 1544 14600 1996 1998 8629 1997 6874
2765,10569 12735 7077 10570 10461 10568 1320 5871 10627 11381
2766,12952 12953 12951 12955 12957 12958 12954 12956 12960 10448
2767,2145 8996 746 609 5831 96 374 10895 1383 12510
2768,12962 11790 10180 12961 5177 9667 14410 732 1511 9179
2769,5324 8592 12963 12068 6002 10086 12612 14164 10036 1957
2770,1938 12965 11356 4358 12590 10188 1222 10323 1366 13359
2771,2742 1165 2741 4516 2743 6000 6001 2820 1166 12426
2772,5041 1296 5043 795 5058 5053 5051 4249 5027 878
2773,12968 12971 12970 12969 11038 14454 12967 12129 8629 14369
2774,12972 12973 8766 9937 6516 12279 14095 14013 10852 6370
2775,383 1170 8715 4286 3153 4404 11289 4395 382 680
2776,4569 3242 6070 4204 4627 5638 3241 10232 4568 705
2777,12976 10860 12977 12975 5833 3716 12974 12978 10081 7916
2778,12979 3521 13554 3024 14530 6166 10498 470 14714 10512
2779,12980 9972 6670 14314 1196 6629 11026 11780 10467 10465
2780,6317 1901 1100 4820 1047 3110 2686 9048 6223 9564
2781,12982 5889 12983 8980 6397 11862 6931 12579 7519 8981
2782,11935 7400 12191 11905 11669 3577 5397 11707 725 10386
2783,9996 7532 7539 9998 7536 13842 7725 1265 7540 3591
2784,4932 2284 12985 13922 5799 7482 7476 10005 11024 7473
2785,4599 7366 7554 11528 7427 2875 3085 1779 5449 2869
2786,7168 12986 10011 12888 11840 11842 1590 792 14143 6612
2787,9690 11835 10264 5766 5764 5677 1737 38 13798 3507
2788,12988 6558 1593 11142 9825 2440 5426 2413 10021 2022
2789,12991 12165 12992 8086 3795 8635 1742 12989 11209 7558
2790,11881 12994 12426 9794 2820 5998 2741 1323 13188 11879
2791,7456 5604 4285 5605 738 4747 4750 13057 11025 5591
2792,8241 6971 2950 9531 4484 15077 9185 10173 5779 1807
2793,10995 7098 1709 7099 5537 10754 10996 10750 4414 1010
2794,4345 12996 10155 8270 2219 13877 13484 14413 14399 10980
2795,4284 9694 5237 13224 13039 3402 15025 202 2415 5147
2796,2379 11347 2375 1916 9853 2372 1357 11816 9851 2380
2797,10845 10844 12677 12999 13000 8085 12645 13001 12184 12998
2798,5879 12463 13004 11153 1625 12479 14152 13551 3182 14090
2799,2815 13006 13007 405 2820 1323 12426 13005 14879 13334
2800,280 3994 5183 183 225 1041 7369 3855 4335 12329
2801,13011 13010 13009 13316 13410 13008 9015 12903 11554 11557
2802,13016 13017 13015 13012 12325 5415 3488 2739 2986 11316
2803,12417 6268 4352 6269 13018 12409 14329 7868 11716 2664
2804,13022 4655 4646 4648 2804 4645 4650 4657 4652 4653
2805,12383 5358 13024 12597 576 13023 14754 15132 5356 6389
2806,13026 3097 12421 9588 2900 14977 13025 8565 14978 14619
2807,13027 13028 8471 4388 13029 1123 10839 9403 4798 2976
2808,10627 3416 8982 8542 11778 1003 3668 10843 10750 10753
2809,2086 3012 11003 5564 2093 14744 13816 11004 11039 14784
2810,3937 7283 4981 4049 2297 1058 11748 12791 12790 12789
2811,11779 10289 11856 8839 10670 3772 14095 14013 13571 11784
2812,13032 11029 10592 10343 11943 5898 2446 12320 1294 11732
2813,13033 12043 1192 11155 8418 736 2608 7341 2294 1091
2814,8357 4371 6525 4935 1910 5296 8613 6524 13035 13034
2815,3222 5145 7415 1054 6433 1052 4976 8249 1413 1049
2816,13038 13037 10056 1529 8964 5109 1475 405 1535 8780
2817,7771 3921 12634 8556 4841 2118 3931 8557 7304 4997
2818,13040 13039 9015 13900 14075 2947 14077 13008 12323 14074
2819,12481 7886 3128 8203 4933 528 9285 4504 3500 6904
2820,6376 9609 7458 7761 3538 2736 217 11476 5502 5633
2821,806 3603 1835 462 811 12687 12686 464 476 780
2822,879 871 8403 2764 466 868 869 1047 1901 866
2823,1622 1617 1285 1620 234 96 1619 1618 1446 6876
2824,570 7285 894 9921 13042 255 9215 9241 7520 571
2825,7712 1176 11983 3814 5886 13045 11846 6058 6763 7251
2826,9122 9372 3552 11302 9680 11200 484 324 442 9033
2827,9048 3210 10823 13048 9653 8672 3120 1972 4353 4184
2828,10931 3496 1540 10583 7655 12946 15052 12943 9880 10930
2829,1354 2371 2886 2369 2370 1829 11347 1355 1357 9853
2830,4608 10367 12058 13565 7076 4136 10576 6737 10368 10574
2831,2821 7694 11534 5408 8058 12483 5834 2819 405 7691
2832,3222 9249 2079 10489 14663 1423 1574 2765 12320 9314
2833,5788 4705 1406 13049 6507 10941 6497 6092 4172 6486
2834,8525 13050 15169 14901 14214 14213 15218 15219 15170 13736
2835,11140 4486 10295 7387 11960 1284 12573 8935 4489 1480
2836,2667 7562 12616 7563 7557 7564 8899 7558 7565 7560
2837,13052 3262 11627 2742 11747 13708 5195 8892 8308 12422
2838,10364 10820 11271 12822 8711 11136 5097 56 9592 6436
2839,11420 4035 10071 10072 10073 8645 3442 10074 10075 14745
2840,2014 6432 4598 4574 11347 11808 11805 10355 5874 9853
2841,6938 4406 1693 11070 5403 6937 5250 6936 4405 8383
2842,488 1584 6034 6022 1452 464 1646 3020 2766 2798
2843,6106 15248 2653 2608 14306 2609 12206 5452 8999 7431
2844,1354 1357 2378 2369 1829 2014 1355 6553 6550 6360
2845,8808 13635 14328 13351 5193 5935 13343 8809 14359 12501
2846,8488 7188 11919 2637 14925 5522 14741 9773 8960 7751
2847,12551 1859 5673 11120 4626 13992 14458 8477 14226 1860
2848,3568 7825 9032 12173 5328 5327 12646 3482 9958 13738
2849,3841 13056 10591 11959 11884 14566 13526 8256 14543 14913
2850,11627 12509 12422 7675 11583 1528 13052 3262 8892 5188
2851,518 13058 2113 5460 7616 9563 10964 11465 4578 3172
2852,13059 12745 404 1166 13248 2820 12744 10525 2815 3465
2853,1011 2980 7554 7423 4604 10199 7057 2996 6806 1010
2854,5364 443 970 3771 3132 3770 4396 2635 976 559
2855,260 10850 13061 2003 10832 4537 10853 10849 10851 5391
2856,12536 6364 7094 4134 868 12168 5447 10199 4414 10088
2857,7837 12360 7291 3605 5548 5040 1460 5061 9261 5083
2858,2463 2961 4857 7933 466 7570 9506 464 9509 1204
2859,11347 5671 4141 10365 9236 6320 10366 12729 1011 1357
2860,2793 2787 6136 13064 11544 10979 8899 11202 3275 6279
2861,12685 12684 10427 1554 11689 13068 8781 9137 11611 7650
2862,13070 6623 11592 6226 2627 11177 13889 14237 4069 2166
2863,13072 13073 9348 11472 13071 2789 12649 13996 14232 13946
2864,2207 10 8711 10360 9145 11136 12287 6322 10364 3948
2865,13076 12914 5839 4037 13075 4317 2880 7065 13981 2875
2866,11115 5205 8426 5466 661 2277 12869 5745 8226 5372
2867,7340 794 13077 476 1389 4 149 8190 10446 2067
2868,1001 6364 12644 11892 4413 8443 10994 1010 13702 10355
2869,6579 5299 7800 10359 6575 1682 5176 11706 130 10356
2870,13079 13080 13078 6095 12459 10983 13823 13177 3507 11366
2871,13082 11899 13081 1532 2614 5998 2820 12426 408 11897
2872,5505 507 7645 1052 13083 7644 5501 6433 5502 4976
2873,6151 2101 6150 7266 6153 5777 6156 6154 6152 6149
2874,2751 3115 8721 1750 8939 2692 2037 1068 2691 3740
2875,10902 3526 11474 8614 135 3541 204 2839 7172 8360
2876,13091 13098 13088 4723 13097 13090 13089 13062 13093 8706
2877,13100 13099 987 1256 2669 11584 13101 5022 1255 2671
2878,13102 13104 12521 13103 11783 265 13368 14117 1360 6842
2879,1371 3237 1370 3234 4883 4887 4899 4906 4891 7558
2880,11088 8300 2250 7930 2707 5726 8551 8925 1612 678
2881,7704 11656 12138 8842 7523 8229 2437 4561 2432 2645
2882,9180 2032 10729 13105 8797 13236 2490 2505 8223 8801
2883,13106 11337 5297 13107 13403 4373 10902 6844 8614 9331
2884,11347 11225 2379 11224 11625 4145 10747 10629 11226 11816
2885,9855 7206 9856 5049 4220 2638 780 9700 1638 9705
2886,13109 13110 11342 13108 8518 7647 11925 12351 9505 4798
2887,314 9934 12816 6128 1342 5940 659 3749 10964 3717
2888,8059 9655 7628 9650 5617 6252 7625 6687 6883 7294
2889,10627 7215 1771 8982 6804 11000 8542 10629 4743 11226
2890,13112 13111 11347 7215 2375 2379 3083 7057 10088 1011
2891,10085 13114 4718 8275 10976 10695 5554 7443 10694 9494
2892,2117 1017 10885 1035 1033 12197 13546 5047 2191 1034
2893,11135 2112 1313 6335 9219 10961 3859 6879 11401 460
2894,12936 10807 7217 1773 5688 9664 4132 11808 1353 5531
2895,3559 9651 8823 14005 1300 11130 12698 6084 3973 5978
2896,9967 1711 1709 13713 8848 1708 1725 1150 12348 13712
2897,12520 13116 2839 14725 5399 7648 11610 11620 13845 13107
2898,8376 5574 9911 7157 9927 12811 9901 9311 12517 9924
2899,10715 7129 2142 7130 79 3021 14100 13388 7123 91
2900,2742 2815 11110 2614 360 11878 2820 11788 1532 1165
2901,3536 1958 13118 13907 12695 13001 11367 4382 3543 8105
2902,1095 4180 1252 6648 745 169 7504 770 1797 6516
2903,4249 878 5051 5045 11758 5042 5039 789 5055 4238
2904,11129 6389 13024 13123 12383 13121 1793 808 13122 9150
2905,4515 9784 8826 2820 1532 13344 4330 2741 10206 8904
2906,5405 8058 9199 5023 5408 5406 12483 13728 7408 7229
2907,3494 9409 9182 5827 7178 3483 11186 9410 2482 5828
2908,13125 2695 4310 372 14981 2989 12422 15242 3538 1280
2909,2820 13127 2742 1165 1166 13126 12426 2614 3465 3464
2910,6433 17 2071 5424 4976 7133 1687 5501 3453 1014
2911,11399 8766 14199 726 4703 12972 12973 8768 75 1208
2912,794 3500 10017 10486 7320 1798 618 10678 2311 5974
2913,9441 2909 9601 13130 9596 9483 1507 9598 9179 9600
2914,7855 6236 9895 6784 1676 9830 13044 13541 7853 13545
2915,12362 3114 13132 3753 4757 9343 1808 9325 4513 2298
2916,170 4243 8819 5398 163 176 143 4241 2448 457
2917,11586 114 10503 3018 11070 7159 105 3021 91 10888
2918,3443 4689 4692 4690 7217 4132 12936 1704 4688 5688
2919,9035 63 10806 7156 10479 97 12052 70 2479 1441
2920,7132 12810 7135 7134 11719 12384 8999 1367 11658 6207
2921,12354 12363 13137 12131 7950 12588 12587 13138 527 12938
2922,13142 13141 11763 2946 12026 8978 6389 11764 7530 1590
2923,10572 5397 11669 13143 10571 2101 11905 12327 5396 12191
2924,2520 6871 2150 6872 6875 2489 715 4866 2501 10876
2925,6429 2212 12812 9613 6424 6418 6420 6359 6419 6430
2926,7783 2017 13144 10279 8977 11871 8226 10280 2015 5374
2927,13145 915 639 4009 976 970 962 963 958 981
2928,13150 13159 13154 13149 13155 13157 13147 13156 13158 13151
2929,8646 13160 2833 12172 3480 1703 8244 6283 10724 2835
2930,13014 7774 1064 4377 8938 1810 4843 7485 4632 2638
2931,13161 12853 6918 3020 4080 4079 462 476 10446 2935
2932,98 2293 12359 8418 2067 2290 2294 2860 7341 2296
2933,13163 13165 13164 11439 11435 11438 1721 10936 11436 5440
2934,13166 3067 14407 14217 9360 8735 10562 9361 11384 10260
2935,13168 10460 11957 2687 10670 975 5841 3504 8979 10214
2936,795 1219 794 5315 5041 466 7044 3223 11215 4254
2937,1581 13169 7829 4739 11985 10583 1583 245 1582 4388
2938,12567 6685 8968 5157 12928 12082 12927 5353 10870 2108
2939,10173 10634 42 7613 5493 6437 13514 8241 8501 2216
2940,10715 13174 13172 13173 8138 15190 9214 15067 5787 14597
2941,5917 5904 6086 632 10125 6228 6855 11050 633 1394
2942,2705 5196 7001 6160 2008 8409 6165 7103 3669 5197
2943,6622 10767 2985 13892 2979 6476 8575 9809 13365 6189
2944,7409 4629 13177 7541 7408 914 9556 11286 12524 683
2945,4132 2869 4687 4688 8166 8159 10258 9753 12917 9194
2946,6543 9661 13178 6493 9807 6505 13180 7934 13179 6251
2947,4687 1317 4132 3083 4688 1777 7554 6806 9628 8645
2948,2371 2375 10994 5845 9853 6361 6804 4606 10998 11347
2949,12426 13189 2820 13188 1529 1166 4514 1165 2364 13717
2950,8841 6287 529 6279 538 6285 6286 6291 6292 6272
2951,11769 12081 1179 6772 12479 5196 7209 13832 14384 1170
2952,13190 6206 6207 3195 771 11479 4877 7132 6205 7135
2953,8041 13192 8256 11622 11978 1947 2156 1674 7890 4023
2954,13194 13193 10930 12231 1839 1540 8263 11706 12322 10223
2955,8725 10187 13195 10186 7200 5347 13766 14040 8467 7863
2956,4132 4037 4687 4688 8166 4689 9753 14745 5447 10199
2957,13197 13198 368 13199 4806 10446 7999 1648 12766 1672
2958,3854 8784 13110 1878 2440 8529 8840 563 9874 9869
2959,13201 2614 13202 2820 1167 5998 2742 2822 12007 13200
2960,4139 1321 5849 2996 9756 1320 8159 5848 6847 7062
2961,11395 908 10118 6170 62 9682 12468 2108 906 6239
2962,13206 13205 1123 6171 9477 1665 6173 4069 6187 6183
2963,2914 13208 1115 9226 9837 1840 13207 9835 7949 3980
2964,13209 2869 6804 10627 10991 10994 7068 4135 11000 10628
2965,3412 13210 13211 9713 12990 3526 11762 13690 14012 2700
2966,13213 13217 13216 13215 5601 13214 77 5023 10561 10755
2967,13218 5694 12088 5697 5693 5691 5692 5696 5695 12090
2968,8111 8381 10064 3786 981 8379 8388 8380 7747 8384
2969,10157 13221 5199 13220 12840 1983 5201 7809 4798 5200
2970,5718 4872 6012 6964 1646 5580 6967 2939 2933 11761
2971,1352 7940 4962 1753 12461 5157 4068 1847 8114 6187
2972,13223 12334 8153 6364 1011 11347 14363 11274 10355 1010
2973,4284 13039 13224 13040 2947 12323 12793 9694 10731 15025
2974,4528 13106 4527 4529 4530 4525 4520 4526 4524 4522
2975,13226 2921 569 6464 8319 11321 4523 8785 7960 5652
2976,6730 11076 1327 9838 5899 8478 7803 4595 9894 12550
2977,1317 4037 11528 7366 3083 14745 1135 2874 3442 2996
2978,13227 13228 4977 20 17 3811 8268 7913 175 9602
2979,10105 4309 5601 7254 2418 12554 11845 6774 6501 7018
2980,8360 13229 8359 8358 8357 5647 11775 8966 10717 9659
2981,1679 11964 6226 11743 1681 1680 2722 5264 9475 10272
2982,787 1331 476 797 794 464 1213 6012 4231 6027
2983,2869 1719 12929 8443 9852 11889 1010 12917 10992 7057
2984,5688 9749 5447 4132 7217 12656 10258 8982 1011 5875
2985,13230 10002 12861 13706 9327 10003 1861 9510 6772 11509
2986,6351 13233 13235 8906 1532 13234 1741 12006 12007 4515
2987,10719 7651 11533 6165 10106 10116 10120 10118 10121 7745
2988,9180 13236 11266 5685 7108 10729 12913 2032 8680 10808
2989,4753 11896 1939 4962 4964 11005 6544 9225 6494 4754
2990,11020 13117 6936 6392 14420 13123 7356 12437 2425 11689
2991,10199 5687 5447 9534 7554 10899 7427 2881 15017 2875
2992,10995 7099 7098 12259 10996 10993 10355 10754 11000 10554
2993,13241 13240 13239 13238 13237 13767 7889 7107 4523 6943
2994,13242 13243 8802 11376 11951 9904 2527 8587 114 4432
2995,12426 13245 13244 12882 2820 404 13128 13188 1165 1166
2996,7102 6733 1704 9755 8822 11798 9746 8980 10355 12262
2997,13246 1884 12997 13247 13433 1885 13432 5407 13532 14809
2998,10731 4836 529 14154 11410 528 6129 7250 7236 14021
2999,7050 10264 7929 3810 5592 6358 14356 467 4191 10171
3000,13032 10343 11943 6626 10001 11029 10344 10592 8003 13714
3001,13248 10525 12745 2820 13059 12426 13701 10260 2815 4516
3002,5368 3553 954 8080 5374 5363 11097 11287 11288 9281
3003,12887 11775 13250 13249 9451 3490 1524 12299 9453 8358
3004,13254 13252 13255 13253 4551 7262 14340 9395 10000 9233
3005,12068 5324 10086 7825 12647 12310 3561 1886 12963 6002
3006,7217 1429 1704 6363 5688 1353 4060 14682 12936 3443
3007,12480 9566 7859 10900 11261 12479 10447 12911 9076 14659
3008,10413 1225 13258 7508 252 14112 3934 10412 427 1971
3009,4284 85 10496 13224 2543 2551 15025 2536 82 202
3010,3464 13260 1166 13259 3463 11052 13731 12426 13575 2820
3011,10973 4350 1081 9082 512 3766 13261 4025 5059 2928
3012,1918 2529 7732 2522 7762 10140 7726 1504 2565 6890
3013,625 13262 7304 6972 3642 4292 11072 13517 10660 2139
3014,10240 216 3942 6382 5706 6018 3104 11844 5079 10594
3015,13266 7171 9996 1265 7169 5246 9998 6477 4465 2699
3016,4441 169 7717 5719 624 764 773 10922 686 11659
3017,241 9082 11652 791 250 6870 10446 2148 242 803
3018,11474 5549 3410 4008 8292 143 5577 2448 4005 1452
3019,7631 9849 4127 9954 15000 1395 5225 7382 12865 13597
3020,13270 4132 4688 9753 8166 4687 2869 6809 12071 6734
3021,2741 12425 2820 13271 12426 2744 13344 11879 1165 2742
3022,13273 2484 119 186 4913 11115 3356 3316 3359 5812
3023,7409 683 619 10898 10347 3630 1414 2427 7541 7408
3024,13277 13276 10798 2681 13737 11799 10095 9059 8541 1612
3025,13280 11248 13279 9823 12519 12527 13278 14065 10286 13616
3026,13282 7014 3486 7015 9412 14545 9406 7013 13556 9307
3027,5863 9644 3845 4139 9628 3844 5848 9645 11624 2871
3028,12329 7236 529 7241 13293 13144 7746 12328 8278 952
3029,13283 4956 5010 7592 11353 9846 1678 11736 4586 10851
3030,10773 5880 13284 4524 10771 10776 10767 10768 10769 10770
3031,12437 92 12194 93 91 81 79 94 14420 15064
3032,5846 2869 2371 2369 7404 1357 2375 6360 11347 4743
3033,11405 13286 4135 4605 14512 14591 14136 7072 11403 8164
3034,7625 3421 3671 7745 11438 6169 3672 6247 10352 2982
3035,486 864 781 7233 2411 911 9046 149 10132 11086
3036,11022 642 2010 13684 2011 11251 11252 9084 6066 643
3037,1317 4037 3442 5667 4280 4943 1775 4596 1438 1724
3038,13291 13292 13299 13293 13288 13294 13295 13303 13298 13300
3039,12480 10900 8212 3011 13306 3565 3563 11405 13361 15167
3040,11631 13 13307 9759 8096 12 8095 15 13740 14684
3041,9340 11917 8621 12510 12130 12667 2549 5748 10291 49
3042,1009 9639 2891 8504 11722 4605 2957 7553 4603 8159
3043,5191 2516 7130 7129 2026 7372 3598 9925 5193 11876
3044,10372 10373 155 10371 10370 156 153 152 3595 151
3045,5203 12573 8056 4500 8943 8305 11140 8307 3733 3976
3046,13311 13309 10879 25 13310 10876 715 10878 1130 13431
3047,10411 8528 11556 8870 11561 5754 152 151 8728 11562
3048,6725 8517 3400 5365 6717 6719 6718 3893 6130 15187
3049,12820 13315 10880 13314 12821 11555 14805 14330 8362 12905
3050,287 2067 618 5229 7700 10516 14127 3284 2294 7340
3051,3405 3404 9337 13317 71 2067 8577 158 11821 3403
3052,2959 12667 3403 1381 7000 2652 7246 5787 5186 5786
3053,12654 4839 538 10881 4835 526 4841 4281 4837 4840
3054,13321 8869 11111 13320 4791 13319 15097 5935 13855 12070
3055,12671 12743 12672 2814 1535 5345 13672 1525 13349 12745
3056,2820 13325 2742 1165 1166 6350 12426 2614 1532 3465
3057,12426 2364 7396 2745 1532 2820 4330 13188 13005 2741
3058,2742 2744 13327 4515 1165 1166 2820 2741 2614 3465
3059,1532 13234 6993 11897 13328 12006 13200 1167 11112 8810
3060,10732 2042 5732 555 2959 8171 10346 10345 2740 11392
3061,1532 13006 13331 1325 8904 2741 2744 13332 4330 13334
3062,2741 2742 10207 1165 13233 10206 11112 2743 12425 6001
3063,13340 13338 13339 7686 4515 2304 937 6708 312 14016
3064,2744 5998 2508 11913 2741 7686 2742 2614 8904 4515
3065,7249 7229 15199 2959 14694 13854 12483 10865 14539 14693
3066,8300 7824 10528 14395 11088 2250 5063 3355 1612 3705
3067,12426 12744 2820 12070 12745 1323 1165 13188 2741 2822
3068,4515 408 1532 11822 11899 2820 1323 11112 1529 2364
3069,1323 12816 2614 12114 2820 8709 12426 405 13330 3465
3070,13343 8761 12271 14328 14138 12842 13730 8827 7333 7908
3071,404 1166 13344 9791 1532 12426 13059 2820 13188 12742
3072,2820 1167 13005 1165 12007 13200 8904 13347 12426 13346
3073,13346 1535 13005 12008 11524 2820 12426 1165 1166 13347
3074,13350 2722 10280 2133 2489 583 1054 478 8778 11289
3075,2614 2742 7807 9767 13352 5998 2820 1532 3465 2743
3076,8904 1532 1323 2820 9784 12426 4515 2741 4330 11112
3077,9784 13354 9793 404 2820 9791 13344 2741 12426 1532
3078,13200 11392 1167 12007 1168 2820 12006 6941 11393 10732
3079,13355 8726 8729 8629 14785 5516 14114 13286 6719 14922
3080,7393 12027 15038 1165 12842 6282 8761 14155 7908 9001
3081,13357 13356 12380 1671 11788 8528 13629 2820 12426 13339
3082,2820 405 1323 2614 2742 12426 1535 1165 1166 13651
3083,8534 5929 5935 14880 1237 15129 8735 1514 8736 13321
3084,6187 7939 9682 13358 5713 3952 1847 5157 12033 9655
3085,11965 13318 4591 2314 1475 9465 8892 8894 11583 11880
3086,1996 11714 9079 12949 1997 8629 1998 13816 13814 8215
3087,10995 7099 7098 7215 7095 2881 1010 11000 10998 12637
3088,13363 13362 993 9946 991 12384 2136 9158 1965 1289
3089,11347 9853 2379 2375 9850 1357 9851 14283 2380 11816
3090,13366 6780 6781 1665 1852 9809 9803 6779 13887 13365
3091,5427 6376 12180 6568 12187 1020 875 4857 11039 3525
3092,10444 10443 2850 10442 6094 5199 13368 5650 5920 10157
3093,13369 9552 7702 15076 9553 9227 11613 14792 7622 9787
3094,3415 9750 4402 1154 6734 1155 12255 5672 11436 9664
3095,4385 169 13371 149 258 873 10616 5371 13373 618
3096,13374 13375 13376 13131 1718 8989 3484 4569 13177 10226
3097,7328 11967 11642 3847 4275 11603 709 12965 4796 13378
3098,9751 7055 4135 10953 4136 4605 8164 7068 2617 3679
3099,10357 96 2555 4471 4256 2152 6898 7912 4876 6901
3100,11212 2137 10892 8589 8590 14511 11692 2149 6764 8240
3101,3388 11145 6305 2174 11141 11143 11144 12459 2933 8844
3102,1826 8468 4414 4416 3843 2869 2876 14105 6364 10199
3103,13380 1011 4039 14745 4035 9194 8848 4402 4037 2891
3104,12289 12290 13381 12292 12293 12675 13382 6818 12183 8101
3105,12437 12194 9996 6057 14420 11729 14521 92 13117 8246
3106,9699 11274 7568 1659 9539 7527 12561 2048 1114 10717
3107,13386 13360 6544 6494 9226 4699 7350 10610 7949 13387
3108,1826 5450 4414 3843 4609 4416 4139 10815 10752 6805
3109,13388 11126 3063 11914 9610 10715 8587 14840 14839 14686
3110,12617 1128 5634 12093 14066 11211 11363 5 9772 13063
3111,7988 12769 2335 12768 12767 6141 12403 2344 2348 9672
3112,13389 8785 12490 11336 13094 13225 13226 6158 7964 14144
3113,2559 7346 2490 5972 2186 9685 4226 7863 4383 9281
3114,3941 6371 2342 10727 350 1820 8964 476 2749 8293
3115,2208 9822 13126 12170 13127 7832 13546 1045 2025 5546
3116,13394 13391 13359 13393 900 6354 7934 8141 13378 13204
3117,9145 551 9146 10 1454 4500 1189 832 1667 770
3118,13397 11766 13045 11984 11967 13396 13550 1120 14437 8613
3119,6657 6663 10647 13398 6658 10403 6661 6667 6666 6655
3120,1011 12802 4387 1357 4140 9851 6741 1354 5863 6066
3121,4973 10050 4787 10051 1304 5174 9127 702 1300 8024
3122,1721 12932 8982 6805 7554 8152 8159 1010 10843 2874
3123,13030 10949 11822 10939 10940 14657 14337 7209 7055 9612
3124,13399 3897 12998 10456 5554 8489 9761 3892 13527 10918
3125,2102 2097 5594 10555 1083 725 1807 12267 5398 1834
3126,6377 10487 2217 2117 4725 7187 7212 8240 2785 3971
3127,2913 12168 9888 1582 6441 4230 11081 3338 12862 7291
3128,3427 12155 13405 13396 9623 13404 3428 7826 1119 5743
3129,13407 13408 10316 1872 3639 12550 13972 12252 13774 13773
3130,4447 13409 10680 8316 4448 14330 14196 14353 14195 12821
3131,13316 13009 13010 13011 13410 12903 12906 12905 14180 14007
3132,2013 4803 3113 5126 10110 861 10111 10103 6582 6752
3133,9617 13411 10915 13412 7734 2026 5642 3608 13413 2562
3134,10321 3560 2704 13041 12542 1735 4191 8184 6049 5480
3135,6360 2371 6825 348 1357 4403 2369 2375 9851 11347
3136,7455 10972 6421 4495 5486 3921 6619 5181 6498 1266
3137,9405 11958 2261 3524 5147 10295 10155 5233 6303 2515
3138,12583 9801 328 856 3587 8078 5754 3905 5253 12582
3139,11837 5271 10855 8176 10654 4341 12099 7551 8171 10998
3140,8190 4192 7299 8944 8068 9993 3382 2700 4773 3153
3141,7401 11602 8644 7513 13360 7253 12029 2295 10634 6836
3142,13420 13418 12567 11911 617 4550 6622 6189 10870 8968
3143,4687 4132 5874 3083 4598 9853 8159 4688 3415 1010
3144,6941 2820 13200 11123 2817 6866 405 11111 9784 12070
3145,8312 11112 1532 13323 7393 2820 2741 13344 6996 1533
3146,2631 7865 12189 3726 11976 9932 4804 11834 1024 11240
3147,7336 5687 982 8302 7100 12585 14276 12108 9532 3584
3148,10053 798 1087 10564 8195 10375 10372 12055 713 10371
3149,1719 2892 7426 4138 12929 2373 9852 7067 12349 2893
3150,13424 3019 11405 11221 9055 52 3240 14100 45 3243
3151,8253 12561 6739 6553 10192 6550 9749 12798 12795 12801
3152,13425 952 10731 981 7747 11410 959 13039 6284 8381
3153,9784 404 1166 9791 2820 13344 1532 2741 6867 11122
3154,3237 3234 1371 1369 3239 13313 1370 7561 4906 4891
3155,4035 4037 13426 14745 10073 5535 4036 10072 8645 2880
3156,5565 4643 4642 4644 12992 13427 5566 9083 5564 4647
3157,8904 177 1532 7333 1533 13006 2820 4515 11112 1167
3158,13114 11208 10431 10243 11190 13066 10085 13067 3365 11209
3159,9457 7371 7730 9926 311 9927 9924 6907 188 9911
3160,9238 5570 7236 6724 3778 8316 13428 13144 7241 6284
3161,6654 13429 4997 14301 5335 13903 5471 657 12556 6869
3162,9372 13431 5793 5514 9836 5374 5175 13430 11368 2017
3163,1837 1935 7925 3587 4317 1113 1011 8795 7833 3962
3164,13432 8075 2805 13433 13608 13532 14031 9760 1884 13247
3165,13379 11607 3298 2798 11944 125 4987 5836 3765 294
3166,13435 2929 10837 12359 3974 3648 8533 8505 10838 12510
3167,11183 4742 336 3103 6254 2227 5815 4091 928 7185
3168,4862 10432 8444 4769 7622 578 1646 8953 8988 11761
3169,12188 552 8796 10025 11924 4914 3750 62 8113 6190
3170,618 5580 287 612 13438 10018 12052 2499 745 1639
3171,13439 13440 13850 5193 12501 14884 15102 13349 4533 1325
3172,7926 3507 7679 2779 9690 9049 3902 4175 998 14199
3173,3945 10359 13735 10356 2674 4780 3367 5176 11072 6833
3174,13443 13442 12370 7427 4139 2996 13444 8159 6807 6806
3175,6125 9446 13446 13447 13445 13449 13049 13448 5262 6091
3176,13450 4624 1358 1315 1148 4622 13983 4611 4612 13185
3177,4170 3070 4706 5921 7895 4699 6515 5903 5907 6146
3178,3441 3493 1970 4819 8549 3151 3925 12100 2110 5943
3179,13451 8629 1634 1996 4059 4058 2610 13816 4057 4056
3180,13453 2814 2815 2742 2614 13452 2820 13701 14599 3465
3181,1001 1006 1008 1002 7062 1004 11892 6804 1012 12644
3182,13454 7152 7776 4052 1086 506 1573 1943 1085 1061
3183,13410 12584 7249 1747 3400 3974 1106 8817 5365 13455
3184,6622 13458 4338 13459 13457 13170 2731 2979 13456 3522
3185,13463 13064 13462 9572 13461 4909 8899 2793 11202 13067
3186,13468 13469 13466 13471 13470 13465 13287 12758 10635 13467
3187,1646 488 163 3097 96 611 3225 464 8457 9781
3188,13475 13476 13472 13474 13478 13477 13473 11166 13431 1738
3189,13479 626 21 13418 7946 13892 8575 4707 1877 1469
3190,2741 5430 8729 14327 14196 13423 1532 2742 13672 8108
3191,611 868 4228 4759 1901 871 4238 12536 1620 15020
3192,3464 4515 6075 4516 1166 2820 2304 2815 2742 8906
3193,13481 13480 5471 6086 13903 13429 5335 657 484 5625
3194,13482 11916 8480 10458 49 12169 2141 9340 5748 10965
3195,2026 5281 11739 12052 2562 10888 5642 2571 10616 998
3196,8302 12585 982 4061 12108 7100 13484 11120 13483 5673
3197,13084 13486 11380 11545 646 7353 783 11543 2792 8759
3198,778 510 512 658 1449 13487 838 5186 3930 462
3199,11031 5104 11032 4174 11034 11033 1936 6692 7943 1785
3200,8882 5385 12470 8298 7341 12565 10894 4795 1123 399
3201,13507 13502 13491 13506 13495 13503 13500 13494 13498 13493
3202,4634 7020 2560 9028 4846 11285 4865 10123 200 2189
3203,707 10064 1169 4440 703 7671 10529 8111 708 11493
3204,5742 6114 11072 9648 6113 5814 6116 2808 11844 3109
3205,11560 13518 11974 2822 7798 12426 13670 12500 1525 12918
3206,3665 2652 13179 7938 6537 10701 7292 11471 3887 3641
3207,7215 1771 9080 3842 2317 10554 7096 6805 8159 12376
3208,13521 13520 14944 7226 14909 14942 14908 14004 8428 8421
3209,10678 13522 5195 13526 6128 8896 12870 2597 13525 4588
3210,7554 7427 10899 10199 4599 5447 2875 7818 1010 6806
3211,13257 8215 945 8825 9079 6824 13527 9076 9077 13817
3212,8158 9554 2379 9851 1357 1354 1355 1829 6737 11347
3213,7554 2876 3843 7427 4416 10199 4599 1826 5447 6806
3214,9649 13529 1953 6818 12265 13367 6285 11425 13400 9958
3215,13530 11116 11689 7660 12864 11781 7659 13368 5614 11114
3216,13427 13532 13531 5329 1885 11854 13001 13432 1958 9023
3217,12049 13533 12448 7379 9966 11700 1728 12048 12047 12297
3218,4599 1315 5845 9853 11347 10994 14218 10998 2370 2375
3219,476 3945 2457 794 8219 149 3217 1410 464 6833
3220,3489 13107 7469 13106 11611 2912 13116 7869 6828 13610
3221,13536 6497 5907 4171 10779 1127 5788 8235 6488 7641
3222,13537 13176 5614 13725 7660 9557 13848 6669 1360 14065
3223,13074 10051 1228 13080 11603 1223 10741 6095 1220 10047
3224,644 6346 11610 13538 6347 643 645 11921 5362 11702
3225,2197 3333 217 5012 14362 13807 9208 4936 13806 9220
3226,529 9667 38 9668 538 7236 536 12962 239 13298
3227,2996 7065 9194 7554 7427 1317 4316 10461 1003 2888
3228,4882 7560 7559 7558 10977 3573 13065 4887 10916 12964
3229,11749 8905 1535 13539 405 13540 2820 12426 13332 1323
3230,11477 3736 3737 6698 9817 3267 9877 3740 3741 11476
3231,13541 13044 13545 13543 13542 10557 13544 7085 583 7855
3232,3057 3058 3059 3056 3054 15061 15062 15001 3051 3053
3233,9889 4139 8982 6805 5849 4603 8159 9626 7079 11808
3234,4907 6681 1745 10045 13546 2025 8559 11160 6215 6475
3235,1777 3684 1008 9645 7554 1317 4626 4139 3083 2871
3236,13549 5492 13550 6393 11888 13548 11764 11021 5737 13547
3237,13552 12494 1658 2079 4772 14000 3871 2225 4989 9678
3238,13555 13553 9488 10573 1254 9253 13554 8691 12773 3488
3239,4037 13556 1317 14745 4035 2880 12332 13981 13426 3442
3240,2804 13022 4653 4657 11369 4655 4660 11368 4650 11370
3241,13558 13559 11306 14861 11315 14859 14860 7876 14638 14685
3242,12321 366 6621 8575 6619 14429 9264 6620 2108 13365
3243,13181 13083 12034 4374 5336 787 12447 13560 7847 10204
3244,2371 2891 2375 2374 2370 6360 1778 4142 5873 1007
3245,5998 13561 8904 13562 13201 2741 12425 2614 1532 4330
3246,13047 12508 12507 12510 2836 12509 12506 15051 11918 12505
3247,9654 10037 4186 6379 3236 2164 10024 13383 13415 10502
3248,9442 13564 11303 409 2431 12424 13119 131 10156 9768
3249,13565 4608 10576 10574 4136 10367 6737 1824 10578 10575
3250,13566 6241 2169 5710 10251 14237 626 13968 6240 5377
3251,206 3504 6343 815 9264 3441 10202 972 301 2228
3252,7380 9469 6147 14215 11073 6982 8035 7259 6156 9314
3253,13568 4673 10326 13567 7642 8237 8233 5907 10325 10324
3254,3735 9459 1409 1639 2960 13569 464 10888 618 3181
3255,405 13346 12426 13232 1323 13005 2820 8334 6001 13651
3256,466 13570 879 243 8403 516 1902 871 169 7370
3257,5569 4438 13058 13729 4536 4549 13728 4543 4540 4541
3258,4284 5191 13224 15025 2516 7130 202 7129 2415 9694
3259,13571 2921 7718 2013 11779 8839 2919 1609 412 12546
3260,2869 3094 5447 13572 1010 12917 2881 4607 5846 4132
3261,13573 6738 1151 8152 11578 1155 6735 1721 3082 1137
3262,544 12236 545 14167 549 548 9324 51 547 1558
3263,8111 3400 10130 13989 10064 7249 3401 7685 13308 8728
3264,12169 49 10293 10888 11916 1481 9903 4634 23 11069
3265,9241 7266 7551 7226 10230 2237 10060 7520 8922 1756
3266,12426 2820 1323 1535 405 13260 1165 10410 4330 1525
3267,1987 3413 7080 9195 14345 9746 225 10857 2260 5874
3268,7057 10953 4135 7016 7427 4605 2869 4413 5846 11347
3269,2891 10752 1007 10754 4609 1009 3667 4603 12656 8159
3270,5255 11610 2393 12552 8497 2839 3489 1524 7826 12235
3271,1071 12797 1737 9051 2291 1804 1079 7341 14810 12005
3272,11119 3079 6542 9664 1721 2869 8151 8982 1726 12378
3273,5998 2614 15152 2742 2741 1534 11899 13561 14599 13578
3274,13581 3718 13580 13579 13583 11297 1906 10017 1105 10758
3275,3481 13002 1882 5328 5326 3482 13054 5327 5330 12198
3276,11219 12748 5639 7986 13584 12817 2616 9945 11218 6703
3277,11247 11246 13586 3565 11210 7722 1524 12328 645 11245
3278,775 7956 10570 5482 8300 10569 4252 877 10568 14746
3279,13587 13940 14555 9054 15270 9055 14826 14296 14578 15002
3280,1035 2063 3529 7646 3751 1017 2064 3760 2021 5427
3281,10170 4178 29 7473 10209 9336 5058 455 6089 3979
3282,2026 2234 2497 5191 757 4845 4846 7283 10888 7734
3283,8856 4026 12873 891 1385 8855 8520 12591 4022 2194
3284,3083 10461 10627 11381 1721 4403 4687 4138 7554 4139
3285,12907 13592 10031 13591 6839 10030 4783 7963 7809 10033
3286,7215 2869 1011 2881 1010 10088 11347 1863 4403 5447
3287,11270 10092 9936 13591 13593 7334 3910 11752 8664 7333
3288,2780 10451 8223 1574 9261 1580 5059 9068 6025 8225
3289,2875 4413 6364 1010 4139 7218 11808 10199 2881 11347
3290,91 14555 15184 8999 7122 14930 14865 7121 14081 92
3291,13595 12102 10668 6701 5790 10385 4777 12462 9457 11652
3292,13143 5397 3990 10572 11905 11935 11669 3989 11670 7400
3293,13599 13596 13598 13600 13061 7876 13597 7631 13377 7610
3294,873 4355 686 2763 149 11863 11170 5541 1656 7833
3295,873 686 1785 466 12429 8577 3097 169 698 484
3296,3718 13602 1588 14565 476 466 10017 2555 13582 5466
3297,12936 7217 5854 5688 10258 10807 3443 14682 3667 1704
3298,3288 3826 3328 138 3359 4344 4988 8601 7440 698
3299,13603 5360 9062 1503 7390 4 6964 10446 6380 11761
3300,1166 1535 2820 3464 2814 2815 1165 12426 405 13625
3301,9990 3142 6132 10797 5624 14430 13977 3037 1460 3190
3302,7846 11590 12136 4727 7848 7849 8842 12137 7847 10151
3303,5490 4780 13604 1614 8431 6054 8070 6689 5488 8074
3304,11335 11331 10010 11327 10619 7672 11338 6515 3604 13605
3305,5173 2057 7420 3258 1568 3555 2448 6374 4821 3710
3306,13606 13607 1349 2291 7380 2658 9591 1350 13797 2287
3307,176 3222 1450 11727 1452 10452 794 5542 2448 182
3308,2628 4315 2630 1146 1145 9553 4596 15240 72 2629
3309,11967 4339 5914 7183 14499 7328 13397 11766 14969 14481
3310,2942 4334 6029 6223 4075 278 822 5830 8764 11262
3311,1357 11347 6360 2014 1354 2371 2375 2369 9851 2378
3312,13609 13608 8698 3716 14900 8085 5407 13432 10129 3784
3313,4139 2871 5848 8159 395 9626 10575 12375 11808 5849
3314,11912 13391 908 2400 6181 6171 11773 9682 10025 2982
3315,10984 7247 4790 203 15038 825 12712 7287 1614 1891
3316,13613 12172 13611 13612 13614 8278 5998 7685 14021 8631
3317,3500 1779 13052 13708 1319 11352 1320 6361 12643 7554
3318,2037 9545 11813 4342 150 2038 5771 2334 1750 10275
3319,2068 9050 5789 3948 587 3879 6474 676 8872 11486
3320,2130 10362 9042 6201 12015 12005 10476 2543 9040 9681
3321,13616 13279 2830 13615 9212 12519 13280 13278 6333 12527
3322,13618 1805 2152 4756 11809 2305 1444 4913 14565 130
3323,13619 13589 10724 6274 6224 14818 14816 14817 11854 640
3324,9079 2797 8489 2795 9078 9077 13257 8215 2796 13822
3325,11471 9848 8246 5393 4910 88 3782 5835 5829 4901
3326,13620 13256 10918 6286 6754 13527 10917 12998 13399 9760
3327,12296 1855 2534 4073 1842 1857 1843 1849 4169 7649
3328,2016 6847 3085 5686 3084 2881 7077 4139 4134 12376
3329,2820 13624 13622 13623 1165 12426 13347 6000 2742 2815
3330,4216 5981 6645 3709 770 3702 2103 2779 7418 9653
3331,2742 2820 13235 1532 5999 1165 12426 8906 11524 6351
3332,5155 437 1656 462 1235 3277 2711 12023 2448 4179
3333,1684 7385 970 6684 3613 363 6468 8307 134 1195
3334,7428 8816 15206 15207 634 9706 5527 635 5489 6691
3335,1177 8788 8291 2846 7893 1896 1897 8207 7878 5285
3336,13627 8860 11948 14465 14168 5369 7993 14958 5365 11947
3337,13629 2820 13357 1532 13628 12426 6001 1165 2742 13344
3338,13630 1892 1804 13906 1891 1896 1895 1894 8719 1893
3339,1011 11347 2995 11816 2888 9851 7081 2379 10629 14347
3340,5367 8164 10992 4602 1721 11889 4137 4605 4133 11722
3341,9829 13631 6068 9830 13634 4124 11779 1040 8613 11472
3342,6511 4633 5711 9652 4171 13632 8124 7879 12925 6096
3343,1354 1357 2370 2375 2374 2369 2371 11347 2378 6360
3344,11875 2729 11006 6763 2723 2900 5255 9086 6071 11637
3345,7948 6168 8116 7571 9809 6240 6228 1665 6247 13887
3346,3083 7784 11851 2886 6321 12642 4687 10857 12737 11226
3347,9829 11472 11779 13634 1040 4388 9495 12158 13631 8257
3348,8210 7754 7401 8649 11372 14791 13077 12253 10723 8664
3349,5845 13209 5846 10630 4743 11000 10994 7077 10998 10993
3350,5344 8808 13635 14328 6571 8809 12501 14877 6001 13441
3351,13636 13637 788 2166 268 5884 1447 10839 8768 10446
3352,11408 6483 11407 8605 7539 11409 901 2397 6059 2437
3353,7629 9225 10729 4068 6185 6623 7940 4531 13893 12354
3354,13639 11964 12131 1767 4388 10269 6225 3070 10970 6226
3355,9856 13640 2983 6161 9855 6499 6188 6249 7950 6247
3356,11131 703 13370 7630 990 956 5368 11133 5374 5745
3357,13642 5288 13641 13643 12439 13023 13551 14356 14752 13726
3358,12930 13251 1795 13644 10000 9395 2984 13645 4702 13255
3359,10558 8078 7407 3661 8081 12581 12583 14569 12339 7406
3360,1354 1357 9235 1355 2378 10366 9236 6553 2369 2014
3361,7899 7893 2848 13170 1260 9229 3997 1261 1896 7892
3362,11347 12739 2379 11224 11225 11226 12729 11381 12242 2372
3363,2742 10206 1165 2820 4515 2741 1532 2744 6001 1535
3364,13646 10981 14067 2630 5431 12101 14156 4148 4790 8131
3365,8605 10764 11407 6849 11408 2437 11710 6483 11303 901
3366,12334 2869 13605 13223 8153 3774 2378 6551 1357 13209
3367,2741 2817 13203 12198 8907 8827 2820 13661 13648 12425
3368,9053 1313 10734 11926 6876 1392 14070 3676 10786 2215
3369,11347 3083 4687 2375 7064 12733 2379 3084 7784 9851
3370,1366 12131 6618 13639 11310 10867 3859 8768 5983 5157
3371,13649 9013 6012 66 193 4855 2549 2499 10019 9020
3372,9024 5096 3613 5137 5818 13317 9337 2959 374 5748
3373,13082 8809 10041 12500 6571 12505 10734 12884 9795 12501
3374,2820 1166 3464 1535 2742 12426 405 1165 2814 2815
3375,13653 15197 13652 11105 11009 1605 1616 8864 14303 14821
3376,13655 9623 1555 13068 13654 7648 4373 1556 8688 1757
3377,1001 2870 13076 11892 7221 4743 13075 11778 5451 1002
3378,13656 13657 344 7747 15265 10789 9220 13335 9892 15034
3379,13658 13597 716 13596 13599 3877 13598 13600 6944 1713
3380,3844 1826 3843 14105 4416 2876 3845 5876 12071 10815
3381,13648 13203 13661 2820 1166 13660 12426 2814 1535 405
3382,8822 13662 1776 6734 1888 1887 1723 1010 1721 9664
3383,13663 12405 13302 4841 14469 293 9495 3240 8102 13633
3384,13664 6814 7090 2245 6348 10650 7186 7185 9878 5435
3385,13665 3083 2869 10857 15238 3074 3688 1003 9535 10461
3386,9393 8055 7085 13666 1119 8021 7796 9392 9394 13404
3387,13667 5890 13025 10104 5975 14482 6196 13026 12985 9279
3388,5997 13668 3672 6600 279 13741 5480 6602 1707 11227
3389,13669 1336 13654 4361 4586 1875 4593 4362 5677 4587
3390,4608 6737 4136 11777 10367 13565 10576 10574 8165 10577
3391,12426 1323 2820 405 1168 1165 3464 12008 1166 404
3392,13673 4048 9125 13647 926 4446 12333 9961 12904 8514
3393,9204 9315 7671 12515 5314 2202 9301 6760 12052 10539
3394,12096 2157 2314 10015 2426 10016 6890 11204 12052 5187
3395,13675 13674 12872 9594 12802 13212 10911 11011 6083 611
3396,6623 11227 6622 9805 11912 2108 13892 2438 6253 6189
3397,7552 13677 13676 3543 8553 9171 6858 12730 3945 4139
3398,11765 13547 11021 11152 13678 3265 13679 11763 11764 3440
3399,12660 12073 10070 10067 12076 12079 12664 12661 12071 12659
3400,13684 13682 11022 3483 9084 9407 13681 13683 13680 11252
3401,6361 1319 2375 1778 1320 4060 6362 6363 1779 4415
3402,13687 13689 13688 6841 13686 13034 12235 13691 12680 13690
3403,13695 13694 5818 3961 3763 6886 5613 6235 10256 9024
3404,11358 8021 13696 11359 9239 11357 9392 9393 4971 1119
3405,5130 3655 2924 11447 9359 2422 8119 3661 5134 6849
3406,13698 13377 12891 13600 12890 13599 13598 6464 13061 7763
3407,13699 2834 11473 11194 2835 10820 113 14982 10662 11084
3408,12884 8809 10734 13082 8806 6571 10733 14877 14328 13635
3409,1880 13082 13413 10734 6868 10965 5750 7726 5308 8480
3410,6361 1354 2375 1778 4060 2370 6362 1320 1357 9192
3411,13038 1535 405 2820 1323 12426 1529 6001 13271 1165
3412,10525 13701 13248 4516 12745 2815 13235 3464 8906 3465
3413,5431 10981 13646 10208 5405 12101 7229 14156 5429 13959
3414,10627 4743 8542 5846 6804 10994 11000 10993 10628 13209
3415,13703 13620 2805 9708 1884 9358 9101 8899 7309 10036
3416,3415 8822 6733 6734 673 1887 1825 1776 1828 13662
3417,2888 12734 10556 13785 11816 14347 12730 12732 6364 11347
3418,13571 12044 1609 4998 11779 12342 4973 10333 3069 9508
3419,13704 6349 3424 10226 12250 2438 5380 1662 11648 1664
3420,2741 12425 2820 2742 7395 2744 12426 13344 2743 11879
3421,12861 13230 9327 13706 9510 9325 12496 9326 4665 621
3422,10499 1489 2916 1481 7695 8853 10132 4367 13199 1488
3423,4600 1001 12349 3694 10355 1010 4138 10994 8159 4139
3424,6059 6060 7815 7255 2437 7540 7539 13141 10624 808
3425,12426 2741 2820 12425 13189 13188 1165 404 13248 2364
3426,13709 261 4381 11774 1524 1560 11610 13641 2839 262
3427,10744 4559 2950 169 4322 3097 8667 593 7046 9483
3428,4037 12332 13711 14745 2880 1317 4035 13981 13426 12934
3429,2869 3416 10754 3667 3074 10857 4132 2891 5447 1010
3430,8647 8318 7481 7878 8612 12925 11780 9395 7472 7796
3431,13713 13712 8850 12348 7554 12377 8849 8848 11624 4607
3432,11943 10001 10343 6626 8003 13714 10724 13032 6274 6289
3433,2820 1532 2614 2742 1165 12426 12746 1166 1167 2741
3434,3082 6364 3081 8477 2889 4626 12736 12737 3080 1013
3435,8032 13715 7172 6883 14006 7878 4386 12923 6885 12718
3436,13231 274 13716 15162 568 15161 723 273 3074 10257
3437,10572 12327 589 12621 286 1103 10142 2101 10571 5396
3438,12805 3676 9320 9321 6310 10078 9245 140 6514 5004
3439,2820 12426 2815 2741 2814 404 13624 6001 1165 3464
3440,13116 12482 13719 11312 13718 14725 13934 13107 11311 4379
3441,12905 12906 12903 14007 9517 13316 11286 13315 14196 8362
3442,7346 10641 7006 10390 2559 9281 49 2490 2528 9685
3443,13721 4892 13720 2087 11543 2095 13383 11714 8663 6719
3444,4238 11953 13722 4245 3712 3710 4235 4203 4251 12406
3445,9853 8020 1726 10097 5450 9749 1721 8477 8159 9193
3446,5958 2262 3142 9954 9468 5541 11760 5957 1252 14619
3447,2489 13724 4969 2124 7519 13412 12052 7734 66 10888
3448,11344 9127 1560 12693 12486 12931 13725 5743 9659 8035
3449,404 12742 1166 9791 13059 12426 2820 3464 1532 13188
3450,13729 13728 5569 10277 5405 8058 731 5408 12483 11394
3451,1533 13730 1532 11897 8904 13329 1531 11112 13349 12426
3452,13732 5886 3814 10195 4731 12141 5884 1176 9840 5877
3453,11109 1167 1168 12007 12006 13200 13421 4515 12008 8827
3454,2820 1166 13734 8526 12426 3464 1165 2742 13349 13931
3455,13737 11186 2009 13736 9409 13685 3483 9410 9406 9421
3456,1145 1136 7099 1146 1721 12378 14363 7098 4596 7215
3457,12646 13738 9032 13269 12647 3604 4639 12844 7825 14796
3458,2371 2370 2375 6361 9237 2374 2369 9663 1354 1778
3459,12959 10756 12954 12952 13979 12953 12951 12956 6547 14414
3460,13037 8964 8780 13740 7442 6371 6940 13612 7347 8429
3461,476 2218 8585 10841 11042 794 8457 4178 14928 4179
3462,8882 10481 15140 15139 2626 15143 13594 15137 8708 3069
3463,2375 2379 5845 2372 11347 9853 2380 10994 10998 7064
3464,10445 12129 4338 12937 604 8138 8004 6145 707 13138
3465,2437 7627 8778 8259 4383 13906 6059 6060 5605 8605
3466,1166 12007 13453 2820 1167 3464 1165 1168 2814 12008
3467,7680 10307 10302 8046 10306 9169 8432 172 9370 6689
3468,40 13261 3644 12052 9009 618 5725 870 130 9617
3469,4139 5848 9755 4603 8159 11624 5849 395 9626 12375
3470,13742 10103 6849 10195 12038 13934 13719 12482 6752 12557
3471,10992 3082 6321 1314 12737 4403 3083 11889 4597 3085
3472,13751 13745 13749 13747 13748 13750 13746 13744 13743 10613
3473,7160 10888 3733 12516 5838 5834 10274 4917 525 5809
3474,10613 13754 3580 13755 10331 12724 1023 5374 2953 10642
3475,8215 5116 9574 2662 1996 7444 14454 8216 8213 8214
3476,13757 13759 10810 13756 6528 6623 10107 4359 6387 5220
3477,1937 13763 9650 13762 8059 7745 6620 2108 12148 2894
3478,7057 11890 7785 4413 4605 4687 8166 10992 10953 8159
3479,9230 4169 2861 6514 9232 7689 2844 4707 7878 2862
3480,13600 13766 12719 13253 13377 13698 10982 13599 13598 13171
3481,12850 1381 326 13885 313 310 7156 7734 306 321
3482,5713 7744 10122 7746 13358 4836 7745 6624 990 6299
3483,12857 32 1383 2130 8504 8382 7241 5314 6723 3409
3484,11578 13573 8152 3693 1776 3072 1721 4138 14072 8849
3485,2436 13120 13769 13768 10145 2434 2435 2432 8229 2433
3486,13406 13770 231 4667 7722 10867 4666 11147 230 14533
3487,2371 12874 2374 11777 1354 2370 7076 2375 11347 2891
3488,13773 13774 13772 13775 1872 2295 12550 7808 7518 7382
3489,323 3736 11759 6577 3534 9265 6220 4085 11706 10446
3490,3491 13777 13776 13778 8115 13779 13610 14109 12846 3490
3491,8899 13780 11096 9358 8901 14515 13064 3274 13383 13063
3492,8462 13782 6129 10059 8516 12823 9533 10119 7745 2230
3493,13709 6498 12986 1893 6546 10869 6499 1896 6097 3996
3494,11808 2624 7216 1777 11805 6810 9194 8159 5874 6806
3495,11719 7125 7116 7132 7157 7135 8798 12384 3751 11658
3496,7910 9820 13783 6831 2240 10458 10102 5122 4353 1304
3497,8396 10256 2061 10463 3961 7978 2058 14667 7276 14143
3498,11819 13784 8655 12771 2694 10639 550 6066 14649 12152
3499,1320 7077 12735 10461 6847 11000 13785 10627 12209 12734
3500,13786 13792 13788 13787 13791 13790 11806 10997 13789 12738
3501,13795 13794 9583 3187 13793 1175 13550 9205 2760 10923
3502,7659 10445 10982 3862 3864 9957 7744 14829 9049 10983
3503,13797 2658 10553 13607 13258 6777 8170 12622 10634 275
3504,4286 239 3943 9667 346 3637 5464 7861 6574 2402
3505,13801 13800 13802 13803 10079 11680 1634 10605 7757 9077
3506,5409 11042 11040 11039 5556 13402 11004 12187 8585 8582
3507,13806 13807 13804 13805 2951 3333 14386 12206 9208 9306
3508,13816 13810 13811 13812 12992 13815 8629 4056 3010 1996
3509,13819 3896 8093 9032 12180 8102 14775 14200 352 8087
3510,13820 13821 5579 9576 448 13066 4252 4259 14816 4249
3511,9752 13185 6806 8847 7427 4135 2872 2871 4139 4607
3512,11064 879 2105 12430 7365 4765 790 11551 2210 3468
3513,11690 3857 7233 1523 1119 4971 3428 412 9393 8021
3514,7101 11325 11340 1720 1709 7102 11798 11339 11056 1828
3515,3877 13542 6849 716 13597 13823 13543 6095 4434 13541
3516,13824 5079 3267 6018 10240 4220 1967 10474 15162 9390
3517,12669 2707 13825 13890 1612 5726 3705 8085 8364 7930
3518,6446 6432 4598 7554 7427 11808 11805 6806 8159 1010
3519,611 15020 3213 10421 9781 7764 7698 14680 10893 1620
3520,5555 2588 2349 3701 1733 4015 6859 1251 10759 2352
3521,7760 5838 667 2350 6560 11291 120 2789 4344 6306
3522,13827 10715 1509 7117 7122 179 1588 6142 6830 13826
3523,405 404 2742 12426 1323 2820 1166 6001 403 1165
3524,10636 6472 7463 1486 1652 10297 9613 10306 7429 8432
3525,4636 7561 5821 2037 4991 5633 5215 3319 5217 3104
3526,13830 13829 11872 13828 11137 10166 4674 7549 9563 876
3527,5502 1181 1101 12201 5505 2591 14527 196 5501 3551
3528,13831 9245 1017 1035 2246 5632 1045 348 12805 14524
3529,742 9164 9771 2543 7727 13177 12100 737 10132 13080
3530,10126 13487 13832 5515 15026 13458 12081 6620 14281 6476
3531,13833 13835 6168 9950 3669 13834 1615 12354 4065 12748
3532,4875 13836 9519 13312 4874 7133 3257 7008 7007 7010
3533,2842 13837 1557 12680 1933 7827 13279 12926 13278 13778
3534,5264 13563 2657 10581 8005 6771 6850 10583 10580 8006
3535,13840 11650 6097 7674 1784 6499 13839 6498 9941 11244
3536,13842 9768 13564 11908 7230 7656 13841 2976 8030 8048
3537,12947 13843 1126 13844 3428 8016 14692 5249 3429 13859
3538,13845 3858 13116 13846 9371 9695 2865 14725 8688 1942
3539,2820 4515 2742 1165 1532 10206 12426 1166 1323 8905
3540,3174 8778 13847 11379 3160 492 1880 2603 3975 3172
3541,11718 1368 3749 5047 10459 14851 91 11045 4249 14560
3542,13337 12797 13390 3587 15268 14810 7703 15216 3787 7702
3543,13278 13617 13848 13654 9555 13279 5695 13280 13537 12527
3544,11366 6657 6658 2282 14915 7526 2281 1594 2286 14541
3545,13850 10730 2959 13439 407 12173 5409 10179 2816 6281
3546,2130 1289 10889 2466 4024 12052 10888 11972 8501 3409
3547,4132 8166 5667 1772 10988 4688 4687 8159 11808 12726
3548,11090 12019 876 6087 2278 2082 12361 14114 994 4225
3549,2614 1323 4516 2820 1532 12426 5998 3465 7686 2742
3550,5998 2614 2742 15152 13038 13561 11899 13201 1534 2741
3551,1354 1355 2369 1357 2886 1829 2378 2370 9663 6360
3552,13705 3789 4404 8256 678 9371 4386 12219 7890 12351
3553,7551 466 8457 705 5271 6870 10531 3242 2322 250
3554,9077 12615 12171 9076 3275 9127 10888 8759 6199 6412
3555,10918 5517 13527 6063 12998 13399 10917 1886 14789 9760
3556,13852 5673 14459 10217 11120 14996 12551 13878 2869 12933
3557,795 2933 736 5041 466 7043 794 1219 464 8857
3558,2232 9047 10884 780 783 3290 323 2520 774 3811
3559,2372 2379 2380 2375 11347 9853 11816 12733 2369 1354
3560,4424 2760 12031 53 14163 4432 2951 771 4429 0
3561,13854 7249 12070 1324 14800 8731 11111 405 14803 15199
3562,602 603 13856 7250 10183 83 8432 7104 7585 7643
3563,621 5907 12496 620 9714 8230 13706 1429 6379 10162
3564,13870 13859 13844 13864 13869 13872 5284 13876 13871 13873
3565,4594 4641 7559 6795 4884 5564 9559 13427 11858 6797
3566,8239 13204 9661 7934 9807 6251 13359 13394 900 6354
3567,3043 2560 8166 3044 1317 12404 4687 4863 3083 12850
3568,12334 1721 5367 13223 10716 8153 1776 1153 10956 10935
3569,2080 7911 10650 6560 2547 10247 2543 328 7336 1070
3570,7087 5360 5541 9314 442 6834 846 1104 7989 4320
3571,11211 12617 12171 8759 10789 5370 13877 14066 9566 9127
3572,5594 1836 4191 5592 3942 15181 13264 11905 4027 5593
3573,4696 6597 1592 10809 1936 6598 2267 12081 3651 4848
3574,2432 1513 6181 10716 6246 10842 7407 2433 1592 2431
3575,13878 2887 11120 5673 12756 14226 14459 7450 14225 7449
3576,13879 716 9892 13716 13597 7264 9895 10584 13131 12251
3577,611 15020 3213 7764 7698 14680 10893 1620 1621 9781
3578,13882 6685 5353 13881 12263 10914 6257 2654 2862 6170
3579,3135 3201 4406 3183 7003 2216 4482 4333 2235 5493
3580,1918 9282 9904 2559 9920 2542 2572 9284 2532 2528
3581,7401 11568 8144 231 2108 5157 14353 229 8768 6620
3582,7409 7541 9843 7408 7534 7535 914 7537 7532 11286
3583,626 13479 14452 610 608 14657 4966 5709 5377 614
3584,4132 1011 13573 4687 4688 9753 8166 11226 1721 4407
3585,1896 6909 7455 7466 6616 7893 10757 7878 6499 1892
3586,7516 13884 9390 3033 5082 4769 4925 795 1656 11818
3587,13885 5267 12850 11366 14479 14506 14491 5266 5268 14488
3588,13886 9060 3444 9059 4408 4003 1250 253 2072 11836
3589,3621 649 319 1205 8146 12688 336 3626 300 12163
3590,6778 5788 1115 13196 12720 11913 7292 1855 2914 7649
3591,12945 9893 9880 961 9966 966 9879 938 12558 15052
3592,9659 11622 3823 7259 8035 9804 10446 9127 8209 6945
3593,13200 1168 405 1167 12007 12006 12008 11109 2820 6941
3594,4037 1136 1721 12637 1145 6447 4036 12548 2877 2881
3595,1166 13326 13670 13576 13650 3464 13128 2820 11880 1165
3596,3085 5529 12377 12736 2881 5530 8849 12737 5448 10854
3597,10038 6217 11314 10039 11313 11312 11311 3097 686 4379
3598,4350 8397 578 4025 2200 10432 8988 6505 4963 14055
3599,12459 1176 3943 7705 755 4333 11603 5886 4273 8844
3600,1513 9443 9227 7430 1041 8700 978 505 4265 3993
3601,1746 13888 1938 6118 1748 6488 6493 4358 13930 4798
3602,405 2742 5998 1323 2820 12426 2741 2614 14084 6001
3603,13890 2707 13891 1612 12669 3705 15215 8364 7930 225
3604,13892 6622 13893 14885 6619 6620 6189 9682 5157 2108
3605,13895 13838 5516 12340 13894 692 5513 5515 5108 9106
3606,142 11751 9882 5544 169 6910 7310 10446 182 5542
3607,13530 12864 6670 12863 13898 11689 7660 4381 13368 7659
3608,13899 11019 10121 7688 14106 6346 10117 1170 10727 13697
3609,1355 5686 1354 1357 1136 1829 2378 10091 4596 2369
3610,13040 13900 9015 14075 14077 14074 13813 13039 10917 9023
3611,284 1127 8021 1119 12948 13715 8410 7643 13536 9393
3612,12332 7215 10088 11347 12934 6447 1721 1010 11434 4037
3613,4357 6548 1327 7967 7980 6897 9838 8786 4074 3261
3614,13902 9587 2693 3818 10826 11060 4849 817 36 10846
3615,13903 5335 13429 5625 657 5471 1263 4345 4023 5584
3616,13905 1222 7936 4358 13998 1837 10323 1737 4670 9546
3617,13906 13630 1985 5522 7627 2928 6825 3776 7746 3789
3618,2928 1985 13906 3470 13630 10973 5522 2216 9088 4350
3619,4698 5365 13723 15264 7993 8860 7249 6415 5785 3883
3620,7533 4442 5114 3260 5500 3984 4585 3988 3657 426
3621,7469 1862 12547 1011 1863 1549 1721 11118 395 6542
3622,1317 8164 7057 9751 4605 3001 4133 4132 11808 3083
3623,5639 4126 7771 15171 7204 7203 13584 7986 11219 10221
3624,13104 12521 13103 13102 265 11783 267 14182 13368 14172
3625,11303 10764 8843 409 2431 8842 7523 7522 14738 9442
3626,9880 4086 966 12946 9879 961 4589 4087 12945 4581
3627,13000 1394 2067 6822 12612 13995 15059 12963 12645 12999
3628,557 2314 11741 1785 6214 46 1963 4474 873 481
3629,13735 10356 10359 5195 5176 3367 6322 3357 5299 11258
3630,6942 8226 11871 12856 10880 13908 3393 1342 5622 12817
3631,2741 3046 1534 8834 7395 11879 14599 14324 13006 1165
3632,7330 4813 4884 3234 12336 9493 12185 3239 4823 3235
3633,5879 10154 9971 12463 7410 13004 1625 10147 2426 11153
3634,2369 6360 1357 1354 9851 1355 2370 6552 1829 6550
3635,13909 3485 8376 9532 1499 5455 1865 146 8667 6453
3636,13384 8472 2288 575 12039 566 2661 10047 12234 10046
3637,3468 3043 10267 1752 3044 2560 578 5313 2278 3984
3638,7725 12706 11193 6306 3727 11642 9509 198 11198 1419
3639,8159 13911 5839 10574 11850 4608 10368 6737 4136 9647
3640,7098 11382 10628 7099 10994 11000 10998 10991 10627 4743
3641,7798 13753 2135 11035 13373 1696 3403 12667 5809 5753
3642,7784 1011 9236 12282 3083 11321 10365 2014 7057 9851
3643,13912 5642 8073 10539 2490 7124 2518 10888 12052 2130
3644,10899 10199 2870 7427 5687 5447 7554 6806 4599 10198
3645,4235 3358 2697 3712 1452 4821 8704 4236 9715 3310
3646,12710 114 10430 13913 7122 10100 1055 3111 13135 3018
3647,8553 7394 12714 3307 3201 3321 14274 7417 7552 3352
3648,8105 8090 9077 9076 13915 5228 13914 13821 8089 14399
3649,12479 12557 4273 11769 10447 10868 12038 3813 13719 12480
3650,12904 6284 8909 14744 4048 11857 13955 7986 8514 5570
3651,3012 13528 13916 7903 9766 9769 6224 5564 14816 14815
3652,2891 1003 10857 3668 3667 1009 1011 9535 3074 13984
3653,4500 1442 10859 6577 2774 464 7280 778 1603 847
3654,2741 8526 13344 6352 12426 7395 11755 11112 13329 1532
3655,7174 5145 6173 11134 7415 3549 7416 14511 1054 7405
3656,5341 13918 4333 5250 4406 505 7174 2423 4244 13543
3657,7927 8245 2140 1952 5632 12201 6075 11242 5270 6074
3658,9784 11122 13344 2820 1532 2741 360 6866 11112 9787
3659,4085 216 1660 1993 126 8201 3217 8577 3222 6041
3660,12428 13913 13805 6836 7509 9209 13920 9260 1026 7112
3661,11024 13922 5881 13921 2284 4794 10033 10005 1263 10896
3662,6725 10863 12885 6717 6719 2868 7221 11055 6723 8517
3663,7101 10752 11056 1720 1709 1828 10097 4603 13911 11808
3664,6296 6411 8490 370 6293 794 6255 3217 782 13107
3665,10694 13924 13923 1129 10677 12814 11554 5805 11929 11928
3666,8526 2824 13926 14331 10410 13575 13353 11755 1165 12426
3667,1166 404 9791 5193 2820 3464 6867 403 1165 14712
3668,679 13927 3177 8350 2538 10591 5058 4297 8565 2558
3669,6118 13930 2986 5379 6487 13928 1746 10361 13929 6493
3670,7016 8164 4605 4133 15238 7015 4287 9852 1721 9751
3671,3464 1166 2742 2815 2820 14712 1165 6001 9791 13731
3672,8338 926 225 8329 8328 3634 8331 8341 8330 8332
3673,8813 8814 2442 4589 9879 12760 4590 12761 966 2443
3674,8606 5586 5467 10400 4879 3372 8952 2240 2408 758
3675,2741 11755 13932 13931 11879 12746 2820 12426 13344 1165
3676,13933 5561 4963 4350 7239 9505 3658 4964 6495 4752
3677,1557 7662 13934 10254 10103 2992 10104 14039 10593 1556
3678,1866 7144 3846 4328 10843 12577 4329 4330 5123 12809
3679,6156 6148 6153 6154 6151 6149 6152 6147 6155 6702
3680,2139 11258 9286 13851 1207 14052 483 14053 3367 5299
3681,8999 13891 14670 15215 3019 15213 12605 10651 7119 15148
3682,476 1686 7768 13935 1831 1984 5544 3196 3217 10838
3683,10968 3176 951 10566 8567 7373 9024 4813 14954 14636
3684,8740 11700 1728 6802 3925 5943 8371 13937 5273 10645
3685,153 2497 10290 2575 8792 12404 4293 7052 715 11241
3686,13939 13133 12854 13938 8985 13177 6275 11792 12342 1438
3687,11551 2342 4259 6119 2282 8618 4249 3200 4252 5169
3688,2742 1323 1165 13327 2820 12426 405 6001 2741 14122
3689,10372 10373 155 10371 10370 12165 156 3595 153 152
3690,8971 5956 4353 1803 5315 2147 9061 11760 6040 514
3691,4808 644 10338 643 645 1577 6535 7534 7537 7535
3692,11642 8885 11877 9650 9836 8115 10473 8030 5452 7747
3693,4924 6576 10061 4423 7775 7299 2735 4353 2333 207
3694,1345 11821 1346 4357 7334 992 10567 12167 6689 2360
3695,13587 13940 14555 9054 9055 15270 91 14306 14826 14296
3696,12577 12809 13078 13177 7144 11785 12444 1989 9984 13938
3697,1533 11112 12271 13188 1532 11524 8904 2743 13329 1531
3698,11888 13943 13046 2730 6393 13942 13122 6397 13941 10109
3699,13945 4654 11716 8238 8088 7556 13944 13257 9566 9959
3700,6888 7758 10055 392 7372 3258 1503 6899 9921 1975
3701,10131 11410 5570 7685 10130 8713 10128 14444 10129 10731
3702,8443 10992 11889 1379 7058 5248 12644 10818 2617 1010
3703,11588 6599 1616 1605 10468 8227 13692 9682 1615 11853
3704,8536 11099 8538 10819 8539 8537 1725 12369 1136 14363
3705,7123 54 7132 44 13135 13953 11045 13952 108 3055
3706,13894 11574 1098 10237 10235 380 3545 9492 1206 2705
3707,3043 71 10279 2739 3044 381 3403 2560 1752 12666
3708,13955 11857 8514 12904 4048 3874 7630 13956 6713 4073
3709,5112 2354 13957 15179 13113 5103 5102 5106 5108 5113
3710,12850 9790 8356 4430 13958 12716 378 715 10112 13885
3711,10208 5431 5405 7229 13959 13344 8058 5406 1532 12483
3712,2742 3465 12742 1165 13352 2741 404 2820 13327 11112
3713,9682 8968 7107 12566 9805 6476 5157 2108 10025 6537
3714,10009 10008 5775 7646 10548 3611 11204 7527 4792 8932
3715,13191 13961 8114 1700 4962 2008 13889 14885 6183 9841
3716,4962 10490 13841 13191 4753 4964 14533 5355 10785 6544
3717,9104 12460 13962 6262 5716 6782 10714 6170 908 9103
3718,13845 13846 9695 2865 1942 3541 3088 8966 5605 3231
3719,2741 1534 4516 13561 2820 1165 2742 7395 12426 13344
3720,1684 1758 3181 5414 7930 834 5773 5092 9440 4519
3721,4135 9646 1357 4139 8159 6806 1011 4605 395 6734
3722,10729 5639 3852 9180 10727 12793 9225 10728 7629 825
3723,3465 13482 6417 2614 2820 1323 14359 1532 13349 12745
3724,10206 4515 2820 360 2742 1532 1165 2817 12426 4330
3725,13239 13767 7107 6943 7889 12860 6240 7935 9827 11988
3726,2371 9853 1726 9625 6553 7554 11808 2014 4139 10355
3727,8318 7878 12925 12947 8532 12718 13765 14134 14135 12038
3728,12286 5363 8226 5368 11871 6750 14740 5374 3197 7783
3729,13964 13966 13965 13963 13967 13707 6751 7355 14135 11705
3730,13968 4450 8122 13566 14153 8127 8123 14181 4448 15188
3731,12417 8295 13969 6269 12412 2495 12409 13975 1683 1275
3732,13972 13970 5964 13548 13971 13549 5967 1805 13550 13024
3733,12135 6835 8004 8859 1877 8002 7518 6837 5920 14623
3734,13681 13695 576 13262 553 9407 5732 13954 13694 5358
3735,13973 10780 379 4998 4291 9655 1160 7308 1576 213
3736,13975 13974 13969 2636 12601 4909 8545 14463 4356 6100
3737,10780 2546 13973 9496 2496 9476 2528 9000 3676 64
3738,11192 10904 13977 1951 4888 12770 14430 1955 5621 12206
3739,8142 12405 67 11038 767 10654 12403 11647 12304 7962
3740,4132 5447 8166 10199 7554 6806 8982 8159 6809 11808
3741,4403 9625 10069 10992 4139 12917 1010 10068 12350 12644
3742,13980 13123 6392 13978 13979 13942 14420 13117 3265 6389
3743,7215 5449 2881 11347 5447 11434 6806 1771 10088 5448
3744,12642 7784 4624 3083 11851 13450 4622 11386 5874 7427
3745,1354 1355 2888 1357 2378 2369 1829 9851 11347 9554
3746,13573 11528 8152 3082 4138 13982 13621 12243 11571 4036
3747,2875 2871 12078 7554 5447 2874 12079 12076 10199 9624
3748,8152 8160 1721 8151 8156 13573 7554 8166 3693 4135
3749,10199 5447 1826 3843 4416 15017 1010 6806 2881 5876
3750,12662 12663 12661 12664 10067 12079 12078 12660 12659 1317
3751,1011 5863 3415 1357 4139 1828 4331 2379 9851 7057
3752,12929 1719 4138 7057 12349 2373 7067 4132 8020 7784
3753,3094 10098 4132 4688 4597 4687 8164 9757 12071 8159
3754,13983 13984 5844 3083 10814 1003 1146 13911 10857 8159
3755,12075 12076 10899 3415 6361 9237 4626 4060 10199 8159
3756,7065 3074 13911 2999 3666 3688 3667 10843 2891 6806
3757,13426 6447 2880 13076 4037 5839 1727 4317 12332 8159
3758,12332 9967 4037 12548 12934 6447 15027 2877 1721 4139
3759,12965 4697 9965 1938 11356 6622 9963 628 12129 11967
3760,9134 3178 15067 2479 36 11549 7431 10537 7297 2206
3761,9659 1948 10557 11896 13986 9127 14192 14011 4529 8207
3762,13988 12343 13987 7568 230 3862 11786 11862 231 12981
3763,8999 15148 12605 14081 9119 14670 14555 2504 11185 8377
3764,13990 13989 13308 8111 14336 14335 407 8159 13911 10574
3765,13757 13758 7355 10892 13991 7543 3593 6398 7254 5171
3766,13992 12866 1859 11776 13590 14458 14038 12147 5535 9547
3767,13994 15224 13629 11559 4996 9787 7088 15162 12884 13628
3768,11347 8982 6805 10627 1721 10355 7215 10994 2375 11226
3769,8882 4455 620 4852 5907 621 7312 6488 10481 6061
3770,4596 5686 1136 1145 12378 7215 1146 4688 12376 11351
3771,1522 4697 628 6515 4170 6513 12129 607 4706 11744
3772,9025 13997 13247 6100 6102 9948 13515 13996 13995 6101
3773,13905 13998 4670 14623 1302 1222 13759 14137 7351 7999
3774,9682 1896 12566 9805 6476 6620 6599 13358 4561 5486
3775,11734 14001 133 4182 9197 5053 292 8390 10982 5051
3776,13221 13464 11956 10157 12840 10150 13220 8965 5199 13251
3777,14003 7402 4396 1904 589 13597 9999 6614 1490 1411
3778,12850 13606 14004 4430 13885 14441 14130 4301 14548 14480
3779,2820 2742 405 4515 7249 12426 1165 1323 6001 1166
3780,11755 13932 8526 14122 2741 11879 1533 8835 13931 1532
3781,13701 3464 13235 8906 1330 13622 2815 2820 10525 4516
3782,14005 6126 1300 5978 5213 3559 9241 98 4023 8439
3783,9340 12764 8811 5753 3403 49 8480 10293 3873 12667
3784,4947 1896 1946 33 13416 11686 1046 7892 7261 7893
3785,7254 10105 11845 6397 2898 5255 2274 5601 12982 2418
3786,4139 11625 11624 5848 4145 6555 7079 1859 4416 5840
3787,12832 6837 12329 3578 12831 12835 12830 12834 12833 6294
3788,9179 6184 12962 9175 9178 11406 5126 10881 9650 9176
3789,4664 6167 13634 1999 4656 6165 6168 11471 3665 4765
3790,14007 12905 12906 5189 12903 13315 14196 5998 11555 8362
3791,11120 5673 9220 14459 9892 2869 12551 12756 14226 13878
3792,13191 9841 6226 9804 4962 6476 10106 6494 13208 4700
3793,14008 12162 15262 5352 2852 2845 13694 6629 11475 8291
3794,7083 14009 1702 8220 341 10114 14575 10113 5960 14214
3795,4073 10224 5896 8787 369 12036 4964 10782 5895 10112
3796,673 4138 4039 13380 8848 4132 4402 7065 12376 12071
3797,5876 4134 6705 2883 2890 1011 9192 1779 6707 7404
3798,3896 8093 13819 8102 352 14775 14398 12180 12647 8094
3799,4273 4596 11712 5447 7978 13419 10199 5686 7554 4139
3800,13544 13459 13545 13044 13541 583 10557 13543 1676 7085
3801,14011 2175 1948 5918 10583 8005 5913 4518 5906 5914
3802,14012 4567 13690 9713 13069 1783 6538 13691 6498 9557
3803,10447 12869 2263 10446 12867 1677 12339 12868 12338 2273
3804,6623 13070 14237 6170 2627 13889 11177 11227 6782 908
3805,2918 9823 14013 5880 7999 1677 12960 13950 10286 8934
3806,6319 3793 12622 5975 10620 3647 7255 7251 10670 563
3807,1011 9645 9628 6323 7554 7818 2875 2871 4599 9626
3808,2742 6352 13578 2820 13344 14599 3465 6001 12426 1529
3809,13576 13650 8730 405 13651 13332 11524 1166 2820 13188
3810,13323 6001 6000 2820 13271 13628 12426 13324 2741 13347
3811,3067 13166 10260 3065 14407 12900 14217 3068 10562 14316
3812,14015 7249 2741 2820 13186 13854 13005 2742 14800 12994
3813,8892 1165 2614 2820 1535 8893 2742 1532 2741 8894
3814,8376 10595 3403 3816 15264 5351 3815 11378 12666 12667
3815,1527 13324 5818 10657 13513 11832 5748 2959 9024 14740
3816,14016 13339 13660 6350 12425 3465 5998 13186 13338 13340
3817,1532 2741 11112 8904 13329 2820 8835 13344 13006 13188
3818,7106 1847 4358 13396 1268 6240 2654 1938 4851 1592
3819,6353 2741 12301 13701 4516 12302 3465 1534 6989 2815
3820,11880 1532 1475 12535 1535 1525 8892 11524 5190 13672
3821,12535 1475 11880 12501 8892 8808 1535 11583 8894 13441
3822,14017 8610 10671 10672 7442 11652 9532 8429 13037 1678
3823,12026 1590 13733 13142 6389 8978 2946 13643 9997 4748
3824,1443 748 6813 6636 2138 10469 467 1444 4513 4
3825,1050 9956 4975 222 1413 690 2826 10762 1098 3819
3826,14025 1950 12315 11945 14024 9102 1954 11428 11362 13925
3827,11757 14028 8861 14027 5659 2275 14002 9999 2174 4727
3828,2820 1166 1535 12426 11052 13731 11880 11878 3464 1165
3829,6520 8575 12572 2798 2321 6476 10810 6622 14281 8136
3830,4272 6396 9824 7536 10109 10895 609 2137 8996 9823
3831,11192 5621 23 10904 13977 1951 4888 8315 5612 11582
3832,9179 11406 9650 5126 9441 5124 9601 12148 8261 1183
3833,8389 6286 14031 10918 9760 12227 6287 6276 13433 13620
3834,13184 11590 13535 4410 12136 1697 5896 560 2912 7846
3835,3465 9074 2820 13007 4516 2815 1323 2614 6417 9073
3836,2457 5414 4045 11133 7054 4871 1521 14893 2461 9846
3837,1738 5299 8671 3552 2448 5528 2878 133 8404 1091
3838,10450 11075 6883 12499 9229 9543 13979 6885 10803 2844
3839,5180 3749 9789 14032 6329 12363 7489 14917 6335 14919
3840,10407 6818 14034 11688 13400 9958 6819 14025 2800 11425
3841,12029 3852 5485 956 10907 8210 11354 7806 8244 14653
3842,11634 4829 8387 11633 11636 11635 8221 14861 13559 7328
3843,10576 10574 9612 4608 13565 6737 1824 10367 10578 4136
3844,5699 6162 12718 2849 9810 8016 2860 5701 5702 5705
3845,1532 14029 11112 8904 2869 8835 2741 13188 15257 13855
3846,10715 14690 14100 1351 14702 14875 13388 52 2204 14307
3847,3404 49 11876 2490 3403 34 2739 12667 10175 56
3848,14038 1317 11776 12866 13992 10913 4037 13557 12147 14445
3849,10845 10844 12677 12676 13001 12645 8085 9652 12999 13666
3850,3667 7065 7078 1003 1007 10750 2891 9537 1009 10843
3851,9784 2365 360 11122 15093 1532 2820 6866 14374 9787
3852,13278 13617 13654 5695 9555 13279 5677 13280 13848 7605
3853,7285 2100 4235 3713 6025 3704 3210 9048 9224 1452
3854,12149 6315 6521 7170 12424 11998 9007 4121 14692 981
3855,384 4393 1409 491 377 375 4411 382 4394 11160
3856,14033 7086 11499 14640 13468 12355 107 13230 11507 5891
3857,3996 9824 10108 11293 3998 6396 1896 4272 13119 6498
3858,10205 6510 11849 11841 11840 11842 11839 6513 12840 9808
3859,13641 14040 3428 14086 14230 12715 3429 1561 12685 13725
3860,9435 4445 4444 4443 4379 5511 3137 5591 299 14297
3861,7333 8761 12842 7334 5571 8489 14155 6940 7908 9073
3862,4147 4146 3534 3358 7140 1272 9932 5100 3095 3303
3863,10036 8592 14041 1885 2610 11362 1950 8323 1958 2611
3864,10080 3572 8582 2087 11040 8089 6139 13915 5409 6136
3865,1916 2372 2379 7358 9554 11347 2375 1354 12896 2380
3866,1535 14044 12743 13672 2820 12426 1323 1166 1525 1165
3867,12290 8638 13914 8629 12289 12293 12291 8628 12292 13381
3868,14046 14045 11635 640 5651 6281 13957 4452 11633 10012
3869,10224 14048 12880 10220 14047 6060 12889 6059 11869 5602
3870,7536 7532 3591 6398 3793 4272 13796 5884 7542 10109
3871,6993 13234 8402 1532 12006 8810 13200 11897 1167 1168
3872,13839 9841 10150 6061 7524 3591 8240 6494 9842 6543
3873,4753 10112 10785 13196 4962 4073 7643 7649 2927 5639
3874,8677 4497 900 102 11142 5338 10021 14055 4865 12988
3875,13738 1894 2899 7825 1895 8515 1891 12646 9032 11038
3876,908 6170 6782 13880 9104 6188 5716 6240 6239 6253
3877,7147 9308 6356 7013 9302 4311 12631 15158 14445 12632
3878,13615 7214 13534 10924 7669 11706 5906 4727 2001 1469
3879,8251 10412 4570 2065 8259 13428 10875 10413 2920 5640
3880,14049 12427 7114 7111 7118 11444 111 91 7123 54
3881,13696 1874 13887 13715 12622 9973 7934 11911 12864 14050
3882,9842 9841 9226 9225 6253 10122 7629 6494 4753 6061
3883,13851 11258 14052 14053 5299 14054 8747 6326 9792 12097
3884,14055 5163 8870 10050 10784 7854 102 4045 8778 2288
3885,9259 3278 7622 7920 3041 8857 6034 7856 3104 6381
3886,14058 14057 8320 13697 6403 10432 1472 12984 11658 7090
3887,4814 8086 11716 5824 5836 5834 3317 1074 3835 3836
3888,14061 14060 14059 273 14062 6852 316 5945 337 7552
3889,1201 1578 7197 14447 2092 2091 796 2093 3681 312
3890,2614 11899 11441 12186 5998 11379 1532 2820 13319 2742
3891,14063 4821 7310 2324 3476 9249 514 2798 873 176
3892,2820 9784 13344 12426 11122 2741 1165 2742 2614 1532
3893,12009 10255 5783 13387 14064 6854 8423 2683 1845 6247
3894,9074 5328 1882 13002 11942 5327 5326 8698 3482 3568
3895,12519 14065 13279 12263 13280 12926 13068 4373 13616 2839
3896,14066 12967 10979 9772 12617 14781 14797 13462 14624 14795
3897,14067 2630 13646 14943 14536 2628 2629 10981 7700 5556
3898,7964 1011 14069 13225 9851 7057 7427 1357 6741 4132
3899,8543 12091 14071 8545 12253 8363 14783 14076 1134 5559
3900,4275 4274 2287 7809 4809 11733 6944 9448 7808 7518
3901,3296 2080 724 2676 328 6388 3720 9475 1076 1037
3902,14072 3072 7073 3077 9968 11578 14736 14265 5690 8155
3903,14073 12153 6815 2698 5611 4318 2407 1369 5275 9498
3904,14075 14077 14074 14076 9015 13813 13900 10917 12841 12091
3905,11447 2924 5134 2955 9849 8266 5175 4045 296 1195
3906,12331 323 9251 9148 11836 11012 12034 13781 1994 12629
3907,1777 7218 1317 1721 10199 8166 2881 3083 6364 2890
3908,13361 8739 13306 15167 8733 8736 1636 8735 8737 14798
3909,4355 4406 292 494 5140 7862 1735 12204 5622 1199
3910,9472 162 13715 10615 12554 14951 4162 169 9060 3028
3911,13188 404 11524 1532 1166 12426 2820 1475 4516 13059
3912,5215 1074 12766 7914 10666 9051 8446 3420 9933 13714
3913,476 10054 488 5414 464 3284 794 462 4179 478
3914,2820 6000 2742 1165 6001 1166 12426 2614 14084 3465
3915,9821 9818 9819 14081 14080 45 3061 8587 3060 14604
3916,14082 2501 2657 13172 5574 4931 188 7371 2514 2033
3917,5929 8736 8735 7009 15129 8733 8739 9808 8737 14010
3918,8513 14083 6806 5163 8514 2543 1113 14770 13296 3182
3919,2820 12426 2742 1166 13187 1165 1323 6001 8727 13188
3920,405 14084 10679 10680 13931 2820 1323 1535 10963 8906
3921,14086 14040 14085 13725 14087 1561 12486 5297 1560 266
3922,11762 6309 13211 3612 3412 7186 13210 9713 12579 2342
3923,12290 12292 13381 12289 12293 12291 12675 12674 12673 11630
3924,405 1528 12509 4330 4516 2820 12426 1535 13331 13651
3925,14071 10456 11200 8363 8543 6819 13399 13400 12315 11717
3926,1616 10423 1615 1605 11588 1613 8864 13692 13652 1611
3927,9055 14088 3019 12651 8413 14558 13587 14306 1392 6106
3928,7750 7751 3677 7752 13336 7749 1475 8334 8832 14362
3929,1351 10909 12286 14089 1350 10715 740 15273 15274 14702
3930,10450 12499 14091 7518 10244 12498 14090 5878 7808 11075
3931,4964 4753 560 13184 13535 4962 4073 5896 11568 5895
3932,318 344 12640 13656 13657 6358 15265 11401 8633 7752
3933,10011 2391 11602 14143 11883 14667 12651 14834 12025 1713
3934,10195 12879 7530 4361 1669 6392 13142 4362 1590 13123
3935,13354 2820 1323 13187 8727 2614 12426 405 1165 13330
3936,14094 14522 577 6826 6218 14496 8270 419 5655 5635
3937,6668 6659 14098 14097 109 10394 14096 6655 6667 6666
3938,12426 2820 1323 1165 1166 13232 13188 2741 6001 13202
3939,10715 14100 2203 4551 4753 4962 4964 52 7649 4073
3940,2742 2820 14015 12426 1535 1165 12994 1166 6001 13005
3941,6172 10714 9697 12937 9810 8650 3423 10363 8649 5782
3942,13987 3387 10051 2280 8884 5402 7706 14102 1876 3829
3943,3541 10868 3540 3537 6613 12373 2274 14414 13979 1897
3944,13141 1940 7530 2162 6062 11885 5276 5597 8090 7666
3945,1115 2907 5967 12155 11885 9708 2914 2726 11886 5157
3946,12459 3654 2991 5819 3656 5114 10399 2421 3646 10405
3947,2820 12426 2742 1166 14084 4516 13248 1165 3464 6001
3948,14105 3846 1826 3844 10815 4414 2876 7427 3843 6806
3949,4931 9920 11702 10888 183 13124 10539 13584 427 8501
3950,14108 14210 12668 2838 14689 11271 14984 6012 14701 3478
3951,11773 14109 8358 13779 7172 12694 8360 3490 11147 9857
3952,12293 12673 12290 12675 11186 14111 11630 12292 12291 8211
3953,3016 10369 11174 8671 844 4943 735 2024 10602 7413
3954,13885 12850 14480 5268 14131 11366 14506 14500 14130 14488
3955,14112 6165 4601 7651 12865 6167 6169 2705 2439 3669
3956,714 2450 4997 3554 4888 14984 7390 2451 1349 9496
3957,10161 14113 7490 9924 1460 10164 7288 8577 9312 9585
3958,9223 205 349 8795 11815 7622 351 4185 8577 663
3959,14114 3676 10270 8790 5823 2082 10632 9619 6915 8361
3960,4060 1778 1319 6362 1320 6363 9080 6361 1779 1321
3961,1880 7734 6868 10018 7156 9617 7157 10479 7726 13412
3962,11141 2182 7250 811 8225 4399 9937 4478 2174 12358
3963,10018 82 8499 7006 11223 7734 8463 2498 837 9584
3964,13641 12685 12520 12684 1554 12715 14040 14230 10427 9137
3965,14116 13358 6188 14115 7950 7104 2909 5713 4358 4068
3966,14118 11782 12892 266 14117 7180 902 5695 11684 14446
3967,11935 11670 13401 7400 9186 11957 5593 3992 12438 11255
3968,2820 12511 13931 12426 14123 1323 13421 1165 13330 405
3969,11346 2373 4606 10088 11347 7215 10994 7554 7057 6432
3970,4052 7152 13454 7776 1086 506 12543 1085 1943 7139
3971,14125 3459 2563 8801 12052 3460 6899 9924 5642 1099
3972,753 733 6088 11158 4223 6380 12213 731 4175 584
3973,2597 160 11529 2221 6128 9430 6433 8172 8896 157
3974,14126 8 1995 12793 3403 8382 10728 13224 14971 13835
3975,14127 10124 5615 5229 7684 5452 71 5230 1740 5228
3976,10627 10069 6579 4403 3083 1318 11890 11000 8542 11381
3977,13451 5222 13461 4056 4057 383 13818 4059 4058 2612
3978,1354 5671 1357 9665 5672 5669 4141 11347 10365 6741
3979,10148 8119 2903 13726 2924 13564 11590 5251 12136 12137
3980,2210 10464 8285 1282 8098 8896 11157 2237 6768 7917
3981,726 11403 14512 11405 11402 8590 11404 693 692 6719
3982,11932 14129 2770 11084 10668 14382 7266 2835 9972 4950
3983,12850 5266 13885 11366 5267 14486 14481 14485 14498 14491
3984,13885 11366 12850 10328 14488 14131 5268 5267 14480 14479
3985,11737 1475 14132 11230 8892 14466 8454 10413 14465 11880
3986,5967 5601 9998 6392 4699 13951 6508 6389 9657 12489
3987,9041 8310 6409 3899 630 14080 3901 5210 3374 5056
3988,11873 8258 64 4449 1337 10558 3508 8259 11630 9565
3989,4024 10480 4845 9920 9914 3402 2511 130 12052 2559
3990,1172 755 813 1174 824 4869 1426 8821 391 128
3991,8532 14134 13765 14135 12925 8318 7878 12947 7624 617
3992,4139 11624 1357 4608 1828 2377 5848 1354 2379 5863
3993,1668 7705 7707 6803 1667 7706 8958 9832 5484 12212
3994,13324 1529 13323 12426 1533 1475 4514 8526 2820 13188
3995,9319 1447 7186 2684 11863 14493 1553 1440 13808 12547
3996,14137 14136 14497 11405 13998 692 3815 11366 14208 12497
3997,13343 12426 2820 2741 14138 8827 3464 13730 404 13189
3998,6532 10608 8306 3662 9203 5739 2928 2081 4286 208
3999,13919 14141 685 12545 10564 1701 14140 14646 15281 2074
4000,1501 3834 137 2474 5209 119 3280 1161 5207 3827
4001,14144 8785 4962 11189 13753 3959 6489 4753 4752 4963
4002,6622 6476 2979 1864 6004 8305 5145 2108 6620 4976
4003,11120 14148 14147 14829 5673 2869 4063 10561 13590 14209
4004,2614 8694 12067 1303 5998 2742 14021 2820 8592 1532
4005,8907 14151 14138 14150 13348 404 11753 2741 3464 4515
4006,10372 10373 155 10371 10370 156 153 152 3595 4396
4007,6186 7574 4781 7434 6180 6187 887 5947 7436 6185
4008,13023 11895 13046 12456 7532 12957 8126 13551 7536 11978
4009,12748 11218 14153 6537 11219 13834 14181 13207 6298 10353
4010,13738 2899 1894 9202 7825 12646 8515 11038 2730 1895
4011,3481 3482 5327 5332 14155 1882 5328 3568 5326 13002
4012,11988 572 12162 566 4707 2931 7889 7890 2846 7893
4013,14156 11002 12077 8476 12644 12071 1010 11805 6810 12101
4014,2742 2820 5998 405 7249 4515 1323 1165 6001 12426
4015,7249 1529 405 2814 13854 13578 4514 14800 2820 1166
4016,2614 2742 2820 1166 5998 1532 2815 1165 13327 2743
4017,7657 14093 8887 1669 6950 13783 7658 14090 7530 11692
4018,13537 13848 13725 13176 9557 1560 14085 14086 12486 13278
4019,14159 14157 14160 7581 14158 1131 11746 11384 12988 14884
4020,13763 1937 11232 9650 9682 13762 12148 7745 8059 2108
4021,9056 8588 14430 3906 8581 13977 3037 12689 14210 8579
4022,110 14930 7119 108 11058 15215 7116 7127 7632 3057
4023,14114 2082 12019 4164 7252 971 5538 1885 6063 518
4024,4713 14164 11187 6788 12480 2567 5407 9571 6790 6789
4025,1522 6775 6173 11221 6779 6171 13887 13424 1691 7950
4026,5415 8816 14603 13015 9584 5004 13012 9587 2306 10381
4027,8999 91 15184 14555 14166 14081 14930 11185 79 7121
4028,13725 13537 9557 1560 14085 14086 13176 12486 14040 13848
4029,1561 12486 6669 4368 14085 266 14086 14446 14207 1560
4030,4962 12682 14002 12055 13191 4753 4964 10785 6544 10112
4031,6360 4605 1357 2014 9851 4133 8164 6550 11347 1010
4032,5580 466 7929 8457 1646 4016 4925 836 8458 3097
4033,12496 6497 606 12748 621 5788 4172 13490 6496 5907
4034,13726 13642 13643 12439 14752 12216 5358 5338 10294 8175
4035,14167 13389 8786 4171 12236 8785 8226 1559 6750 4357
4036,13187 13333 1323 2742 2820 1324 405 12426 13334 13354
4037,1166 1535 2742 1165 2820 3464 12426 2815 2814 8730
4038,1893 2230 14168 14128 3088 1895 1891 14465 13709 14344
4039,13889 13191 4962 3943 10425 14169 9806 12223 5021 10426
4040,13616 14172 14171 4373 455 10252 7826 14065 11610 14170
4041,14173 2419 6435 11978 14174 13986 14507 9843 2410 2424
4042,14104 6586 14175 2905 9542 13281 3091 4747 2728 13551
4043,13610 13107 13116 2912 13184 13535 14176 6828 7869 13403
4044,11723 12725 8443 12839 10992 7058 10099 11805 7404 11808
4045,1166 8730 1323 13650 2820 1535 12426 13576 405 13628
4046,1526 8907 2741 11898 4515 6994 1533 8904 2820 403
4047,13901 8033 13069 13466 6982 8035 13471 3428 8032 1878
4048,14180 8362 13055 11555 13315 14805 12820 14330 12905 12821
4049,11295 8620 13408 14175 6869 10153 1265 2429 12456 12555
4050,12684 11611 12685 9137 7650 2840 14181 10427 6298 1554
4051,2538 12110 9121 7730 9924 9910 10158 7758 10551 13412
4052,11770 12319 14641 11943 4421 10343 1633 11607 2446 11772
4053,5998 2614 2742 15152 2820 11899 1534 14599 13578 8834
4054,6001 6000 13271 2820 404 12426 13628 13323 1166 9791
4055,14178 12518 8264 12926 13254 6479 11219 5923 626 10609
4056,9807 11114 7934 9661 6251 900 12036 10027 9805 6784
4057,11226 12242 5367 11225 11381 11224 12739 12729 12737 4691
4058,14186 14192 14191 14189 14188 14133 9231 14187 14190 14185
4059,6846 3609 4379 668 3492 2839 1460 9857 6524 11312
4060,1532 11879 8835 11755 9794 12994 13188 12882 8834 11112
4061,13846 12683 13845 14177 9695 14109 12520 2865 1942 8781
4062,12323 13659 7237 14194 2947 2819 14195 13039 14196 10127
4063,14198 14197 14525 9201 14395 13228 1185 2508 8603 2637
4064,12997 1885 13532 13246 1884 8323 13433 13432 5572 13247
4065,11084 14129 5405 11932 14382 4711 2834 9130 2835 3467
4066,14200 352 3896 13819 14398 8093 15089 8102 14775 12180
4067,11405 2600 12868 8977 724 14591 14512 14136 11402 5196
4068,4766 10962 2807 11429 14617 4918 4340 894 375 4989
4069,12251 5725 10584 12252 3678 716 2133 5640 7832 3195
4070,14203 14205 14204 14202 14460 7581 6605 14523 6606 14478
4071,3160 13216 5233 12110 5574 13412 7371 6908 8460 12514
4072,10322 12263 12524 12824 12249 13858 9556 12248 11023 4629
4073,14207 6669 1560 4368 13725 12486 1561 14085 13537 7481
4074,14208 10168 14046 9131 14889 14452 692 11402 11405 14136
4075,4135 9751 3679 4605 8164 2617 7553 7068 8162 1721
4076,4413 12349 5689 4600 7057 4605 12350 11347 2890 7426
4077,14209 13736 14208 14596 14214 15218 14458 15170 15219 15169
4078,1317 4688 4687 4135 11226 4132 8152 6806 4138 5849
4079,11644 12692 9920 5187 9913 2506 13412 2518 9914 11972
4080,13191 4962 10426 10425 10106 13208 4753 6544 10112 13889
4081,13463 8084 11206 13064 14796 13462 12647 2746 9572 6587
4082,8775 14120 3955 2464 13883 11670 13807 3210 6695 3577
4083,14212 14211 13167 14448 415 14214 11949 2490 3943 8020
4084,14213 2651 8020 14214 15169 13050 14209 8525 2655 2296
4085,13771 14215 13767 12142 12248 4629 13141 13239 10463 12524
4086,2820 1323 12426 405 2742 1165 2614 2815 1166 6001
4087,9959 12265 14024 6819 9960 10456 14025 9958 9649 12315
4088,14217 8734 14216 10562 12777 6827 1520 5494 9270 8735
4089,11907 9387 9973 9380 9385 2841 9379 9384 9377 9386
4090,2375 2379 2372 11347 2380 9853 5845 1354 4060 11816
4091,12987 12082 1111 6172 6886 8968 6541 7651 6185 10870
4092,2156 5260 2290 5159 4933 4267 12835 12830 12834 14166
4093,9052 14221 14220 10921 4437 3890 8195 14995 5652 6848
4094,11384 5788 12065 14222 6497 12064 14882 14316 9361 692
4095,13388 3063 75 8587 11126 10715 15215 14840 92 81
4096,1700 6183 13961 2008 8114 1846 2981 1864 7940 14146
4097,14224 14223 14222 14415 13836 5107 14952 14538 14157 14610
4098,14226 11120 5673 14225 14459 12551 2887 2869 13878 15126
4099,2839 14065 12519 14171 11610 12520 12525 4373 10253 10902
4100,6477 14227 13460 9213 2731 12881 7649 6617 10337 7171
4101,14209 6331 12188 14596 14458 10121 13680 14213 14595 13899
4102,405 1166 3464 2820 8603 2742 404 12426 1535 1165
4103,4516 13452 2742 13187 13235 2820 1165 2814 12426 8727
4104,7080 9195 11691 13984 1013 10818 4138 11624 7784 10843
4105,14230 12715 12526 13641 14229 12527 13175 11147 12525 1558
4106,7065 3667 9536 7078 1007 9537 1003 10843 10750 2891
4107,9960 14232 13073 12649 12266 12594 14233 8099 12003 14231
4108,1721 7426 4605 4413 7057 8159 11808 11805 10246 10355
4109,14152 1625 14235 12553 8126 6062 6082 12951 13551 12957
4110,14236 7014 7015 4062 14571 7013 4063 9307 13878 9412
4111,6001 1166 6000 14079 3464 1165 8727 2742 2820 2818
4112,10251 14237 6241 6240 6174 8967 9104 10250 11796 6188
4113,2820 2742 13005 12426 1535 2823 1166 13187 1165 1323
4114,8687 13644 8921 12492 1510 6247 1845 11632 13251 13365
4115,5788 7253 13616 6497 6884 7641 11397 13180 13196 6493
4116,1438 8485 3728 206 2696 1440 838 1444 1443 6343
4117,14238 14260 14638 11315 489 14572 11306 8250 14575 6581
4118,2130 8591 10382 10383 3409 8 5135 10476 12005 10712
4119,14239 14244 14251 14248 14249 14250 14247 14246 14245 14243
4120,4301 890 4886 5829 378 5607 13645 3359 65 5388
4121,3177 3178 7000 5787 5786 5642 10564 1619 131 8501
4122,11405 14136 692 14512 11403 693 11402 14591 11404 14479
4123,12698 8823 443 10232 4568 705 1589 9884 3242 9072
4124,12985 1557 13942 6498 8515 6097 6546 5197 6499 1893
4125,14244 14251 14248 14249 14250 14247 14245 14246 14239 14243
4126,7649 7643 4388 628 621 8788 6613 10868 1127 12039
4127,4507 11252 3483 2011 11251 13684 13736 15218 2010 15170
4128,538 4844 6820 14808 536 531 525 537 535 530
4129,13782 12148 12138 11085 9650 11656 7745 7401 10119 8143
4130,171 2326 4364 9604 12163 11803 4774 6859 7327 4468
4131,2665 3564 2666 3568 12268 14041 1911 8103 8593 3274
4132,2156 88 3860 184 2473 9669 12018 7283 14252 5135
4133,14254 14253 13524 14358 2465 14357 13525 14395 7239 195
4134,10125 6905 8884 3396 3387 7809 2280 633 10391 5917
4135,10728 14126 7795 7630 3981 8382 10059 7791 10370 3132
4136,5142 5794 11993 5801 5797 5796 5800 3137 5799 2790
4137,5502 7021 10236 1101 3453 5505 226 6260 1737 5501
4138,8458 4569 14217 3242 7277 4627 14471 2601 2216 466
4139,46 6825 6727 6787 1985 4669 5522 11092 4075 1924
4140,139 5437 5041 870 2001 795 2777 1417 1459 3810
4141,14255 9101 6824 2805 8095 1886 7556 3561 13703 13995
4142,3359 9118 3119 9669 3282 186 3356 4640 6199 2484
4143,11119 6542 3079 9664 2869 8151 1721 8160 8982 9754
4144,8848 8850 13713 4691 4607 13712 7427 7554 12348 9645
4145,14257 8077 4651 7739 11963 11163 4665 7658 13706 11210
4146,7910 3903 7452 5952 3899 3901 9041 7805 8458 1058
4147,13193 4257 11706 11139 13194 4489 3038 14258 10930 1646
4148,10003 10001 282 1971 10181 8003 10002 4303 12041 5939
4149,1351 9974 5550 8367 9164 14089 2656 549 13454 11233
4150,6199 5996 4988 7708 10888 4640 12005 7331 11706 10446
4151,4865 3150 7391 5313 11821 12097 2625 4634 5818 4350
4152,14260 14238 489 11315 14638 14572 794 6587 1591 478
4153,1721 1727 12146 7572 1705 1712 6447 1708 2881 1776
4154,8287 514 12005 176 2448 4762 6031 14063 170 463
4155,11157 2210 8098 5746 5408 8285 5747 5850 13037 705
4156,2026 2548 1961 7734 9617 5642 2496 10017 4988 6199
4157,1532 14262 6940 11470 11112 13613 7236 8904 8835 2741
4158,8999 15148 15206 5527 5488 15207 12605 14081 9119 8074
4159,10980 2666 12312 1392 2238 12996 1543 9812 8392 4059
4160,6703 3077 3076 2616 3078 6704 3079 3075 11057 7221
4161,10212 10886 4828 7758 5568 10550 3623 1621 2676 9902
4162,11101 1676 10064 7651 1934 10719 7588 2627 7855 1932
4163,2241 134 385 10432 13402 13130 499 4578 2224 605
4164,12813 1074 12193 4920 3497 9545 5215 9802 4179 7968
4165,5155 690 4181 2448 462 12023 1232 11843 10301 769
4166,14266 4529 4524 4530 11592 8016 4522 4525 4520 4526
4167,7037 7845 1413 466 4396 4861 10370 2595 12770 2693
4168,14267 4036 9951 4037 3442 9952 10073 2880 9192 13981
4169,4498 4312 2672 9991 7977 2671 4474 2945 4314 5726
4170,239 2256 4351 9613 7861 4286 9667 14275 8028 7941
4171,324 6792 4920 5563 11166 9560 6384 3169 9012 328
4172,257 6094 5920 14887 7518 5650 3829 10529 13109 14403
4173,14268 5226 11253 8454 14396 3116 11630 4576 11366 13216
4174,1177 2984 6613 8788 2846 1896 1897 5285 13251 7893
4175,8474 52 9427 2203 14100 15274 3019 7122 91 8475
4176,14269 2871 6806 8847 4139 1011 9752 4607 7427 8000
4177,11914 10820 1297 3720 8521 4856 12200 11129 1620 2411
4178,5563 4656 11371 6792 4655 4657 9560 6793 5564 4664
4179,3348 3834 3602 3359 3328 4867 2480 10976 2482 3835
4180,6046 3740 11751 11713 8129 6041 3115 2692 3104 7344
4181,14273 14271 6041 14272 10532 8453 2347 9069 10303 10274
4182,12069 5723 8714 4032 4031 4029 3712 5722 13063 2589
4183,14136 11402 14208 11405 692 693 11403 11404 12497 13182
4184,6725 12281 9704 693 4937 14390 6717 6719 692 11405
4185,4096 9167 9886 1229 9090 465 8744 5412 1959 4217
4186,11378 11379 8793 8501 11377 8376 1367 11376 2507 11375
4187,14274 12714 4346 3467 12620 2588 7394 11843 5577 8553
4188,13560 6615 711 6622 7743 6624 2938 11568 1664 6189
4189,11368 11370 4660 2804 4663 4653 11369 13022 4650 4657
4190,1831 10137 2525 1215 4894 14271 2494 7768 2460 6969
4191,685 195 6822 1701 48 7995 2251 10564 13919 5064
4192,14206 1491 1215 2108 12162 323 9563 764 6629 5247
4193,1532 8402 14138 11112 15257 6993 8904 2741 8835 13188
4194,12549 7831 244 10043 3172 10487 7433 7440 6930 7472
4195,13725 4458 13537 1560 14085 14086 12486 14040 9557 6145
4196,171 764 4862 964 6198 4468 1684 3217 5542 6641
4197,4953 14279 13588 14278 8820 14277 11053 13264 6201 14275
4198,8742 2024 1452 1427 8653 1568 2756 12042 5315 5547
4199,11151 7286 1160 1161 1043 8439 10078 9679 10661 8631
4200,9826 10867 14281 1269 8227 230 6476 2982 5157 10870
4201,839 794 6411 163 2461 2750 11761 1397 6965 6216
4202,5003 2498 159 7113 15230 10406 3456 4437 8748 2206
4203,14283 11347 6805 8982 6431 10994 4139 5450 10355 4603
4204,11848 731 3138 9911 9912 14284 2166 11409 1475 5574
4205,466 2448 11243 476 453 879 775 3217 3139 462
4206,14286 12440 14209 14285 15173 14596 14458 1007 5448 11805
4207,748 1408 11170 6645 838 2930 1252 1444 10446 11706
4208,2826 2764 9439 3748 10762 9518 2825 1086 1103 2827
4209,14287 467 1423 6216 3222 463 458 9309 10454 794
4210,14290 5114 6653 14291 6662 14289 14294 14292 14293 14288
4211,232 10485 11292 14175 10153 7195 6667 233 10406 229
4212,13725 14085 1560 8999 14086 12486 13537 6670 14040 14207
4213,2291 9051 4090 7848 10078 2287 2290 14940 2289 10270
4214,12513 14930 14295 14427 14088 9052 14929 3021 14867 14868
4215,794 5417 618 6005 971 8287 11393 1452 2448 4845
4216,4426 13587 2326 7115 13940 9055 6148 8653 10602 14555
4217,14154 10731 11410 6129 13856 12587 12823 10059 8148 7628
4218,12670 14298 881 2130 13722 3193 14055 5508 2564 9613
4219,870 8106 14299 3956 3276 1385 10126 11483 466 14621
4220,10401 10400 6652 10405 10394 10402 7368 10392 10403 10404
4221,14301 14302 14097 14096 12556 10392 6654 10624 5819 3744
4222,7109 7632 7310 11230 3160 14921 10888 8759 7110 176
4223,14163 8999 9054 14866 3021 12513 14868 5415 15148 14670
4224,14303 5516 11384 14304 2623 13652 9945 6574 9827 13653
4225,6766 7719 9143 15260 233 4480 15046 7532 3744 1819
4226,14305 9762 10278 12352 3449 8488 12176 5231 5232 10432
4227,4669 3500 4760 2155 4031 2106 4965 63 2493 8500
4228,13587 9054 13940 14555 14296 15270 9055 14826 91 14306
4229,14306 739 9054 14852 3021 14555 7124 12206 11058 14868
4230,9054 2156 13912 7124 5335 14166 78 14929 14555 8999
4231,740 14979 14089 14547 1351 12084 101 14980 14163 10715
4232,9570 2235 7235 3821 3576 12005 3406 9326 11363 11333
4233,14308 10076 11955 14802 13353 8831 14562 13730 8907 7282
4234,1806 14311 32 14310 1026 9906 11969 9902 13741 7967
4235,14312 4223 6829 5235 11666 1418 817 3014 11073 10463
4236,13015 2739 5415 14560 13016 13017 14851 9584 130 12325
4237,10746 8527 4359 14313 5010 2856 9085 240 11447 5619
4238,7773 9266 13669 14100 5567 4494 5233 11646 9904 5309
4239,13481 13480 5471 6086 11047 10839 10838 6472 10837 7833
4240,6617 11152 13666 9213 2731 6069 13267 11475 13951 7891
4241,12980 14314 1196 12250 13029 15047 9972 9984 3507 9502
4242,13245 13576 13628 13650 13244 13128 12426 404 13271 2820
4243,12426 1323 405 2820 4514 1533 3465 13188 14324 1166
4244,13849 11389 6655 10397 14290 6661 6667 6666 6662 6664
4245,1532 13329 13344 11112 8904 2741 1533 5998 2820 13006
4246,13431 5516 14316 3067 14315 1632 13904 13310 5563 6792
4247,7731 5543 12420 2123 11069 2498 5989 5545 2147 7732
4248,11429 14317 9340 14617 14370 9034 6576 14034 8380 12646
4249,8509 14318 14058 11585 14357 13524 13525 14395 11579 14358
4250,1761 6327 15127 13571 1304 12342 6331 7782 2059 12090
4251,692 693 14320 11403 14208 14136 11405 11402 11404 11366
4252,14321 12195 8976 9508 9246 3155 413 9600 8273 7952
4253,14322 10064 3403 8523 8484 11066 10191 7671 11790 11035
4254,6023 12855 11917 4488 96 12667 5181 3362 6643 790
4255,2957 12918 11480 12666 374 9024 7798 11832 12667 13373
4256,14319 8760 7781 7249 8747 1576 11952 426 11026 10625
4257,14311 6232 13898 13741 6234 6229 12577 6233 6230 213
4258,14323 11555 11554 13315 13924 8362 14805 12905 2614 12820
4259,14138 2741 13189 12425 8827 14324 12426 13343 1532 11109
4260,1531 1525 1330 11394 1530 14326 13672 1535 2820 12743
4261,4515 1532 8830 8835 10206 11109 4330 2742 1165 8904
4262,13349 13734 4514 2814 12302 3465 13189 1533 2815 1529
4263,13343 14328 12271 8808 5194 14138 6353 13730 13635 8809
4264,13344 11122 2820 11112 1532 13329 2741 10208 9784 12426
4265,2614 11286 14329 13409 12905 12906 12903 5998 13578 14196
4266,2741 13323 14014 6001 6000 12426 13324 13271 13628 2820
4267,14199 3507 11560 998 11399 2541 6307 6315 3049 6316
4268,13578 2614 3465 1529 5998 1532 2820 2742 2815 13038
4269,13578 2614 5998 3465 6352 1529 14599 2815 1534 8834
4270,405 13332 1323 14562 11955 13651 1535 12426 14122 2820
4271,12070 8892 13854 11111 8894 8893 6990 14803 1475 4791
4272,13248 13672 3463 12426 2820 1535 10260 10525 1166 13334
4273,2820 10410 1165 13926 14331 12426 13575 11880 13260 1525
4274,8907 13347 13202 13201 2822 2820 12426 13624 13346 13005
4275,13244 13128 13245 6000 12426 13248 1535 13357 1165 12882
4276,1166 2742 2743 3464 2820 1165 6996 2741 1535 404
4277,9784 4515 2820 11122 2741 1532 13344 11112 6866 13354
4278,405 14332 13203 13661 14084 10411 2820 11753 11051 13648
4279,14323 2614 5998 11555 11554 14007 13924 15152 13315 13578
4280,11112 13319 1532 2614 10508 5998 2741 8904 13344 1533
4281,6996 2742 2741 2743 11112 1165 1532 1535 13344 2820
4282,14007 5998 2614 10127 14323 12905 15152 2742 13201 14330
4283,14336 14335 407 10260 13990 13574 2816 14326 13672 11394
4284,405 1535 2820 2742 1323 12426 1166 1165 14084 8905
4285,10963 13931 1323 8906 13330 3464 10679 13625 12426 2820
4286,2742 1165 2743 2741 13629 2820 13352 6996 12426 13327
4287,10410 13260 14331 13926 13575 1535 1525 14122 2824 12426
4288,2820 405 12426 2741 2742 1323 1165 1166 2815 6001
4289,1323 14122 2742 405 2820 12426 13700 2743 13421 13931
4290,11112 2614 1532 2742 2820 2741 13319 6996 2743 13344
4291,3464 13731 1166 2820 13187 14712 11052 3463 1165 6001
4292,1529 4514 13423 2814 3464 2741 6416 1166 13189 13349
4293,3464 2820 1530 1166 11394 1531 1330 4516 14712 8907
4294,2614 13672 13574 12380 2820 2742 1165 1532 2741 10260
4295,1367 15276 3055 5311 2085 5547 7134 7159 2125 11378
4296,14339 14338 12627 12628 12632 3486 14409 13852 7013 13050
4297,6784 12985 12025 14340 9807 11661 10986 7934 9661 1174
4298,11872 7401 13829 4755 13830 13828 14353 15099 4948 1673
4299,4138 1719 12929 2373 7067 4132 7057 12349 2892 4600
4300,12025 6685 8372 6097 6616 1786 5382 13644 6498 11244
4301,3083 13785 7784 4687 12209 4132 12734 4688 1721 10461
4302,8026 8029 8039 7259 1122 8032 8024 8011 8038 4746
4303,10199 11777 1354 5447 11347 5687 7554 2881 10355 7427
4304,12370 7427 7554 7095 10199 10088 1010 10749 8159 5447
4305,14181 10351 14342 14153 6298 13207 10353 641 12748 12536
4306,3083 7784 1315 12211 4687 1317 3082 6321 1721 10461
4307,4403 12917 13519 1317 1010 12731 10994 10355 2881 6556
4308,11265 5782 14064 10255 576 5783 11264 5781 7625 12048
4309,7436 13258 12891 5985 8321 13177 5947 13698 15261 6186
4310,14344 9688 2930 14128 8176 15159 2230 9341 14227 9687
4311,4599 12735 7427 7077 10461 7554 1010 4139 6847 8159
4312,13557 7702 10911 11613 3486 13556 11273 14763 7014 13212
4313,1011 11537 7057 7427 9851 4132 1357 6360 7554 9194
4314,7215 2869 4403 10992 2881 6804 13702 5447 12637 11120
4315,7427 7498 7554 10899 4135 2996 1011 13443 6806 11805
4316,3980 11949 4437 5421 14275 10706 7408 2914 914 7409
4317,13742 6849 10195 10103 12879 13542 12038 3877 10764 8605
4318,11347 2372 1778 9194 7215 4687 14345 1317 4060 2375
4319,3429 3428 4350 3427 1119 11979 9393 8021 8033 8016
4320,756 2953 14111 12052 10539 823 1204 9924 478 9364
4321,11347 12332 7215 10088 8159 10199 11808 2869 4134 2890
4322,13214 691 13215 10561 14721 705 9718 12085 13213 14147
4323,8542 10994 4461 10998 10627 10990 10355 4743 11000 6805
4324,4687 3083 11347 4132 9850 4688 11226 7093 5874 397
4325,12036 9807 10224 2422 7934 12035 14048 900 9661 6251
4326,14348 740 11818 4847 8479 14089 1351 6434 10657 14979
4327,14350 14349 11347 14351 7215 1771 5875 10627 5861 6432
4328,10969 14117 1524 13776 10970 13034 7722 11246 3490 11245
4329,11249 7714 4373 11248 12527 7713 11620 4731 13280 14161
4330,10627 11099 8982 6804 10628 10629 8542 8536 11000 8848
4331,14206 6537 11218 2108 6163 6623 1592 12748 13417 4696
4332,618 612 11963 5782 10388 7377 6605 9942 6098 188
4333,14352 2840 13176 1360 6231 9659 12486 1947 5675 9127
4334,7242 14353 7241 7244 4840 7376 4382 7243 782 7382
4335,11840 11842 7168 11841 11839 6510 12888 12986 10658 1590
4336,14354 10216 10219 10218 14738 10217 3004 14737 3813 14845
4337,1136 1145 5686 1146 10751 12378 4596 12376 3003 7215
4338,14356 5288 14355 2729 2274 4589 4582 13023 13551 13642
4339,3075 8167 7221 3079 6703 6704 8166 11002 3083 3077
4340,2820 2742 1165 12426 8906 14084 3465 8727 6001 13660
4341,2891 7217 1009 3667 12255 2370 10857 10754 1007 1011
4342,13604 7506 4567 6226 10271 10269 2161 10272 2162 14012
4343,9309 3555 4821 4196 8704 3711 3712 7420 3710 2761
4344,11626 3667 3074 3666 3688 7065 1007 10750 1003 8159
4345,5625 13823 12831 6095 13903 5624 5471 13429 12835 5335
4346,7057 4607 7427 2869 1719 4132 4135 1011 2881 12929
4347,14357 14358 14254 13524 13525 2465 14253 7239 11579 14318
4348,10627 1317 6804 13209 13723 10990 10991 10628 10994 11000
4349,3465 8906 2820 14359 13235 3464 6351 2742 2815 13931
4350,12142 6939 7682 13122 13771 14754 11888 5338 13642 13643
4351,2881 6847 7077 13785 5449 3085 5530 5448 1135 4461
4352,4132 4600 4687 2373 3667 7067 4138 12929 10199 11724
4353,14362 5012 14284 10491 731 5036 8058 5042 13656 7750
4354,1354 9554 14363 1357 1355 2369 9851 6364 11808 10355
4355,2058 5795 11019 13305 2061 7241 13298 13899 7688 7236
4356,13763 9650 12623 14027 7745 14002 6685 10870 1937 9999
4357,5355 6729 13841 10432 7544 10490 13715 12285 4386 11453
4358,12987 11665 6541 6240 6185 5353 1837 8968 399 6785
4359,7186 4484 7270 6348 4502 8241 4500 804 780 4493
4360,11019 8210 13899 9199 7688 10121 7754 8148 13697 14111
4361,1011 1354 11777 9851 1357 11347 4132 7057 7427 6360
4362,56 1374 2958 9206 2574 13413 4634 34 7153 4865
4363,10463 6173 10256 13767 1392 2023 285 1895 4872 8396
4364,7220 14364 11632 73 2585 15189 10025 72 14534 3663
4365,11808 4139 11805 9626 5849 2378 11806 8159 4603 8476
4366,13710 9857 14109 5907 4527 8231 5354 4172 3492 1125
4367,2928 6143 8762 10973 11902 4350 794 2216 12050 10404
4368,5151 2582 11599 5150 5906 14185 12309 3917 3912 5152
4369,1447 12916 344 488 13657 13656 15265 2684 13636 3105
4370,10052 8144 11115 13696 13220 12351 7529 14886 9806 10047
4371,2379 2375 11347 2372 9853 2380 7064 11816 12733 9851
4372,12985 1174 11983 10644 3854 6784 13942 7251 1469 2939
4373,14010 9100 7009 9798 10429 7007 9797 15133 10428 7008
4374,9759 13307 8095 9796 13 8096 12 14026 1886 4565
4375,692 659 11366 14136 11405 8250 693 14491 14479 12340
4376,14367 173 8617 2597 5634 1128 160 8324 14035 12093
4377,10985 2428 1506 9030 2216 154 8 3403 3134 5990
4378,3563 10900 14373 8712 3566 10081 9108 4057 8901 2663
4379,14375 14374 14376 15093 2365 9784 15271 13440 11111 14877
4380,2041 5998 7752 3368 10674 4984 7565 6199 7283 4988
4381,14378 10125 7935 14219 5904 9650 5917 632 5157 1847
4382,8383 14313 11794 759 5731 2781 9611 6208 1207 6876
4383,5555 10958 5294 5642 2191 2027 3597 55 9684 2202
4384,12008 1168 12007 1165 1323 2742 2820 12426 405 1167
4385,13453 2820 13717 13421 12426 14123 14599 3465 11109 1165
4386,4196 3276 2185 3705 5422 8705 3987 2765 2781 3555
4387,11411 11412 11414 11413 11416 11417 11415 7640 10024 7499
4388,4515 4591 8732 1535 11899 1532 2820 8905 10206 2742
4389,14380 14379 5519 692 693 5518 5520 11366 2661 9863
4390,14382 14129 10060 11084 11932 4711 4772 2834 8922 971
4391,14384 14383 692 6228 12081 5157 9287 6006 14251 14248
4392,14385 6843 13710 11182 1337 263 5491 12876 1050 10250
4393,4599 7427 10899 7554 11850 10199 8159 13111 11347 11805
4394,2742 1165 4516 1535 2820 12426 1166 2743 10260 13235
4395,14386 2687 2951 13168 10670 13804 9094 13806 13807 10177
4396,589 8995 5016 14601 3375 2570 4235 2313 2331 9693
4397,2814 13672 1535 12426 14326 4514 1525 2815 2820 1166
4398,11405 14387 999 14389 14388 14455 7700 14591 14950 14512
4399,2820 2614 13574 2742 10260 1165 12426 1532 13651 1166
4400,7631 3792 4230 9093 5544 1187 463 12019 794 3104
4401,3943 11809 8140 1270 3260 3263 4756 13618 1805 7327
4402,13067 13066 2793 13064 11208 10431 10082 12618 8899 6755
4403,14393 3895 3134 13930 14955 4298 2678 14517 14693 12020
4404,8965 1947 13221 5743 8035 2944 9127 4798 9659 4529
4405,10369 9007 4238 801 1491 611 5552 5155 11317 3014
4406,14395 1633 14254 11035 8300 14525 14357 13524 1293 11943
4407,11599 2582 14185 5151 14187 5150 3917 11924 14568 11925
4408,3811 2519 1101 9604 10673 10881 10347 6681 3640 4555
4409,14396 2448 1732 1572 170 5547 8705 651 2765 580
4410,3465 1532 2742 2820 13327 360 12742 2614 404 10206
4411,12290 12291 12674 12289 12293 12292 13381 12673 12675 14631
4412,1679 5264 11964 6850 13563 10272 2657 6226 11743 10269
4413,2457 548 6264 2855 3225 7054 1193 9283 12881 10784
4414,1532 405 1323 8904 14122 12426 8835 2820 11112 4515
4415,7860 3805 7970 13669 14707 3804 4079 14706 14178 7341
4416,9077 8093 8102 9076 352 14398 12647 14399 13945 3953
4417,14400 46 2308 6002 12205 5135 6341 14423 11672 463
4418,6799 14402 4659 4658 2604 12740 10836 4647 2837 14401
4419,12440 612 7915 14286 618 2448 6217 8693 1262 14285
4420,645 11406 7049 644 643 5126 9179 11361 14853 637
4421,1611 4975 3819 3544 10236 3546 2990 1014 4976 10237
4422,2614 5998 1532 14079 13574 2742 14405 2820 404 14326
4423,9276 10061 702 7275 6064 12308 7299 12341 9246 699
4424,46 10370 2677 10373 10371 10372 152 14400 155 156
4425,14406 8999 7135 7121 9041 7325 2951 11185 3899 3901
4426,13166 3067 14217 14407 8735 10562 8734 3065 14471 3068
4427,14410 14409 12961 4034 13101 12760 13852 12628 14339 13886
4428,13718 12879 10052 5273 2269 8144 13217 12351 13220 14729
4429,8787 10148 8119 10782 2924 8842 11590 2903 10151 10783
4430,6766 7719 3729 9158 9143 3470 15260 13524 14674 6681
4431,7504 757 1198 4180 770 3748 10762 6381 10517 7657
4432,13877 12678 12996 13484 10243 14399 14413 2094 2801 8270
4433,7065 10843 1146 1136 1145 3667 13911 1003 2891 1705
4434,9810 1665 9809 6506 12987 13887 5385 1939 9803 6781
4435,13719 12038 13934 12482 12557 10868 1897 13742 5492 13941
4436,5283 7841 12005 11745 7235 1403 143 1047 2130 8863
4437,14414 13979 3540 6613 12373 6547 12959 1893 7804 13971
4438,1028 14415 3180 9244 1397 11230 8636 5628 15085 518
4439,10259 14416 12504 11261 14440 12410 13342 4359 4840 7767
4440,12426 405 1323 403 404 2820 1165 14308 8907 1166
4441,14417 9131 2291 714 14984 257 9051 6916 2290 2289
4442,10056 11747 3034 1576 10732 14805 15242 13038 11026 8731
4443,4350 14419 3308 8139 9802 2200 6178 14675 130 8397
4444,3086 10000 7166 7165 2050 9395 12930 13255 9232 12931
4445,10517 1732 1686 1198 6328 1661 13048 7708 3284 11744
4446,14420 6392 13117 13123 7356 12437 5255 2425 13980 11020
4447,2741 11283 12425 12818 7395 2744 11879 12426 12815 7866
4448,14423 14422 2699 11238 7527 1852 1011 6477 5197 14400
4449,14424 12779 10163 5519 13570 14873 14946 5520 466 14380
4450,692 14426 11405 11366 693 3771 14136 12340 11404 11403
4451,13430 5929 15129 8735 8736 14714 5107 14471 14217 8734
4452,8983 4035 12487 1777 4605 1826 14745 11808 12349 8645
4453,8999 8786 13134 14427 3031 8226 5745 14929 1368 5368
4454,14428 13307 2486 6102 2086 8097 1301 9076 12316 9759
4455,11405 12669 14136 14591 14512 11402 11403 13286 692 14208
4456,13807 13805 9306 8581 14120 13804 13806 9208 3333 11960
4457,12612 12963 13000 14164 1886 3561 2636 12184 14791 5559
4458,14431 10871 5474 12462 4202 5069 4193 2066 598 4236
4459,4603 5686 1724 4596 7554 2888 8159 10091 12378 4139
4460,2108 10821 6622 14206 6620 4168 14959 12159 4173 4170
4461,10150 13221 14221 1467 10157 7517 13839 5199 5147 7521
4462,6884 5788 6885 12155 11978 6952 6497 11397 13196 1127
4463,10276 2278 6978 1346 6089 2277 6092 4207 3689 2283
4464,14434 8890 6493 4927 6451 9995 14717 8517 6505 14716
4465,1277 12152 1916 9554 1081 1274 1281 1279 1280 1278
4466,11038 12971 12968 7236 12970 12969 13402 9202 12129 12967
4467,9291 10986 13898 10427 13368 10252 7999 8781 12864 10250
4468,7978 230 11869 10488 10256 14048 2108 3862 12880 10870
4469,5881 14185 4350 8940 6264 11024 14187 13922 14188 14189
4470,14182 14172 265 266 13103 12681 267 14087 4373 8137
4471,5206 2259 8004 8003 3369 8001 8002 7963 8604 6838
4472,14437 13550 8887 11984 4593 11885 14050 13397 11692 13942
4473,11808 10355 8159 1010 12637 11805 13702 5450 4139 6556
4474,6814 13664 1604 13437 6348 7186 7090 2245 7185 8740
4475,5782 13998 7742 5781 10255 5783 6624 14064 7743 6782
4476,14442 14443 15015 7527 970 764 773 9622 782 5683
4477,1436 5276 3090 2729 3372 2723 4298 14092 1403 12910
4478,4665 12496 12030 1877 4651 11592 7739 13706 6479 11568
4479,4034 14409 12760 14410 137 12761 14445 9879 4589 14038
4480,740 9106 14979 14089 14547 1351 12084 101 14980 14348
4481,1817 6980 11905 2950 8957 11935 11670 4484 2101 12438
4482,14444 11410 5374 6115 5371 5368 14128 5363 5372 5378
4483,7013 14445 7015 12632 7014 9308 7147 14038 7016 13556
4484,14119 1554 4731 12685 11249 11620 5297 14446 14177 1561
4485,10189 1678 10185 8001 9103 7949 4518 906 1675 10034
4486,11076 6730 1327 8478 12550 9198 9838 5899 4595 8042
4487,11525 8144 4964 10122 12523 12522 9806 9234 11887 3853
4488,3090 12910 4041 2729 5276 1436 7803 5899 4593 1267
4489,7749 2170 10973 7750 7752 7751 3994 4798 10337 10333
4490,13015 14560 14851 5415 11718 2739 13016 13017 3960 12325
4491,7526 7533 6667 14915 14289 5114 6658 6666 6662 5819
4492,1578 14447 312 2092 2091 502 2093 13340 4308 5023
4493,9522 12103 11124 14448 693 14361 630 11125 14240 8871
4494,13943 7699 14563 3801 14961 14960 13350 8421 12324 13892
4495,9784 2815 2820 2741 13344 11122 1532 12426 12744 6866
4496,8103 12649 5222 1911 8099 12310 12268 3274 12068 8100
4497,7843 7842 11367 7844 12480 14447 2015 5336 911 7849
4498,12722 1715 10726 12723 12721 7673 684 12464 12556 3751
4499,9254 3579 11977 6332 876 383 3578 9020 8499 386
4500,7704 6978 2431 11656 2432 12138 6974 8842 2645 7523
4501,4389 8000 10700 4394 4390 4393 4412 4403 4410 4407
4502,6668 6659 14098 109 14097 10394 6655 14096 6667 6666
4503,8758 13031 14018 5472 12676 10975 11203 14371 14019 6852
4504,726 11880 12535 14512 11405 8590 1535 1475 2820 11403
4505,13182 13183 13178 10707 8144 7521 14462 12223 13181 7520
4506,692 14452 14208 626 693 11366 14136 11405 8250 11403
4507,12992 9071 688 8393 8629 13816 13817 12991 13812 12165
4508,14454 12969 8215 12970 12968 1743 14453 12971 9001 14782
4509,14388 14455 14456 7700 14950 14951 14706 8428 12494 8421
4510,12426 2820 1323 405 1535 1166 1165 6001 2742 13334
4511,14458 14209 14596 1859 14213 11120 14286 13680 15150 14494
4512,10372 10373 10370 10371 152 155 156 4396 11071 153
4513,14459 5673 11120 12551 13878 2869 13852 12756 12933 4061
4514,14462 13183 14461 14460 14205 11221 13182 13424 14203 6606
4515,14463 13974 4356 9775 1335 12619 5403 5998 9681 1637
4516,6155 495 6427 1440 464 5085 794 1833 1439 6156
4517,10715 14690 14100 1351 14702 14875 13388 52 2204 14307
4518,1357 1354 2369 6550 6551 6360 2378 1829 2014 6552
4519,10827 10825 10828 10830 10826 10829 7476 6243 7382 7808
4520,6432 670 4598 11808 11805 2014 10994 10355 10088 7094
4521,1706 6806 5857 5688 11850 1353 5447 11808 5861 1010
4522,4776 4772 12280 2220 11193 4774 1083 7266 6407 10661
4523,794 8936 5980 7043 3222 2448 12716 8287 1450 1452
4524,14466 11737 14465 14168 12837 3884 3883 13627 8860 9357
4525,9034 14468 14317 14369 4566 14370 5572 1543 12181 9812
4526,14469 13219 2435 11232 2434 10875 2432 2433 2429 2431
4527,9129 6401 4337 13551 6514 14470 9542 8885 2901 12464
4528,7016 7015 7014 10832 2003 7013 8478 14445 8164 260
4529,2215 4067 8467 695 697 13195 10319 11116 7184 3670
4530,14208 14136 11405 692 11402 693 14889 14452 11403 10168
4531,14472 6605 149 5521 6606 14204 6608 11221 169 6609
4532,6661 6663 14473 13849 6763 7210 2281 6657 6655 6667
4533,859 11405 11403 6877 14512 11402 11424 11404 692 693
4534,13885 12850 11366 14480 5268 14131 14488 14500 14130 14506
4535,13885 12850 14480 5268 11366 14131 14506 14500 14130 5267
4536,14476 12390 14923 14475 6576 14162 15007 12391 11354 12392
4537,13885 12850 10701 15120 3665 11366 5268 2652 14480 12748
4538,12850 13885 9357 11366 14480 14506 14131 5268 14500 5267
4539,13885 11366 12850 14488 5268 14491 14479 14131 5266 5267
4540,13885 11366 14456 12850 8428 14455 14068 14972 14944 15193
4541,11366 14477 13885 14486 5267 692 14913 5266 14485 14479
4542,13885 12850 14480 5268 14131 14488 11366 14506 14500 14130
4543,11366 13885 10200 13511 14487 3898 14478 14565 12850 14488
4544,13885 12850 11366 5268 14480 14488 14131 14130 14479 14500
4545,12850 13885 11366 14480 14506 14131 14500 5268 5267 14130
4546,12850 13885 11366 14131 14480 14500 5268 5267 14130 14479
4547,13885 11366 12850 14131 5268 14488 14480 5267 14479 14491
4548,13885 12850 11366 14480 5268 14131 14506 14500 14130 5267
4549,13885 12850 11366 5268 14480 14488 14131 14130 14479 14500
4550,13885 12850 14480 11366 14506 14131 5268 14500 14130 5267
4551,13885 14479 12850 5268 5267 11366 14488 14480 14491 5266
4552,13885 12850 14480 5268 14131 14488 11366 14506 14500 14130
4553,13885 12850 5267 14506 14479 14491 11366 5268 5266 14480
4554,13885 12850 14480 11366 14131 14506 5268 14500 14130 5267
4555,13885 12850 14480 5268 14131 11366 14506 14500 14130 14488
4556,13885 12850 11366 5268 14480 14488 14131 14130 14479 14500
4557,13885 11366 12850 14488 5268 14491 14479 14131 5266 5267
4558,13885 12850 14480 5268 14131 11366 14506 14500 14130 14488
4559,13885 12850 14480 5268 14131 14488 11366 14506 14500 14130
4560,13885 12850 11366 5268 14480 14488 14131 14130 14479 14500
4561,14482 6196 13025 14496 4028 5890 144 13667 6270 2470
4562,11366 692 13885 14479 14491 14488 5268 14486 5266 5267
4563,11366 13885 12850 14131 5268 14488 5267 14480 14479 14477
4564,8688 12859 13845 12715 13846 5677 12236 12626 12827 3858
4565,692 12850 11366 13885 14136 11405 14479 8250 693 14491
4566,13885 5268 12850 14480 14488 11366 14131 14479 5267 14506
4567,13885 12850 11366 5268 14480 14488 14131 14130 14479 14500
4568,11366 5267 14131 13885 14479 14491 14477 5266 14486 692
4569,11366 12850 13885 5267 14477 14486 5266 692 14479 14131
4570,11366 14477 13885 14486 5267 692 14913 5266 14485 14479
4571,13885 12850 11366 5268 14480 14488 14131 14130 14479 14500
4572,14429 14483 12787 366 8575 12850 6476 6622 4399 8113
4573,11366 11273 12632 7013 14445 15208 14763 7015 15155 7545
4574,14486 5266 14485 11366 14481 14491 5267 14913 692 14479
4575,5267 13885 11366 14479 14491 12850 14506 5266 14488 5268
4576,14487 10200 5019 13511 14565 4756 14564 14634 3898 13602
4577,14488 13885 12850 11366 5268 14479 14491 5266 5267 14480
4578,13885 12850 11366 5268 14480 14488 14131 14130 14479 14500
4579,14489 11366 5383 14477 13885 692 14486 5267 13079 14913
4580,13885 11366 12850 14488 5268 14491 14479 14131 5266 5267
4581,13885 12850 5267 14506 14479 14491 11366 5268 5266 14480
4582,692 12850 11366 13885 14136 11405 14479 8250 693 14491
4583,12850 13885 14480 14500 11366 14506 14131 13606 14130 12298
4584,13885 12850 14480 5268 14131 11366 14506 14500 14130 14488
4585,13885 11366 12850 14488 14131 5268 5267 14479 14480 14491
4586,14492 7719 4532 3445 14575 15260 9143 14674 6581 11961
4587,11366 14130 5267 12850 11266 13885 9045 2062 14479 14491
4588,11366 13885 14130 12850 608 14488 14477 14131 5267 14491
4589,11366 13885 12850 14488 14491 14479 14477 5266 5268 5267
4590,11366 14131 12850 13885 8042 681 5267 5268 14480 14130
4591,11366 13885 12850 14131 5268 14488 5267 14480 14479 14491
4592,13885 12850 11366 11608 5268 14480 14488 14131 14130 14479
4593,12850 9307 11273 3486 13885 13557 7014 14762 15106 10911
4594,13885 11366 5267 5266 12850 14479 14491 6785 7527 14488
4595,13885 11366 12850 14488 5268 14131 14479 5267 14491 5266
4596,13885 11366 14137 3815 12850 14488 14491 14479 5268 14477
4597,13885 14495 14131 14494 14432 12850 11366 13606 8681 3617
4598,13885 11366 14496 12850 14491 14488 5267 14131 5268 15175
4599,13885 12850 14480 5268 14131 14488 11366 14506 14500 14130
4600,14498 14497 5266 11366 13885 12298 14897 14574 14137 14575
4601,13885 12850 14480 5268 14131 11366 14506 14500 14130 14488
4602,11366 13885 12850 14488 14477 14491 14479 5266 5267 14486
4603,692 11366 14479 14491 14486 14477 14136 8250 11405 5266
4604,11366 14481 14499 14486 5266 4339 14491 15176 14485 14913
4605,11366 14477 13885 14486 5267 692 14913 5266 14485 14479
4606,13885 11366 12850 14488 5268 14491 14479 14131 5266 5267
4607,10330 13513 3990 15277 1670 14036 14577 8780 14576 10332
4608,12486 1561 14085 266 14446 14086 1560 13725 14040 11782
4609,12850 14500 13885 11366 14131 5267 5268 14480 5266 14479
4610,8676 14501 7804 2725 12880 5426 10224 10117 6613 12889
4611,13885 12850 5757 553 11366 14480 5758 13262 13681 14506
4612,14503 6479 607 14502 12466 5707 4170 6226 4665 13138
4613,11366 13885 14131 12850 5267 5268 14494 14488 14495 14225
4614,13885 12850 11366 14480 5268 14131 14506 14500 14130 5267
4615,13885 12850 11366 14480 14131 5268 14488 5267 14500 14130
4616,13885 12850 14480 14504 5268 14131 11366 14506 14500 14130
4617,7855 9830 10986 4753 14279 11896 10941 6784 9331 4124
4618,13885 12850 5267 14506 14479 14491 5268 11366 14480 5266
4619,6623 11912 11227 1510 2438 6253 11796 908 1864 2108
4620,13187 1166 1535 2820 2823 2742 12426 1323 13540 1165
4621,2742 2614 2820 5998 1532 1165 6352 3465 13327 13578
4622,5267 12850 13885 14506 14479 11366 14491 5266 5268 14480
4623,10464 13458 12081 5196 13457 13253 13832 12623 5899 4338
4624,5793 6227 10764 9835 6483 14507 8605 7347 1753 7809
4625,2265 3887 13889 4068 14235 11177 7940 12460 6188 2627
4626,14508 15177 12338 7937 14860 11820 7110 10871 14407 5991
4627,14509 13227 15191 13228 8268 9602 175 7913 17 20
4628,13282 8999 14545 3486 15148 7015 9406 7014 12605 9412
4629,14510 4953 13414 14578 14824 14458 14607 611 488 8376
4630,14381 6003 9430 8617 15109 6128 160 5 12870 2660
4631,1337 11873 6982 14511 4933 5675 1269 1748 6451 13764
4632,10870 7626 5527 15206 15207 14281 5366 13419 6115 7627
4633,14512 726 2657 11405 11403 10094 8590 5264 11367 12275
4634,14513 14478 14277 14610 13420 4549 14848 8547 14204 11911
4635,740 14979 14089 14296 1351 14547 101 14702 10715 52
4636,4016 8182 4074 1646 6192 13649 578 611 11260 5580
4637,11367 14165 7844 7842 7843 8663 11366 6719 4892 14447
4638,11367 4382 14432 3536 5026 14165 2836 7842 7843 7844
4639,2210 14166 14514 8285 4765 8896 8098 1282 6768 7917
4640,10542 14413 13000 14683 11586 13877 8544 2800 13001 5974
4641,14516 10874 10976 10873 10872 3834 14412 1298 12616 2099
4642,1721 8152 4407 3693 10246 1776 8151 9664 13573 6542
4643,13 8096 9759 8095 15 13307 12 4565 8094 5560
4644,14517 3895 7643 10906 12901 7984 14393 7649 13949 1127
4645,11366 14486 14481 14477 14491 5266 14913 14485 5267 692
4646,3462 12713 3629 612 618 611 14975 8582 3225 9196
4647,11238 14422 14423 11237 3369 8604 7547 5206 390 794
4648,14519 15247 10591 320 15011 12877 14913 321 313 303
4649,234 235 1617 1618 1619 1622 1621 1620 12005 611
4650,9251 9412 539 10180 11784 4076 8 14708 4285 13556
4651,5107 7109 13430 3751 14224 5108 14471 14921 5101 13838
4652,5367 560 4137 13723 8164 7057 9751 12655 7784 8161
4653,12101 14156 10981 13646 11002 12077 6810 4416 12071 7451
4654,13036 12297 7251 13408 3855 14520 7210 5973 13533 14521
4655,8892 7776 12251 11861 11860 7152 8893 13454 1475 8894
4656,14094 14522 577 15026 14095 731 13286 15125 6437 6930
4657,2820 3465 2742 1166 1165 12426 405 2614 2815 13931
4658,8244 5485 9830 3480 1703 7806 12401 12029 8646 3852
4659,2742 8727 5998 2817 2820 13327 2614 1323 1165 14079
4660,13271 13324 4515 13628 13323 12426 2820 6000 6001 1532
4661,12426 2820 13187 13660 1166 1165 13188 11524 13334 13717
4662,405 1323 11112 2820 8904 12426 2742 1535 13007 4330
4663,2820 13187 1166 1165 12426 2742 13452 2816 3464 1323
4664,11384 14222 5518 14581 14415 12065 14316 12064 14882 12382
4665,6057 12881 6764 1376 9147 3004 14523 12194 4480 14460
4666,14478 14204 14513 4549 14203 14523 6606 6605 5518 14581
4667,11405 13053 14136 14591 14512 11402 11403 13286 692 11217
4668,13949 14205 7381 14873 14460 11217 4960 14517 8120 12901
4669,360 14524 14426 13831 14586 2820 9784 1532 9245 10206
4670,14525 14198 9201 14395 14197 14539 12341 2565 1875 11431
4671,14204 14523 6606 6605 14203 5518 14478 14581 13183 14460
4672,11405 13266 14136 14591 14512 11402 11403 13286 13207 692
4673,14380 14379 693 11384 692 5519 11403 14366 14136 2661
4674,14526 4757 12013 3576 7696 795 13369 15076 15072 9227
4675,2591 14528 7663 14527 1181 11786 9964 14132 7667 5016
4676,14530 692 3801 14441 14529 14961 12324 7699 13520 8421
4677,14531 1907 5674 1908 1909 10565 1904 13368 1906 12520
4678,173 5216 61 14539 6833 14971 478 2597 14903 831
4679,7581 2591 11289 14159 14157 14160 15265 14158 14528 14527
4680,14448 14212 13167 14211 14205 9522 4541 12103 2688 2258
4681,11366 14477 13885 14486 5267 692 14913 5266 14485 14479
4682,7844 1180 7842 11367 7843 2303 14165 1170 11404 1178
4683,13272 13756 13757 10810 6387 6528 13759 5220 6623 4359
4684,6077 2321 15176 11144 6072 6075 14481 6076 14602 5000
4685,10868 12373 6613 3537 3540 3541 12557 14414 12371 1897
4686,12989 8892 7384 13335 8893 11880 8894 2599 1535 1475
4687,14532 557 9217 11741 558 11366 556 6508 2314 4292
4688,12898 6484 2627 1864 1846 6183 6485 1700 10441 8114
4689,8164 4133 4605 1357 15238 1721 9852 4139 9625 9751
4690,2820 1529 12426 1166 6416 3465 2742 3046 1165 13188
4691,13606 14495 7935 5352 14378 14494 4430 13607 14432 14004
4692,10593 14039 7648 10253 10254 8686 12486 11610 12719 12520
4693,14534 7863 3993 7864 9339 2277 4351 2230 9281 8794
4694,4133 8164 10818 12551 11120 5673 4605 1721 14459 9852
4695,14311 12577 13741 13668 6232 2973 12809 14739 3757 9415
4696,12566 6785 12567 13846 2979 6349 6685 10870 5157 6524
4697,13900 9015 13114 13040 14075 14077 14074 10917 14076 13813
4698,1884 10542 13246 7565 13247 12997 1885 1955 5407 13432
4699,13353 13926 14331 2742 10076 2814 2815 10410 13575 2824
4700,5514 9114 15163 5515 13431 9112 5516 9109 12009 3571
4701,7050 5592 14356 10264 3810 10171 7929 4191 15000 7246
4702,9238 7455 6909 7466 1886 9960 1896 9697 15232 5486
4703,4073 5896 11358 10112 11357 9239 10782 12263 6761 7343
4704,7427 5687 10199 10899 7554 6806 1011 9534 5447 4599
4705,14535 14240 7268 11124 8871 2324 11125 6411 8500 101
4706,14537 12850 14536 14067 14943 13885 14456 14910 14563 14388
4707,3771 5369 924 15008 2678 2320 6329 7859 14693 10906
4708,14131 8517 11366 13885 6725 14495 12850 14494 14432 8042
4709,14540 14541 12752 6400 4066 1594 13124 15046 7231 412
4710,626 8397 9365 6488 5377 13479 14452 8574 7946 10558
4711,14542 5337 5339 5336 5710 2673 7946 7257 7136 5979
4712,12850 12298 13885 14480 14500 11366 14506 14497 14131 14971
4713,13885 14498 12850 11366 5268 14497 14480 14488 5266 14131
4714,6729 9563 14543 14566 4595 13841 7347 5355 10490 9564
4715,9406 14545 13282 9412 9422 3486 9408 9421 2009 15106
4716,14538 12850 14938 13885 14973 14264 11366 5268 14480 5267
4717,6553 1721 1357 1354 6550 2014 2378 2376 9853 6552
4718,14538 14973 14938 14264 12850 14415 14222 11341 7264 6071
4719,14538 14973 14938 14264 12850 14415 14222 11341 7264 6071
4720,13652 11009 13653 1616 14303 1605 8864 5516 11588 13692
4721,11405 14512 11403 11402 726 11404 692 14136 693 13286
4722,14512 726 11405 11403 8590 14136 13286 11402 6719 692
4723,14545 9406 13282 9412 3486 9422 9408 9421 9417 2009
4724,12850 13885 14480 14500 11366 14506 14131 13606 14130 12298
4725,12850 13885 14480 14500 11366 14506 14131 13606 14130 12298
4726,12850 13885 14480 14500 11366 14506 14131 13606 14130 12298
4727,3500 2957 5751 12918 5753 7798 12516 7768 15070 3965
4728,14264 101 14547 14866 740 14579 7121 3057 3058 15001
4729,14548 478 149 476 176 8287 8951 3223 10888 775
4730,101 14264 14547 14690 15013 7121 14898 15270 15233 3058
4731,10977 12101 12134 9342 14696 14697 10976 3834 13899 8993
4732,58 11126 14980 14604 15285 14742 92 14979 79 91
4733,1001 10818 2887 7080 12756 9195 13878 4133 2881 1010
4734,14558 14557 14081 14551 14555 12427 14556 14552 14553 14166
4735,1166 4516 1165 2742 2743 3464 2820 404 1535 9791
4736,12850 13885 12134 14480 14500 14538 14506 11366 14887 14131
4737,14490 13885 12321 14674 14470 11217 14142 14417 14841 2097
4738,12426 2820 1323 3465 1165 405 13188 1166 2741 2364
4739,692 14561 11366 14136 14479 11405 12340 8250 693 5266
4740,12481 11055 1173 7886 8997 1174 8203 6537 5413 3128
4741,692 4465 5197 11366 6627 6630 2699 6631 7527 11405
4742,9682 1939 5383 1655 2438 5384 8335 1664 6349 3878
4743,14404 7000 5787 5786 3178 3177 4992 4636 3104 3176
4744,14563 12465 13943 12468 12467 9603 867 3222 13350 11949
4745,4756 14565 14564 5019 14487 13511 10200 13602 15180 14634
4746,13838 14213 10591 12340 13895 692 14214 15169 2651 14209
4747,1001 2893 11768 9968 6703 1002 1776 11057 2892 10994
4748,14566 3841 11884 14543 9300 13056 15007 11883 8256 4262
4749,13896 13897 1858 13894 14285 15195 692 11238 1204 14130
4750,383 14316 4497 692 14570 4759 5070 8677 6413 7347
4751,14567 6583 11159 13058 6582 692 6046 6584 2013 6044
4752,14268 8454 11630 5226 11737 11253 14181 14132 12536 11230
4753,14569 12339 8250 2273 12338 2263 6303 6467 14575 5761
4754,14570 14241 14316 15060 13431 14244 14251 3067 14248 14249
4755,3180 10709 6036 330 1028 14415 6591 7619 5769 1971
4756,14464 14226 8477 2887 5689 7450 7449 13878 14225 4133
4757,14573 692 8250 14572 12340 14964 259 13558 11366 14569
4758,14575 6581 14574 692 8250 14492 14009 12339 14238 14569
4759,13558 692 8250 12340 14964 14573 11366 14569 14572 12339
4760,14209 14596 14458 13680 14213 14595 14286 11120 14561 6331
4761,13172 14082 13174 2501 13173 10715 9214 8138 3170 2657
4762,10741 14577 14576 15277 13074 13513 451 14434 5344 9127
4763,12025 11883 2391 5382 8928 2383 2046 10011 6784 8372
4764,14578 53 14510 14826 14993 3060 3061 3062 14840 3055
4765,7944 13192 2230 49 7945 14128 7943 14344 7948 9341
4766,101 14579 14503 14615 14264 7223 14547 14690 15013 7121
4767,10382 10383 8591 15029 2325 15028 10380 117 10053 3149
4768,4755 14582 4434 15099 12537 14451 4433 5559 4435 10095
4769,13999 9202 6618 7351 11038 15133 7352 7350 2899 7349
4770,10115 6797 6795 8128 4641 4594 5564 12625 6796 12624
4771,11947 11426 11948 11205 7755 3838 11427 844 12648 11199
4772,14583 14584 12427 11458 14585 113 14049 14558 3057 14555
4773,10035 5620 5380 1889 5612 3878 5381 2439 3424 5621
4774,11622 908 6181 6483 6170 8041 11912 9104 14394 6187
4775,6885 6884 12318 12709 4924 9891 4554 12317 5788 8044
4776,3190 6022 14319 426 11048 10797 6034 6026 10301 1232
4777,4755 14451 5559 14587 15099 8545 14582 8543 14665 14023
4778,7556 12648 11426 10456 10407 13946 11427 12998 13399 6819
4779,5998 2614 2741 13574 9793 2742 15152 13672 10734 13349
4780,7648 12892 8688 14039 10593 10253 12520 11610 10254 12719
4781,8164 4133 4605 9852 15238 1721 9751 4135 9625 7072
4782,8575 6520 14281 6622 6476 10870 10810 13365 8136 6189
4783,13726 12216 8410 13643 13642 12215 12217 12439 12214 10197
4784,11781 14365 13653 11177 5923 15197 9806 7660 11783 7659
4785,12092 12612 2636 8594 1997 12963 14164 8545 14796 13000
4786,11366 5226 14477 14486 13885 5267 692 14913 5266 14485
4787,14110 9022 5329 9021 9023 9011 2800 6286 15005 14149
4788,13828 2650 6487 6537 11701 12536 12303 9275 12748 8373
4789,13885 12850 11366 14480 5268 14131 14506 14500 14130 5267
4790,13885 11366 12850 14488 5268 14479 14491 14131 5267 5266
4791,12981 7402 13679 12055 4365 11647 3265 1990 13597 5682
4792,14589 12772 14948 9675 4084 581 12782 15009 7386 11609
4793,1475 11880 1535 12535 8892 11759 8889 1529 4591 11583
4794,5814 8324 5 12093 1128 5742 6003 6128 10 160
4795,3720 5525 6984 14958 14957 15187 14652 11581 8415 2112
4796,13885 12850 11366 14480 5268 14131 14506 14500 14130 5267
4797,13079 1949 8580 11366 3800 1865 12512 13078 9060 13080
4798,726 8590 8589 14512 11405 11403 6719 11212 11366 11877
4799,14591 11405 14136 14512 11402 11403 13286 692 14208 13053
4800,4424 5929 2951 13513 15129 14386 8735 13804 13017 8736
4801,9106 14592 1605 14821 14822 15252 1616 726 11588 1615
4802,13336 1475 3677 8334 8832 1535 11880 8892 14662 8894
4803,553 13262 11384 13681 13737 13365 14538 6622 366 5757
4804,4351 7941 6004 7292 7946 1108 1673 5372 10943 7943
4805,12838 11877 4074 8832 11880 12837 905 1631 726 8663
4806,9555 13617 12928 14593 3582 2978 13278 14732 12528 12527
4807,14594 5729 2847 9828 6096 6607 14733 8206 8204 3469
4808,10820 4016 6105 13699 12633 11473 11440 3021 13134 11914
4809,2152 13435 13618 3542 1805 11809 2305 8533 12359 4756
4810,726 9106 11405 14512 11403 6719 8590 14136 13286 11402
4811,726 9106 6719 11405 14512 6725 6717 11367 11403 8663
4812,611 6474 593 15020 5313 4865 9356 1744 11739 7764
4813,14301 6654 12556 14097 14302 14096 10392 13429 10306 2450
4814,6687 9655 7689 9650 8059 645 4805 11406 4291 688
4815,14596 14595 13680 14209 14458 14213 11120 15150 14286 14494
4816,8999 13680 14595 15148 14596 12605 14081 9119 14670 14555
4817,14597 1483 13013 1485 11316 13012 1489 1490 1488 13174
4818,12426 405 2820 1323 2822 2614 2742 1535 13202 1166
4819,5998 2742 2614 13327 15152 2820 2741 1323 8904 1534
4820,14598 4550 13417 4151 617 2587 9287 7866 13420 13418
4821,3046 8834 14599 5998 1534 2614 2814 3465 14324 14327
4822,8397 6488 8574 9365 4171 6497 13180 626 13536 9362
4823,12949 14600 1996 13815 8629 2610 1997 1998 8216 11191
4824,7341 2412 2291 9051 2289 2294 2067 2290 3510 10438
4825,6702 1989 4946 8670 1491 6147 8070 8671 3685 13645
4826,3237 54 11444 1988 2031 11440 14049 4887 7123 11045
4827,11388 9150 9825 14450 11389 7709 10402 11129 808 7540
4828,14602 14601 12163 5182 4418 7765 10614 13546 4773 12776
4829,14214 13736 8020 14211 14009 15169 13050 14213 8525 15170
4830,14603 5415 7158 8798 851 3178 9584 12005 9587 13015
4831,14604 14605 14080 8802 7324 100 15215 14670 58 108
4832,14606 12235 5678 10252 13689 6841 13688 10250 12574 14971
4833,6622 7352 7350 13892 6476 7351 8575 2108 13458 6619
4834,9921 181 2574 13042 9924 6907 5234 2501 9927 7758
4835,14607 3365 476 176 2448 1269 2028 9350 2129 9342
4836,3242 705 989 4568 3241 10232 259 4569 13039 2435
4837,14608 9910 14355 1538 3663 12762 3461 938 9802 14356
4838,12761 938 2441 12762 3663 9879 966 12760 977 12944
4839,14223 14610 10266 14222 14224 14415 8737 107 14513 10121
4840,14611 2026 195 10886 2518 10261 10263 10857 10422 3413
4841,8059 7434 1926 9650 10151 13763 9655 12148 1934 6252
4842,8967 1268 7106 10867 10870 1847 11621 6240 13762 5157
4843,3196 7698 12347 2229 4942 6817 5631 3036 4246 931
4844,12786 13233 12380 5194 1532 1165 2820 4515 10207 2741
4845,10539 12052 130 10888 9924 8501 12005 13412 6917 9617
4846,14613 14614 230 7586 280 6481 2592 9212 13205 3134
4847,821 8074 1216 107 14297 5512 634 3440 14406 1452
4848,12028 13577 5261 1480 4439 6242 3410 5911 7647 6039
4849,6572 6570 6571 8071 10790 7389 14884 1671 10222 9361
4850,488 13603 6339 464 163 468 1646 476 611 495
4851,12316 3350 1944 11717 10486 11094 8545 9766 7753 14818
4852,167 786 145 1047 2460 11761 14928 6223 6381 4179
4853,14617 3228 379 3968 3967 11429 3233 3230 13973 3966
4854,7051 658 489 462 794 466 464 169 686 10446
4855,7802 7803 12081 6146 2728 6599 5899 7801 1267 4338
4856,14367 173 8617 2597 5634 1128 160 8324 14035 12093
4857,6809 9757 9753 4132 10814 4688 4141 9756 6806 6741
4858,8892 8893 2599 8894 8889 1475 8896 8888 1535 11880
4859,11566 4561 10151 4668 7704 4560 2432 8842 6586 13204
4860,3972 14544 3274 8902 12785 3275 5607 3583 1537 8636
4861,488 12044 5410 3743 11289 1518 15265 8515 1447 464
4862,651 12845 13264 1993 10484 216 10594 3368 8837 5140
4863,14619 14618 3916 1702 14550 2262 788 12421 1409 14547
4864,14621 3956 242 11483 8182 10893 385 3407 6762 578
4865,1910 12602 6467 3510 2310 9995 11165 3398 3475 1161
4866,4599 13556 10911 7554 14764 2869 2891 13111 7818 7427
4867,8325 13826 11265 4902 2716 2287 11264 1276 12280 11263
4868,14623 13759 4670 12296 1611 7999 3410 12135 1602 7939
4869,14624 12594 9813 5252 2613 2612 12967 13817 6099 9772
4870,611 3213 2061 12568 364 3872 12051 10421 13039 11561
4871,11878 11110 12426 2822 2820 1535 2814 2742 1166 2815
4872,690 4861 9255 7875 466 1413 3329 5820 702 96
4873,12311 14076 13611 14077 14075 12253 14074 9015 1742 9374
4874,5289 6108 5338 2673 4487 8677 3547 6112 733 5294
4875,14625 14626 1365 11419 7259 9140 12399 12653 6599 1361
4876,10484 12845 2956 13132 8408 13018 14970 14854 14616 14329
4877,3916 4575 4741 760 8200 5315 6832 5085 4254 14619
4878,14627 14630 3787 14629 14628 12170 12814 5747 12117 918
4879,14632 5887 1585 5986 7233 3837 2346 5237 11195 4742
4880,634 8074 14297 9706 6689 5488 5490 9169 10306 8433
4881,9292 6096 1264 1262 7887 7886 6559 2451 1548 13365
4882,794 7580 7577 7578 8287 3222 2448 7463 7579 10838
4883,6223 10424 5062 6953 1460 7510 3026 2711 8453 163
4884,8397 14275 6488 6118 3980 629 1746 2256 6494 13180
4885,14635 7359 5481 8737 5484 4956 5470 5469 5478 1677
4886,14636 5740 10968 2309 3272 3271 11550 7232 3765 3270
4887,14637 10507 10834 586 10633 882 11259 9495 15196 1040
4888,11315 14638 11306 14238 14572 12626 13559 14260 12340 8250
4889,3500 4850 1282 1905 8195 7051 5351 7052 456 12847
4890,7388 2332 8063 2337 3192 1572 10760 4319 587 3153
4891,73 4416 1102 2704 14639 7220 14364 1306 3843 4414
4892,11082 4507 8224 6178 7992 8434 4645 1832 11252 6443
4893,14640 14625 14726 9436 14626 1365 13457 12635 3440 11514
4894,12696 2795 10242 13816 8213 13944 12695 5564 13817 9079
4895,9655 9650 6187 6687 8059 6528 5617 5157 6620 7745
4896,14641 10344 3009 12899 4421 11941 2404 717 10345 10346
4897,3749 10737 1029 9912 4907 10459 9523 13546 1045 9040
4898,11323 9089 2943 2116 7836 7708 1047 2255 11706 802
4899,611 14621 11483 10893 3214 15020 578 3956 385 242
4900,83 8434 7822 8432 10306 595 603 602 6054 7429
4901,9540 7554 7427 10199 2875 11569 1010 8159 4596 5447
4902,224 4120 12652 8898 14611 221 1424 2054 8678 3919
4903,476 10126 870 4862 2739 10017 466 3811 7283 3718
4904,11366 692 14477 14479 14486 14491 5267 14913 5266 14485
4905,13162 7986 13691 8035 13069 6482 8751 9128 7851 8271
4906,1660 3945 4419 2952 724 15096 5051 3153 12192 11183
4907,7683 323 7996 347 10181 3930 10573 7763 11134 11720
4908,13017 8572 13016 13015 12325 3488 5415 12347 733 2739
4909,9535 1003 10857 3074 10193 3667 3688 2891 10843 1009
4910,9397 1452 7348 796 3253 12852 6688 4821 10742 7622
4911,188 7371 8724 10547 12433 10915 549 5574 1018 10212
4912,1083 7397 3250 3624 8243 5027 5083 8047 1812 10665
4913,8363 14071 8102 8543 10789 12091 9374 11200 1134 9015
4914,2821 5408 7691 5406 8058 7694 5405 12483 5407 6790
4915,1354 2378 1357 11777 1355 1829 9235 8476 9851 10366
4916,14643 14644 14642 8507 12650 13739 466 13602 8576 3259
4917,4577 8341 5711 13342 4440 3905 8329 2808 8333 2707
4918,3443 3003 12376 1136 4689 4692 4690 4132 15041 10258
4919,7697 7196 232 162 7195 2448 229 2829 985 11383
4920,6380 1656 1474 11760 6595 6383 3791 6575 5015 784
4921,13314 5570 8316 6415 13144 8713 10731 8710 7685 10131
4922,11315 14638 11306 8374 14572 13559 14238 12626 10251 14861
4923,169 2748 10832 12094 712 1569 149 3104 1404 2261
4924,14646 14645 5780 10441 13919 8335 3878 1655 5381 2439
4925,10840 11316 3510 1485 586 13013 4236 11481 3149 11035
4926,14650 14653 7082 14648 6465 14649 14651 14647 5670 7858
4927,4726 2956 5135 6263 10505 3273 5311 6848 5191 4024
4928,8838 12132 8570 3241 9133 5498 8964 10281 2187 3958
4929,12840 10672 11849 12034 3662 11836 12103 4408 10157 10671
4930,9373 9374 3888 3392 3393 7234 8977 1134 11717 10917
4931,645 6823 6477 5866 10599 643 11406 644 8836 14853
4932,578 10267 6849 3984 661 2277 4351 6489 7783 2278
4933,14654 14862 692 5189 14426 15175 14752 15225 13993 4038
4934,14309 13186 14655 13660 14015 13717 13661 13203 13562 12426
4935,1655 14645 8335 3878 2438 9804 5384 2439 908 5382
4936,2820 13187 2745 13540 2822 12426 2743 1323 2614 2742
4937,12426 1323 2614 2820 13202 13330 13201 2822 405 3262
4938,1535 12426 2820 2814 9786 4516 405 1166 2822 13188
4939,4515 13628 13271 2741 2820 1532 6000 13323 404 6001
4940,2820 2614 2742 2743 2822 12426 1532 1165 13202 1166
4941,1529 10730 5998 13850 2614 2820 407 12426 4514 6416
4942,2820 12426 1529 1166 5998 13188 14599 1165 1323 2742
4943,14657 626 12426 4516 2820 1339 1535 11524 13248 13188
4944,2614 1323 13330 405 1529 12426 13931 2820 5998 13578
4945,2614 11393 1529 13578 5998 6416 1532 3465 3464 4516
4946,3602 2699 1752 3909 14729 14423 7770 3747 2075 1280
4947,12911 14315 11261 12480 13904 2614 13307 13210 13431 12227
4948,14107 1489 8802 1481 1497 1493 5567 7315 1487 10158
4949,12440 8693 5498 1262 9242 1979 12133 14286 9989 7495
4950,234 235 1617 1618 11254 2959 1619 1622 1621 6716
4951,14659 3894 14043 12480 14658 13020 5559 15167 14796 10456
4952,665 1160 10245 3369 1161 9887 8439 8073 2350 7190
4953,14660 9799 259 15242 924 3394 560 2868 13219 13039
4954,11079 2901 6060 5766 14175 7165 5602 5333 5764 1979
4955,506 5573 5539 3100 6919 1943 12053 3915 3104 796
4956,10491 14284 13312 14507 14362 14174 14173 13986 8218 13760
4957,3663 12762 1538 14608 938 977 12761 2441 1539 14355
4958,14661 6517 1194 9090 6380 462 784 1974 7503 3175
4959,14662 7249 6726 7236 14330 14183 12329 11982 8894 14877
4960,12160 8313 5277 3171 2807 1028 8311 8315 8314 3170
4961,9693 2078 2352 9253 2249 3192 2952 3297 8196 5814
4962,3222 8075 14663 11201 9352 5808 1646 794 1450 176
4963,14139 2823 9793 13260 13187 2820 12426 10410 13334 10411
4964,12366 13072 6819 14034 14024 10967 10407 11425 12365 13400
4965,8363 8102 10789 8093 8094 5560 8091 12180 5258 352
4966,14666 14667 7276 13077 8133 8210 10011 14143 394 3862
4967,5351 8376 9590 12421 4850 8195 9588 8565 14619 10715
4968,13412 2033 14668 1479 8872 6589 12420 10390 9215 3428
4969,2296 5452 11483 2653 2293 7341 169 13567 2290 4079
4970,8999 14670 15148 15215 7119 110 2504 11185 113 12605
4971,10237 10235 1085 1484 2990 1098 8347 3605 3545 11746
4972,1806 5577 9911 9927 1026 6913 13012 2501 9133 2572
4973,1732 1820 347 502 10166 4479 13722 8651 6825 348
4974,3663 14534 73 3626 1539 945 13721 8898 967 4305
4975,13651 13332 405 2820 1326 2742 13539 13330 2741 13423
4976,4818 11461 2754 1202 3110 4061 10066 2809 4820 1641
4977,5287 7878 11357 7172 5788 13951 2108 12159 1896 12207
4978,3222 1734 794 1646 1450 176 10787 9314 1423 7310
4979,3375 14518 9248 2130 1854 6822 8286 12132 6882 7912
4980,10909 7920 1347 3955 5053 9259 8415 9992 7502 7622
4981,4363 467 3510 447 14287 10547 11035 1423 8722 586
4982,6068 13631 337 9829 6069 10422 4792 4299 12750 5869
4983,2333 134 6679 13402 3640 10649 7775 10061 12187 2336
4984,6836 5785 3906 13588 15181 14278 14787 1235 4885 8577
4985,1916 11777 7358 10072 1354 11347 10355 4415 9191 11226
4986,3222 651 216 1646 6577 794 176 8201 3217 3097
4987,13488 9172 14673 14671 14672 13956 11577 13935 11069 14346
4988,7217 5255 1773 1011 10936 1353 1704 1774 5688 5861
4989,8555 9976 2710 8056 304 2712 6782 6063 9233 7405
4990,11366 14477 13885 14486 5267 692 10867 14913 5266 230
4991,5829 3339 3831 88 5820 3359 4640 4898 5220 5388
4992,11419 14626 9140 12399 12653 6385 10381 7259 13799 4130
4993,14674 14470 14142 11217 14490 14417 14886 7719 13949 13053
4994,1880 12574 6868 5678 14606 8480 10965 23 7726 177
4995,9314 1574 2448 9068 7310 182 176 2765 3222 8705
4996,7400 12185 10305 11935 11905 12191 9186 10571 11904 11255
4997,4063 4062 11120 9853 5876 6804 1769 10199 1153 2875
4998,6785 13640 6244 12566 4065 10716 9856 366 6240 6539
4999,14676 6199 4988 10077 8246 7283 10266 8815 14675 8754
5000,3270 3271 3272 5740 9920 4931 8501 9906 6872 9305
5001,3549 5145 7415 7416 5790 2988 11589 6433 4976 2989
5002,10626 6432 2372 9851 11808 1778 11347 2617 10355 5450
5003,13236 10808 14677 5685 12757 1712 1705 8680 7108 12913
5004,10845 10844 12677 12676 13666 14679 13703 12990 12645 11261
5005,12375 13444 9626 396 12145 10367 5848 5843 12374 11808
5006,611 14680 2313 4848 3909 15020 2750 5016 12005 3213
5007,2011 14681 2010 11252 11251 11368 11370 13684 6110 15169
5008,14265 14064 12472 9826 6540 3425 6171 9806 5781 12223
5009,14145 11188 10084 4053 11365 7227 2593 6105 10081 10658
5010,11386 13983 4624 5537 4622 5844 13911 4611 4619 4615
5011,3863 8181 290 1451 5988 12000 12223 4546 3533 3861
5012,2875 14682 12259 6067 1705 12261 5857 11808 6447 7818
5013,780 89 10929 476 821 464 7339 5186 806 1213
5014,14684 10524 14683 13904 12172 13307 10809 8427 1302 688
5015,14258 14121 1834 12621 5398 5623 3989 11904 1811 2102
5016,53 14579 13513 14578 14989 14988 14990 14826 14991 14987
5017,13559 10821 14685 4073 13928 14259 1808 8921 11494 13558
5018,8999 7121 11185 15148 15069 101 9119 7135 14670 111
5019,13692 10951 3069 10937 10947 13688 13689 13034 13687 10938
5020,5210 6786 2227 10798 7139 11150 8310 14534 10531 3374
5021,4313 10591 198 7380 6603 1765 14913 14215 5275 7763
5022,10839 13637 8471 11398 13636 13027 13028 2166 4388 788
5023,13231 5123 274 13716 5629 7248 9667 8716 2601 8659
5024,14687 9511 6202 15146 4871 8221 10836 740 7845 10835
5025,6836 8190 12886 3104 14452 663 4224 4208 793 3039
5026,14688 10384 14689 14887 5595 14543 630 11960 41 12206
5027,10715 14690 8999 101 14100 13388 2203 14220 11185 1351
5028,11397 14691 5788 5708 6489 14492 14949 6505 6493 7643
5029,11961 4532 10516 12276 11962 1697 11810 10596 1752 12337
5030,14694 7229 14693 14539 9486 7244 9244 10865 14393 2678
5031,3969 5950 5612 3967 3968 3228 5948 3963 1292 3966
5032,8348 14695 11159 5049 7957 466 1204 1684 893 2753
5033,12134 14696 14697 13899 14887 12574 14976 1754 12850 14886
5034,14698 11026 273 260 11780 4365 12980 13716 12282 9972
5035,6191 1186 14699 5059 10700 6086 831 11745 5477 10212
5036,14700 15289 11045 6209 6596 5791 2754 7422 7696 2159
5037,9753 6323 7554 6809 9628 4132 4688 13270 7427 1011
5038,2129 5789 4095 71 4849 2834 2338 3818 2532 3607
5039,10715 14702 14703 14100 14220 1351 3021 2204 8376 52
5040,643 644 645 642 13571 638 639 2428 641 12546
5041,8334 13336 13346 3677 405 1475 225 8329 8328 8331
5042,611 2075 15020 2077 2072 2073 2076 10317 19 16
5043,14707 14706 14705 8428 13430 7545 971 3805 1885 10369
5044,12340 692 8250 13838 14572 14964 14573 11366 14136 693
5045,14708 9845 7205 12565 9251 12470 9847 12564 7851 9143
5046,14646 13919 14304 5780 14645 14141 12545 14848 10564 1701
5047,14710 11189 12269 12886 8576 8640 14709 8944 7945 11865
5048,10441 11384 6484 14316 9113 7574 14645 10007 6485 8335
5049,2498 11148 11563 101 1696 3403 12667 3456 8690 8748
5050,14136 11405 692 693 11402 14512 11403 12497 11404 14208
5051,14711 11405 1627 1628 14136 14591 14512 11402 11403 11404
5052,14538 12850 12134 13885 14938 14973 14264 8200 14696 14697
5053,2556 11574 6202 2553 2522 10020 5574 2506 2531 2153
5054,14163 8999 14866 15233 14307 3021 13388 12513 12427 91
5055,3464 14712 11109 1166 2820 13348 2815 14799 11111 4514
5056,4020 2748 3049 2318 753 13923 2117 6411 8600 7391
5057,14511 11134 11089 8589 8590 11212 4939 1337 11605 7174
5058,9943 3457 9979 5459 3438 8879 550 13139 1749 9985
5059,8042 3002 11895 11894 9198 8031 8730 11893 8405 10750
5060,11671 12668 14295 2320 502 312 5721 14310 6088 14298
5061,58 11126 14980 14604 15285 14742 92 14979 79 91
5062,2358 2360 7140 2438 14669 113 3525 9367 4146 3534
5063,3266 488 794 1686 10884 775 3218 9250 464 10446
5064,9374 11717 1134 7 11425 13367 2614 14587 9004 13400
5065,14227 11654 2930 10102 10625 10200 1747 7012 12881 5615
5066,5087 6527 3216 8963 3682 5095 298 10597 10598 10600
5067,3811 11958 7385 3613 363 3833 3050 8988 10294 370
5068,14319 8760 8747 14052 5299 11258 14053 13851 14054 1576
5069,11303 11129 3753 11144 10764 12362 808 9325 9442 409
5070,2607 7960 7961 6402 586 10233 3725 2059 3624 15004
5071,6327 2059 15127 12200 6331 7782 12090 2058 12089 574
5072,14715 9557 5161 13690 2409 9713 13069 1783 2347 599
5073,14416 14440 4359 11137 7857 2830 2856 212 9945 10259
5074,9088 11466 4075 10985 2928 9030 2216 154 8 3134
5075,8367 11478 10612 13310 9164 69 2514 14701 2506 8480
5076,14108 14210 12668 10541 15118 14430 13977 11671 14933 6881
5077,486 2428 464 493 336 13033 2750 5271 3710 794
5078,7396 2820 13235 12426 2742 8906 1165 7395 1532 2364
5079,14717 14716 6493 6505 5788 6494 6487 6504 13180 4172
5080,1670 14036 8780 13513 15277 14718 10330 14577 14576 14997
5081,10346 13485 6754 2811 7347 10345 7224 10344 11266 717
5082,11586 14413 2800 9660 11687 9023 11305 9022 11688 7880
5083,692 3903 7452 1058 11256 1055 3899 10430 5056 9041
5084,12292 12293 12290 12675 13381 12289 12673 12674 12291 15253
5085,7453 7971 3542 4210 8303 3539 3543 2718 1737 11063
5086,14720 14719 14721 1351 7967 1028 4671 14089 13947 6267
5087,13666 11355 11988 12683 10254 710 265 11152 11353 4707
5088,8166 8167 10461 2399 4132 3083 8982 5874 9194 5447
5089,10027 9807 7934 9661 12858 1178 6251 10982 900 13178
5090,13779 14109 13777 2050 13778 10869 2728 13610 13678 13117
5091,14722 7853 14281 7855 6520 8136 8575 6476 7854 10870
5092,14723 10229 7712 13839 2726 14724 7713 13551 14527 11983
5093,12846 13776 14725 10027 7107 10969 11245 11490 1524 3491
5094,14726 14640 9436 13457 13459 14625 7085 13544 13458 5488
5095,13796 14728 14727 10104 7471 2992 13769 6397 12650 13551
5096,14598 6503 8206 8204 1942 8208 8205 8207 8209 6509
5097,14410 12961 13101 14409 15106 15235 9307 12962 15156 9406
5098,14173 3387 14174 13986 14507 8218 13760 9843 7522 2419
5099,14173 14174 13986 14507 8218 13760 7522 9843 409 12136
5100,231 13950 7107 229 230 3862 10257 7568 13988 9827
5101,13254 5387 13501 13493 13505 13507 13491 13508 13502 13503
5102,9718 14721 691 9264 9717 9716 13215 8716 14720 9189
5103,12055 798 12981 12682 4645 713 4658 4648 4647 4659
5104,14437 2436 1784 3798 2434 13769 13120 13768 10145 2430
5105,7057 11346 1011 11347 8166 7427 4132 11805 4135 7554
5106,14161 12159 11249 11620 7801 9857 4731 7878 14119 5287
5107,5818 2959 9024 2958 2962 13081 10657 5748 2519 13413
5108,1120 11984 13396 10116 10244 12948 12588 8 1122 8021
5109,14730 14731 6614 9555 12833 1904 1485 12254 13045 5467
5110,12037 7302 13862 10190 4768 10189 4724 955 3854 6699
5111,14733 9828 5759 3469 6607 5729 5907 14732 5905 4709
5112,14725 13116 13107 11312 2912 13776 7869 6828 12846 13535
5113,7222 3077 1863 3079 1721 1862 6703 10626 1011 6542
5114,13705 12219 3789 4404 8256 11726 8437 371 12223 3453
5115,12389 13418 13777 4707 14169 4706 5124 12827 12926 1126
5116,10714 13962 6173 1846 8649 5716 12928 6490 9104 12927
5117,3977 9 13571 9367 1609 8344 10809 11447 6684 8837
5118,1321 6356 9308 7147 2998 1320 6363 2996 2997 1779
5119,13988 230 7568 231 3862 12981 13950 229 3753 5614
5120,14735 11486 2200 1507 2140 2559 7727 9914 2552 3402
5121,3667 3688 7065 3074 1003 7078 1007 10843 10193 10857
5122,2379 2375 11347 9853 9850 8159 10749 11808 10355 7095
5123,1354 1355 4141 1357 9236 3416 1358 2378 1829 11778
5124,1532 13351 5193 2816 3464 11112 1166 11899 404 14712
5125,14736 2372 12332 2375 11347 2379 12734 7077 2380 15027
5126,14737 10156 4275 14738 4274 14724 1467 5251 13758 10502
5127,1204 585 873 466 5049 1213 4862 4855 169 3926
5128,8167 9194 12209 5690 3083 7554 8166 4139 10461 12210
5129,1001 7062 9640 10355 11001 6804 11892 4743 11348 10993
5130,2371 11777 2375 1354 4142 11347 2374 1778 12874 1356
5131,1777 1012 7554 1008 6364 5876 2881 11808 9640 4626
5132,3083 7784 11347 11777 7093 13683 9851 2371 10818 7057
5133,4687 4693 4132 4688 11387 1011 3083 1317 9537 7449
5134,3435 14739 943 3432 3431 3430 3434 3433 952 6772
5135,14105 3843 1826 4416 3844 11382 2876 5876 10815 3845
5136,7554 6806 10199 7427 5447 1010 8159 4599 10987 9628
5137,10115 7179 10416 13560 7180 14821 14822 7178 6797 14592
5138,4327 2351 6062 3589 5097 14096 9402 2281 11136 8445
5139,2820 11122 1166 1532 404 13344 11121 12426 2742 9791
5140,1136 1145 1146 4596 7215 12378 1721 5686 1708 12912
5141,6660 4276 14099 6667 6666 5114 10397 6662 6655 6665
5142,9308 12079 7147 12078 6356 4132 12076 10067 12073 12663
5143,12082 6476 9682 6244 10716 8575 6520 6622 2982 6886
5144,13768 10108 13119 6332 7869 7432 764 14742 725 3993
5145,8058 2821 12483 10387 14284 5405 5408 14362 7229 10113
5146,14744 2086 6284 11003 2093 13144 5570 12904 8710 9558
5147,12933 5673 7215 14459 2869 5845 7057 4743 10994 6804
5148,14745 4037 4035 2880 13426 4039 4036 13981 13380 5535
5149,14747 12807 14746 14749 14748 10568 12942 10570 14750 5668
5150,10073 1316 4036 4035 13982 13426 673 10817 3442 10072
5151,643 13571 12546 2428 4111 1609 2287 3977 10499 4973
5152,101 14264 14547 14690 15013 7121 14898 15270 15233 8999
5153,14751 1011 7817 12376 10246 1862 4407 9625 2014 1721
5154,9195 4403 11724 7080 7426 13984 11805 11808 4132 7057
5155,12846 11490 11245 14365 11491 13776 6090 11488 11489 10449
5156,10110 10316 13760 13407 10103 6752 12251 4803 12252 5126
5157,14062 2730 3091 2896 14061 14059 14060 4747 273 2900
5158,6614 12833 5467 2581 7913 14730 5468 2927 12848 14731
5159,4138 13573 1354 8152 4132 1003 9195 9535 1151 1011
5160,14752 14352 10560 7264 13643 13642 12439 14540 14654 14426
5161,5399 12892 1933 12300 12520 10971 13837 2842 7648 12299
5162,4063 12657 4062 7015 7014 7554 2875 8708 14753 10199
5163,14723 14527 7952 1181 14754 275 13121 7715 3861 5614
5164,1317 7426 3083 4687 4132 4688 4138 2996 7554 1777
5165,1837 4851 7936 1222 1847 10323 6240 4358 5157 1935
5166,14281 11712 8135 8136 1269 8137 2393 7141 2686 3610
5167,11620 12520 13617 11249 9555 5297 14119 13278 2839 14161
5168,14752 14352 10560 13643 13642 7264 12439 13741 15175 12522
5169,1002 3083 9173 1001 9174 8932 7784 8476 8159 1010
5170,12764 10293 67 10965 1880 12130 2549 12169 66 2963
5171,10035 8025 5620 5380 5286 11357 5244 5243 10535 10558
5172,14756 14755 12503 14707 12507 14706 10160 11868 13350 11046
5173,9665 5671 5669 1914 1917 4608 1915 9662 9663 11347
5174,9124 11660 13881 995 9123 6158 704 614 5938 604
5175,9952 9950 9951 1344 9949 8382 9948 12378 4596 11434
5176,2858 12379 2856 2859 953 2862 5511 2861 4802 2860
5177,13548 6589 7532 13970 1479 12035 13972 13549 2033 5964
5178,6048 11589 1547 2157 631 3440 1614 9984 1545 2054
5179,3429 8016 1119 3428 3427 9239 8021 9393 5248 9394
5180,1532 2614 9784 4515 1323 2820 8526 8904 13354 11112
5181,10104 13667 5975 12985 5890 13796 14728 14727 13025 2992
5182,12892 6748 1561 12682 266 12486 14118 11782 5399 12055
5183,4132 14270 14759 14761 14760 4688 4687 14758 9753 9624
5184,9127 9659 14394 7259 1947 8035 11622 11344 8885 1948
5185,5687 2618 11107 10199 9534 1011 5447 2619 7427 11103
5186,13557 3486 10911 13556 14764 14762 14763 9307 7014 15106
5187,1011 6360 9851 1357 9236 11347 12895 7057 2371 7427
5188,1498 5219 315 1500 8577 880 14579 9286 5215 14555
5189,8593 4755 5254 2665 9075 8216 2746 13814 7321 14023
5190,13318 12328 14664 11965 12329 4591 645 11246 5563 11247
5191,12495 12740 6940 14402 8825 1630 5349 3804 2604 6799
5192,13000 13995 12311 12612 14796 12999 12645 12963 1886 14164
5193,14768 14766 14767 12317 9891 4554 8044 3585 12318 15198
5194,14770 14769 10695 4654 10085 13019 13907 9558 14467 8276
5195,12274 14665 8757 12182 14773 14451 13996 14772 6099 3994
5196,13003 6136 2787 2793 3275 11202 6279 11544 7309 13064
5197,14774 8040 5173 8696 1022 1701 4726 11167 8929 4941
5198,13032 11943 10343 1293 1294 1633 11941 6626 10001 11029
5199,13714 337 10666 11815 84 3754 6068 5215 1463 12766
5200,11429 14617 6576 4766 7248 14664 1993 14317 1463 9491
5201,13019 9575 9572 14775 14781 10696 11095 13822 13915 9574
5202,10696 14775 13019 4654 13945 14467 11716 14769 13927 8087
5203,10696 9077 8487 14775 13945 9076 13019 14467 6796 12648
5204,13402 11038 12187 11040 11042 134 11039 12971 5409 11004
5205,13816 14776 5564 6672 13812 8629 11858 12992 4641 13427
5206,4056 13944 4058 2665 13817 4057 2663 4059 13816 8629
5207,11717 13400 11163 1134 2614 9374 12311 14071 11980 2797
5208,12092 1997 8594 13818 1996 12949 6794 15166 12612 2668
5209,5328 5330 5327 1882 5329 14022 14370 3482 13002 13531
5210,1130 14600 8814 7565 12003 8813 12949 2665 12964 8629
5211,12480 8487 6824 5324 11365 1743 8592 3894 14782 11
5212,13 12314 5254 8096 9759 13740 1298 7753 15 8095
5213,3380 13461 14587 14779 8350 8349 186 13451 5222 3368
5214,6268 8211 13927 14658 14019 5556 9112 4657 6269 15089
5215,13740 13 11427 8096 14782 12314 11199 12 13307 9759
5216,14454 1883 9026 8631 12969 12968 1743 5327 12970 7909
5217,13975 10975 8903 13461 9573 13969 12993 5222 13974 8758
5218,13019 14781 14066 14769 14775 10696 14770 15077 13915 14795
5219,13114 12614 6139 14780 12619 10085 1608 14515 8902 11208
5220,1884 13247 13432 13246 13433 12997 13532 14809 1885 1958
5221,13816 5564 14782 2795 11858 4641 13427 12992 8629 13021
5222,14453 12093 5 1128 13936 14454 12274 8215 12969 12970
5223,14783 1883 9026 9015 12091 14076 13900 7909 14075 14077
5224,2086 14784 9077 11003 2093 14744 11004 11039 8585 9076
5225,5565 9083 4643 4642 4644 5566 4647 14659 4658 4659
5226,5407 11187 14785 12997 13929 1884 13246 14392 10976 13247
5227,6099 12997 13433 13246 13532 1884 13432 13247 6101 14031
5228,14026 2664 4064 8095 13307 5328 5326 9759 5327 7868
5229,6333 2830 13567 5365 7938 7857 7695 3861 3862 11071
5230,8102 5258 14373 8093 8363 8094 8091 12180 3896 352
5231,5413 10497 1369 5024 8389 14787 8210 2510 1082 12481
5232,9576 10874 3831 10873 12618 13820 14516 10872 3339 3834
5233,13954 5253 293 11254 14985 5607 946 13681 5732 9407
5234,14454 12969 12968 12970 12971 1743 8215 11038 5328 3568
5235,13383 14035 14788 12601 8617 7443 14784 13780 4718 13720
5236,14779 10872 13974 13461 12618 10976 12619 10874 14516 10873
5237,13900 7746 14392 14377 11284 1475 14783 8416 1343 4840
5238,13399 10918 13527 12998 14789 1886 10456 12104 5517 1544
5239,5327 3568 3482 5328 5326 1882 5332 3481 13002 5330
5240,13822 12963 1636 9079 3561 10086 13019 13720 11095 14791
5241,8488 13612 7188 8489 13614 12172 11919 2637 3897 5554
5242,12182 12274 14772 8757 13020 2805 4643 11207 12275 14665
5243,9576 12618 11191 12999 6140 13067 4715 9669 9575 13820
5244,4594 6795 4641 9558 9559 6797 5564 5563 9111 11209
5245,14515 11096 14780 10978 13531 14233 13780 14034 12094 12203
5246,14089 1351 740 10715 14702 52 2031 1350 15273 15274
5247,13781 12331 14018 9708 8759 8100 2306 9148 9494 2790
5248,13304 13529 9353 9772 6139 9649 13298 11287 14463 11655
5249,14794 14519 6661 10273 6138 1365 15241 9987 4183 10529
5250,14787 13099 5377 615 626 13100 5785 12104 987 14234
5251,12274 8757 12182 6101 14795 11207 14066 14781 1294 6099
5252,11096 3480 14369 13917 14780 14370 14468 8901 12203 13780
5253,14796 12647 8544 2636 11206 8545 13995 13463 12646 12612
5254,14128 11210 6115 5374 14444 9341 10653 2230 4641 14344
5255,14797 14515 9575 8101 1074 12618 12614 6140 13822 7443
5256,4714 12601 11202 4718 13383 14035 7443 4719 8617 14784
5257,8545 2636 12316 8544 5559 7753 14796 12314 12612 11206
5258,13608 13432 12274 12182 13609 8757 13433 12275 13532 12288
5259,13946 12648 2789 7557 14234 9574 9575 13914 11426 3821
5260,5332 6 6788 11268 3482 11428 5331 7908 11427 11
5261,2567 13974 4909 4910 5822 4915 6788 13969 4898 5388
5262,14399 9896 6094 5349 13877 2801 2219 8270 14413 13484
5263,5565 4644 4642 8634 4643 5566 4647 5564 9083 14659
5264,13486 8759 11543 14798 13916 2792 12066 12619 783 11093
5265,6102 6101 6100 9948 13997 9025 1999 6099 13247 11207
5266,2611 2612 2613 2610 9813 4059 4056 8629 13451 4058
5267,13059 404 1166 9791 1532 12745 12426 403 2820 13625
5268,1529 13731 2614 3464 13578 2820 1166 12426 5998 11052
5269,3465 2614 1323 2820 13578 1532 2815 5998 405 14123
5270,13326 14079 14457 1532 4515 2614 12747 2820 12426 1165
5271,13708 13052 405 14053 11112 12426 1323 5998 1535 4330
5272,2614 5998 10730 407 2820 13650 13628 2739 6868 1880
5273,1325 4330 13323 14326 1535 1165 2820 12426 1532 13334
5274,405 12826 12475 2820 11403 403 12426 1323 1166 1535
5275,14800 2614 8731 13854 7249 13578 5998 1529 13038 1532
5276,1535 405 1166 1475 8892 2820 6113 12426 1165 2814
5277,12426 8526 1165 2820 1166 8727 2817 2742 1323 2741
5278,12426 2820 14801 1525 2814 11899 405 1323 14122 1535
5279,1165 6989 2742 12426 1535 2820 2741 1166 4516 2743
5280,2822 6351 13201 405 2820 12426 13202 2742 6417 11878
5281,9784 2741 1165 2742 2743 2820 13344 11112 1532 2815
5282,2820 13202 12426 2822 13232 1535 13518 1529 13188 2742
5283,2614 1323 2822 2820 3465 12426 13352 405 13202 13201
5284,14599 2820 12426 13005 13347 6001 13717 13346 11051 2741
5285,14802 14308 13730 8831 13245 14124 13357 13128 6350 9115
5286,2820 1166 2742 2614 13327 8732 2816 404 12426 3465
5287,5998 2742 2614 1532 13329 2741 8904 15152 8834 11899
5288,5998 1527 13315 7917 2614 12905 14007 15152 12820 2742
5289,2742 1165 2820 12742 13661 2741 13327 6001 2743 13203
5290,2742 13325 1165 13235 13659 13327 2820 2741 1532 12426
5291,1532 2820 11899 8301 405 1165 12426 2742 1323 1166
5292,12426 2820 1165 13625 1166 403 404 9791 2742 4330
5293,2742 1165 1532 2820 2741 13235 13327 1535 1323 2743
5294,1165 12426 9791 13717 2742 2743 2820 404 1166 14599
5295,1535 13187 8730 1166 2820 12426 1165 13540 2814 1323
5296,1166 6416 1165 3464 2741 2742 2820 2743 404 4515
5297,14803 11822 4514 12070 4791 11111 13349 2814 408 6990
5298,6416 2741 5998 1166 1529 1165 1534 2614 13561 2820
5299,1532 12426 13188 404 405 9794 2820 1166 1165 8835
5300,13727 14804 10260 14327 13672 8828 13574 14326 12743 2820
5301,2820 2742 4516 12426 1165 1166 11524 1535 14084 3464
5302,1532 405 13336 2835 12425 12426 11112 1323 1165 4515
5303,14805 13315 11555 10056 12854 8362 14323 12820 12905 10880
5304,9784 2741 13333 14806 11112 13344 2820 1532 1325 7395
5305,2741 12425 2820 2742 7395 2744 12426 13344 2743 11879
5306,2741 12425 2744 2742 12426 2820 13189 13344 7395 11879
5307,5998 1529 12426 2820 2614 2364 4516 13188 14599 2741
5308,14807 1323 13562 405 12426 1168 2820 12008 1165 14122
5309,1532 13188 11754 12426 11112 8904 2820 4330 2364 13329
5310,11555 13315 8362 14323 12905 14805 12820 12906 14180 11554
5311,2741 2744 13344 6352 2742 4515 13332 2820 12426 1532
5312,12748 13834 11041 11219 11218 8057 10062 6537 10701 3878
5313,538 14808 4840 4844 536 6820 2811 4839 529 531
5314,14808 538 536 4844 529 6820 535 537 530 531
5315,11288 11355 12035 12885 710 383 11289 12036 11287 11353
5316,14809 6789 14045 6790 7824 13532 11824 5607 6788 13433
5317,12885 13593 7208 10092 11270 12886 7100 12777 6123 10589
5318,4844 6820 14808 538 536 578 9656 531 537 530
5319,14007 5998 2614 10127 14323 12905 15152 2742 13201 14330
5320,5744 9467 5325 10432 12822 10211 11953 1752 11069 6679
5321,12667 12666 3403 5750 7798 2308 9340 10175 96 9094
5322,2614 14196 12905 5998 12906 14323 2742 13409 14007 13578
5323,14590 8110 2614 8108 3551 5998 4751 13574 301 7675
5324,5998 14330 12820 13409 12821 14180 14195 11098 10880 2614
5325,5036 3771 11982 6930 8993 4728 9333 12101 2444 6107
5326,234 1617 235 1618 1622 1621 1619 1620 3213 1624
5327,11790 12962 5177 10180 12961 9667 7671 8523 8484 14322
5328,12823 6129 7486 9533 14154 10059 10731 2042 3190 8986
5329,11871 5615 8226 4753 6750 11872 7783 10124 14127 1673
5330,2614 5998 14180 15152 13578 2742 14323 11899 3465 7686
5331,8111 13989 13308 13990 10130 8159 405 13911 8165 4605
5332,2820 14811 2742 1165 1166 14812 15032 12426 406 3465
5333,6380 1575 985 6383 6575 784 5958 1452 3791 6342
5334,14813 14814 5208 7325 7324 187 4983 7306 2115 7326
5335,14816 14815 6224 14818 9766 9776 14817 14679 13589 9765
5336,14540 7231 14541 5634 8075 7232 15175 14752 1400 2163
5337,14819 9620 8047 1935 10494 14574 11280 11279 11278 11281
5338,10407 14034 14317 13400 11429 11688 9958 6819 14025 13072
5339,8518 11132 7996 6152 6103 11862 6838 15128 7518 7809
5340,6264 8940 548 2457 130 51 4530 3791 484 10162
5341,3245 8440 7687 476 12150 3391 3882 13126 13604 14253
5342,14307 1351 14163 10715 15273 15274 52 14703 10171 476
5343,1297 3891 1299 6210 1302 357 5612 5620 228 1303
5344,14709 11049 7945 5769 7943 7944 6242 1416 5922 5137
5345,14820 8186 8187 5092 2749 2458 8185 10340 4214 788
5346,482 7863 8522 5088 2479 178 8448 427 9259 7864
5347,5677 11835 13798 13654 6011 7605 7606 8688 7523 9393
5348,6391 7155 5401 10551 4969 2507 9586 9923 378 6392
5349,7504 4180 1977 770 4704 1401 3610 6053 9367 4914
5350,10561 13214 476 12085 14147 6090 13215 14148 647 3004
5351,4406 7734 2548 9582 1374 5989 5996 4208 8504 3718
5352,11405 14200 14136 14591 14512 11402 11403 13286 692 14208
5353,14822 14821 14592 1605 11731 10115 10833 1616 15252 10834
5354,383 4360 13766 7250 11289 1170 7692 952 9971 12879
5355,12165 6399 14161 9263 12991 8086 6395 286 12992 5419
5356,12566 9682 9805 6476 11143 6785 5157 6228 4065 13358
5357,12850 13885 13616 1558 14480 14500 1556 13279 9324 9323
5358,14827 14826 14825 12875 8873 13587 14824 4179 14493 14578
5359,11729 5255 6785 8045 6498 2729 11875 12566 7529 3091
5360,692 11405 14145 14136 11366 11403 14512 11404 693 8250
5361,13277 8541 11799 5689 4401 9748 8540 9747 11800 8539
5362,6362 4060 1317 1778 2881 1319 1321 1320 6363 9192
5363,11977 6227 6614 3579 14730 11239 7620 4749 6122 9481
5364,7966 5224 12966 6075 9044 10076 8009 6021 5225 13353
5365,5757 11384 12603 553 5758 11304 12605 12604 12065 13838
5366,5690 12209 9850 3072 12210 2996 11028 12734 6847 6447
5367,6537 11218 3665 11219 12748 11471 14153 2108 11055 10353
5368,2590 3765 1278 1067 11764 10244 11765 1283 5862 11763
5369,726 13804 14512 816 11405 8590 11403 8562 14199 9106
5370,7719 14674 6589 15260 14886 9143 12035 1479 14470 6766
5371,3270 3271 3272 5740 9920 4931 8501 6872 9305 9906
5372,11306 11315 13559 14638 12626 14861 14238 13558 14572 10251
5373,10892 12694 11692 11212 11773 6504 6674 6764 2725 2137
5374,14814 14813 9829 5208 13631 7199 7593 12833 12101 11276
5375,13074 10741 1880 14434 451 14577 14576 1948 6868 10051
5376,11858 12625 13427 9559 12624 4641 5564 13816 6797 9354
5377,14148 14829 3864 14147 8424 11120 8425 8426 3455 3862
5378,14830 13281 7018 6774 12889 2633 1123 4300 9556 13718
5379,14831 14832 13144 5572 11266 9545 3868 3320 4905 4638
5380,14394 8978 11622 1925 11077 1267 9696 11359 8035 10535
5381,11405 4861 14224 7875 5514 14591 14512 14136 11402 11403
5382,10011 14834 14833 14436 14143 11400 5709 14667 2391 12986
5383,58 11126 14980 14604 15285 14742 92 14979 79 91
5384,726 8562 14512 11405 8590 11403 14199 9106 6719 13852
5385,611 15020 3213 7764 7698 14680 10893 1620 1621 9781
5386,14522 731 14094 584 733 730 15026 14095 3138 732
5387,8145 4417 11760 12474 6298 14205 8969 9964 10483 10559
5388,4524 9188 174 7730 10648 4529 14266 10769 4793 7708
5389,6622 5383 8372 10414 13892 14489 3955 2108 6620 6476
5390,14101 14836 1559 12707 12704 12702 12700 12699 12703 1556
5391,14838 6604 14366 3457 13139 693 8399 12528 692 8551
5392,699 13937 702 708 706 709 1215 707 692 701
5393,12683 14171 12520 8781 12679 13846 12681 2839 12682 14065
5394,13388 14839 14841 14686 653 14639 9830 14840 8999 11126
5395,14542 7946 4126 13479 7711 9398 626 5157 12326 11708
5396,11765 13547 11763 11764 11021 13678 11152 2590 3765 13679
5397,14843 14351 106 14350 14349 14449 5875 3093 11347 10715
5398,14844 13008 10731 13039 936 5570 14021 6721 959 7685
5399,10523 6417 4516 15257 10525 3465 6351 2742 1165 13452
5400,8112 13697 2046 680 2391 10441 4463 12025 11656 1850
5401,11188 11365 4053 14145 6105 2593 7395 6004 2599 8891
5402,13502 13507 13491 13503 13506 13495 13494 13505 13501 13510
5403,14845 3813 14738 14737 13679 14724 14846 3265 9589 14056
5404,14847 1523 3428 5249 12893 12892 13403 6435 11401 3427
5405,8107 8947 2116 1881 5820 8794 3690 1734 13041 7763
5406,7065 1354 7554 9194 6806 9192 8159 11808 7546 10461
5407,1384 1333 131 3149 851 10564 2193 3178 3166 9587
5408,3717 2254 4553 11977 12341 10728 12447 198 730 8397
5409,14478 14513 11405 14848 14706 14610 14277 13420 4549 14204
5410,771 14849 9223 11920 8189 2505 14210 4424 14430 1918
5411,14850 14555 14851 91 11718 15184 14560 15288 12427 14558
5412,1471 14221 12137 13847 2410 12800 14738 8325 14734 1473
5413,14853 311 9023 46 327 300 9101 11920 321 313
5414,14329 14854 6270 8408 13018 13132 10484 4028 14482 14970
5415,14070 8999 9053 10786 10435 1313 9219 7869 7497 9489
5416,1295 5836 1766 13379 2471 12186 11716 3312 4867 6905
5417,14856 6816 6977 1763 38 4928 3453 14855 3292 6516
5418,4891 4887 3236 9992 4815 9719 6791 4897 3641 4720
5419,12928 6483 1222 11407 12927 9555 11408 8605 7936 4358
5420,9192 1779 4036 1320 1916 2881 11352 1778 4060 7554
5421,466 10440 12429 11735 11476 3714 6115 14857 5364 8462
5422,383 851 2859 709 3397 7480 14734 5976 11043 42
5423,1242 11168 4206 10227 7361 8651 3696 12166 12244 3139
5424,8541 11799 5689 4401 13277 9748 9747 8539 8540 11800
5425,12156 10701 13887 3887 3665 12748 6109 3878 6298 1109
5426,13559 14861 14859 7876 14860 11306 13558 7875 11315 259
5427,13627 14465 14168 5369 8860 14466 11737 3884 7993 3883
5428,7209 14864 14863 11769 7208 7204 7203 8149 192 248
5429,13276 13737 2681 11186 2009 13277 13736 13685 14458 10095
5430,6863 7777 3020 8427 5335 3518 10210 6832 7772 8705
5431,14870 12434 14824 14868 14558 12427 14869 12436 14866 14163
5432,14872 14871 4380 9881 9987 8678 7422 1749 1584 9986
5433,3093 1332 6306 5455 10617 1865 12193 7580 3805 5817
5434,14873 13949 4960 2835 4961 11217 13948 3885 8120 14946
5435,10168 7336 7164 14208 14046 14621 2312 9131 9078 6027
5436,14875 10715 52 14100 8474 1351 15274 2203 11313 3019
5437,5759 14733 11124 3469 8324 11125 14240 9828 9116 8871
5438,2304 2081 9429 3500 10680 2079 4552 2575 250 9082
5439,1443 1969 11017 6211 3188 8877 579 6143 9127 4798
5440,14186 14188 14189 14192 9231 14133 14191 14187 14185 6943
5441,11887 12523 8770 12522 4151 4524 14437 12142 4964 13706
5442,5437 1417 7305 139 2001 476 10601 575 9271 6860
5443,2814 4514 408 14877 13635 13349 1529 1166 10733 2815
5444,8110 1909 13908 14590 9763 8108 9761 9482 9762 1908
5445,14878 7767 13825 2962 9050 3123 2225 6984 3717 5295
5446,5664 922 10338 6754 11685 8056 2581 8390 4740 10688
5447,1475 14844 13008 6933 1535 11880 13318 12535 8892 14333
5448,11734 9197 14001 9947 4182 8012 133 6918 836 4825
5449,14734 10784 6663 2122 5911 10329 5134 4283 5664 5021
5450,13865 11456 14258 13857 11455 13866 13869 13874 13870 13871
5451,7348 3253 5064 10019 5001 2548 10676 7726 6688 6968
5452,13910 1534 14879 13269 13561 2815 3465 1531 14324 2820
5453,8240 1036 2137 2117 1035 1055 1065 1034 1045 1017
5454,5199 10229 13942 10157 5201 13221 5901 13123 13220 12840
5455,14880 8534 8361 6337 1237 9596 5935 3676 9441 9601
5456,2084 111 8802 2085 2083 7119 12711 3022 1367 91
5457,7224 2811 7748 12748 12124 12113 11529 12125 10346 2812
5458,2828 14845 1311 3263 13679 12388 2829 9526 9523 9343
5459,3398 1161 506 9591 1943 12602 7152 14428 8271 2482
5460,13879 7264 9892 716 13716 13131 13177 9895 10560 13770
5461,692 693 14136 11405 11403 11366 7457 8250 14366 14479
5462,4036 3442 10192 10072 1011 9751 10073 2881 10355 11808
5463,607 6486 5354 13843 13029 4709 1521 5907 4170 6497
5464,10535 11357 5896 4073 11358 7342 6131 5708 12948 12263
5465,7124 13912 9054 14555 3055 111 91 8999 7111 7119
5466,14884 13693 14883 6355 1671 14882 8081 13456 14368 10222
5467,14885 6622 13892 13893 6620 2108 8114 6189 13365 12245
5468,13220 13696 8144 14886 12351 10052 1311 9806 7934 10157
5469,14887 257 5920 6094 14688 258 14417 12574 12134 10446
5470,14080 9056 8588 15287 14605 14604 14430 8802 9821 9818
5471,13212 10911 6260 4229 14762 14546 11273 14763 13557 14764
5472,1617 1618 1620 14261 234 235 2311 1649 1619 1622
5473,3665 6484 1852 8454 6537 6228 10441 3878 11218 10679
5474,11405 14208 14889 11402 14136 11403 692 14591 14512 14452
5475,514 463 11383 8287 1564 1412 12178 1565 9273 7420
5476,1837 231 4851 13950 5157 7940 1847 6240 1222 7936
5477,4696 1936 14588 1592 6692 14890 6070 5104 5249 8356
5478,8581 14891 8588 9056 14430 13805 8579 8586 8583 1512
5479,4516 5852 5193 8826 14892 4515 3046 8491 11470 1165
5480,9957 10982 11227 7940 7659 10983 10445 9049 10027 3050
5481,2448 7915 182 176 9314 6217 1452 1574 9068 462
5482,13388 11126 3063 9610 10715 8587 14840 14839 14686 14841
5483,550 2782 3341 6055 9983 3495 2024 4372 3338 3256
5484,5895 7583 5896 4073 4964 14556 9944 9228 2277 10954
5485,626 5250 5377 9365 1877 7544 5341 7347 13918 5375
5486,14893 4861 4961 7875 14983 14874 4960 14982 14971 466
5487,1734 3993 2415 4351 8028 8794 7863 3984 14275 8107
5488,14689 10384 14688 5595 6836 14543 15254 8272 14905 14914
5489,10012 14771 14045 1544 9770 10230 11427 11042 4656 4657
5490,14894 7953 11296 5261 10522 6766 3187 15073 8557 6008
5491,7937 8081 1847 5157 12338 7948 13365 14860 7947 7741
5492,9380 9973 9323 12860 9387 9385 2841 9324 1558 11907
5493,4138 7065 12656 10754 10843 4132 6805 1719 3667 12917
5494,14334 14862 11308 14742 3152 714 14654 14984 11309 14985
5495,3928 1812 6974 13401 811 1083 8046 3912 1071 6442
5496,8577 1504 14113 420 8464 4179 1405 5956 9127 10446
5497,4426 6785 15263 15045 7159 9055 13016 1368 9818 45
5498,14897 14498 11366 5266 3126 476 5170 10434 14497 3965
5499,52 14100 2203 3019 8474 11313 76 7121 10651 14875
5500,12491 1445 4544 3460 2157 1099 10669 343 7194 11768
5501,13609 14900 12266 13608 3722 14025 12315 11362 1950 3721
5502,611 10372 10373 10371 3595 9955 10370 1620 155 1621
5503,626 4966 949 14699 14452 13479 5709 15159 3873 3982
5504,14901 13050 8525 15169 14213 14214 692 8020 15086 14209
5505,14425 14463 9011 14202 3840 8423 9775 13974 4356 9023
5506,10865 680 8184 15199 12020 4406 8112 383 7229 14955
5507,14904 14903 11310 13920 5183 14426 14389 14941 9056 14862
5508,13428 10875 10412 6710 5640 3678 2435 2920 12901 6720
5509,27 3214 3365 12005 817 12004 4230 15078 14261 2309
5510,8581 14430 9299 8588 14891 9056 8579 14933 12031 13805
5511,11124 3885 7438 11125 14240 9116 9522 8871 14361 12103
5512,9970 14905 5608 7643 7649 14914 1127 15254 7888 9056
5513,14906 14907 740 15123 10294 1420 7377 1215 1488 1490
5514,13521 14909 14908 14004 14944 14942 13520 8428 14441 14705
5515,13805 6216 13936 11550 12320 13807 467 3222 12847 13804
5516,10715 14690 14100 1351 14702 14875 13388 52 2204 14307
5517,3476 9459 14063 839 3223 14261 5042 3962 5547 9265
5518,12546 1183 10111 1677 10210 1184 5126 5882 2013 861
5519,14911 10604 6793 4656 2982 4657 4655 6288 14143 1195
5520,14092 1436 14865 4841 14550 585 1873 7115 14163 4126
5521,10496 13207 7663 14528 14153 14193 14181 11786 9964 6298
5522,3055 11126 13626 15247 11045 15002 3057 1367 101 45
5523,11366 14496 6196 15175 9026 13885 14482 14491 14486 5267
5524,13885 11366 14479 5266 12850 14488 5267 14491 5268 14486
5525,11366 5266 14497 14574 14486 14481 14819 14498 14485 5267
5526,726 11189 8988 14512 11405 13956 8590 13488 9172 11403
5527,11366 14477 13885 14486 5267 692 14913 5266 14485 14479
5528,14801 14912 8429 11899 6489 2814 1525 9784 14122 12426
5529,11366 14498 5266 14497 14486 5267 14481 14477 14485 14491
5530,13885 12850 5266 11366 5268 14488 14480 5267 14479 14491
5531,13933 14461 6764 11739 10892 13370 9147 14462 6057 4350
5532,13885 12298 11366 14497 12850 14498 14488 14137 5268 5266
5533,11366 13885 14488 12850 14491 14479 14477 5266 5267 5268
5534,11366 8609 14477 13885 692 14486 5267 14913 5266 14485
5535,11366 14477 13885 14486 5267 692 14913 5266 14485 14479
5536,692 11366 3857 7643 14479 12297 14491 7649 14477 14486
5537,11366 14477 13885 14486 5267 692 14913 5266 14485 14479
5538,11366 13928 6750 14477 14486 13885 5267 692 14913 5266
5539,11366 14477 13885 14486 5267 692 14913 5266 14485 14479
5540,11366 9424 14477 13885 14486 5267 692 14913 5266 14485
5541,10441 14645 8335 14646 5384 2439 1655 3878 5381 9804
5542,14491 13885 14486 11366 5267 5266 14479 14481 12850 5268
5543,11366 14477 13885 14486 5267 692 14913 5266 14485 14479
5544,11366 14913 10591 12528 14486 14477 5267 692 5266 14485
5545,11366 15150 3828 14477 14486 13885 5267 692 14913 5266
5546,14479 692 11366 5267 14491 14486 14477 5266 14136 11405
5547,11366 14477 13885 14486 5267 692 14913 5266 14485 14479
5548,13885 14480 12850 8031 11366 11895 11893 11894 5268 14131
5549,13885 9424 14222 12850 11366 14415 14985 14480 14130 14223
5550,11366 13885 12850 14488 14477 14491 14479 5266 14486 5267
5551,692 11886 4746 4745 11260 11366 8008 14136 11405 1682
5552,11366 692 14477 14479 14486 14491 5267 5266 14913 14485
5553,11366 13885 12850 14477 5267 14486 692 5266 14913 14479
5554,11366 692 13885 14486 14491 13895 14479 14488 5266 14477
5555,11366 14913 14477 14486 5267 692 5266 12528 14485 14479
5556,11366 13895 12850 13885 14222 5267 14477 14486 14131 5266
5557,7876 14222 7875 14859 5407 13559 14860 8374 14861 9424
5558,13885 11366 12850 14131 14222 5268 14480 5267 14130 14488
5559,14500 13885 12850 11366 5268 14488 14131 11463 14226 9303
5560,11366 5266 14486 14477 5267 14481 14485 692 14479 14491
5561,11366 13079 5383 13392 14477 8335 2439 14486 5267 692
5562,11366 14477 13885 14486 5267 692 14913 5266 14485 14479
5563,5267 14479 11366 14491 5266 13885 14506 14486 14477 692
5564,11366 14477 13885 14486 5267 692 14913 5266 14485 14479
5565,11366 14486 14481 14491 5266 14485 14913 14477 5267 692
5566,11366 12162 11359 6761 9239 11358 11357 1379 9392 2861
5567,11366 14481 5266 14486 15176 14499 5267 14485 14477 14491
5568,11366 14477 13885 14486 5267 692 14913 5266 14485 14479
5569,5267 5266 11366 14491 14479 13885 14506 14486 12850 14481
5570,11366 14477 11260 13885 14486 5267 692 14913 5266 14485
5571,14153 14181 13207 13968 12748 6298 13566 14006 8122 11218
5572,11366 14477 13885 14486 5267 692 14913 5266 14485 14479
5573,14915 7526 6658 6657 6667 1594 14289 7533 2282 12484
5574,11366 11359 14477 14486 5267 13885 692 4350 14913 5266
5575,11366 8405 11893 14477 14486 13885 5267 692 14913 5266
5576,11366 5267 14479 14491 14506 5266 14477 14486 13885 692
5577,11366 692 14477 14479 14486 14491 5267 14913 5266 14485
5578,11366 5267 14479 14491 14477 5266 14486 692 13885 14913
5579,11366 14477 13885 14486 5267 692 14913 5266 14485 14479
5580,11366 14477 13885 14486 5267 692 14913 5266 14485 14479
5581,14477 11366 692 5267 14486 5266 14913 14481 14488 14479
5582,13885 14490 12321 12850 11366 5268 14480 14488 14131 14841
5583,12485 2604 2605 4658 6799 4659 14402 4647 12740 14401
5584,14137 14497 12298 14498 11366 14574 13998 13885 3815 5266
5585,14790 3886 11190 7244 15108 14276 8988 3883 5897 1387
5586,11007 11006 8034 11005 8143 7202 4753 8036 8011 8038
5587,11405 14136 11403 14512 11402 14591 692 13286 693 14208
5588,14204 6605 6606 13183 625 14523 14846 14203 14472 14478
5589,3771 11711 10508 3486 3770 13282 14693 7984 10906 2320
5590,14032 14917 14916 14919 14918 6334 5180 3749 7868 9789
5591,13388 11126 3063 9610 10715 8587 14840 14839 14686 14841
5592,169 8550 9703 9439 2346 149 9438 7357 7833 2301
5593,14167 12236 1559 7544 1558 14101 9365 14836 13389 1556
5594,5919 14920 9209 6078 9890 9889 1702 11954 10697 12344
5595,11260 11143 6849 5351 8576 13119 11886 7432 12196 13756
5596,512 4350 8407 10495 3223 5059 8451 2200 662 510
5597,9144 14921 4756 7109 625 15009 3334 14972 11048 999
5598,3665 6537 11218 3887 11471 13179 11219 10701 2652 7938
5599,14486 11366 4575 14481 14491 5266 4741 3771 14485 14499
5600,739 14852 14306 3021 15230 14555 7113 15147 11058 9054
5601,14307 1351 14163 10715 15273 15274 52 14703 10171 476
5602,6785 366 12566 14429 6621 8575 6240 13832 12564 6244
5603,14923 14476 8272 12390 12065 8581 5849 9626 9889 6809
5604,7124 9054 13912 14296 14555 111 7111 7119 7123 11045
5605,6079 14926 8473 4033 1301 7711 2049 2262 12039 5134
5606,11084 14129 2834 2835 9130 3467 14982 7266 8191 9520
5607,9472 10615 12554 5172 11391 5163 7543 5170 3028 9060
5608,2200 5113 10183 4474 7977 4350 10106 6544 14953 6505
5609,876 12670 4474 994 3579 11872 14055 11090 881 12537
5610,14449 14927 14843 14555 14404 14500 14895 14976 13112 11463
5611,13168 2687 10670 14386 10460 10289 3772 9166 541 131
5612,14163 15233 14866 8999 3021 14307 10715 14547 91 13388
5613,4426 9055 7159 15263 6106 45 3019 15045 58 8050
5614,908 12264 6170 9299 9682 6239 6188 906 6240 6253
5615,8581 14928 10897 14891 8588 9423 14430 4552 13805 14102
5616,14929 14930 12513 14427 9052 3021 13134 2203 14866 11440
5617,14449 14843 14404 14927 14351 11366 14555 15228 8377 14500
5618,8581 14709 14396 14933 747 1396 14162 15118 14891 14430
5619,14936 14924 13455 14925 2508 2637 12032 6992 2314 14198
5620,9054 14824 78 13587 8999 14868 14555 14951 7124 3021
5621,8999 4426 7124 15148 14670 11185 13912 9055 7134 111
5622,685 14937 11259 14930 15244 14931 1701 14396 12513 14427
5623,13191 13208 10106 11654 12012 8782 10909 4962 6494 7115
5624,14939 4758 10321 12287 11332 14391 9815 13580 1105 13579
5625,14709 14910 2595 5137 10690 9278 14699 15009 14926 14299
5626,7632 1845 15189 8282 14930 9808 7633 7109 11796 8272
5627,3471 14552 14557 9587 618 611 14166 6523 1334 3470
5628,14940 10833 7848 10834 7849 4727 11731 14821 10835 10115
5629,14163 1485 15233 1493 58 14866 3021 10715 11737 11316
5630,14941 14162 5581 14904 3793 14475 13920 5183 14426 14389
5631,14942 14705 13521 8428 14944 14706 14908 13520 14909 14004
5632,14067 14536 14943 14537 2630 13646 7700 8421 14944 14563
5633,360 11027 6836 9784 2820 4336 11026 14524 10206 1532
5634,12784 14742 1702 14334 7245 58 3257 8050 7632 11865
5635,14853 645 311 643 644 11406 642 2818 11210 12328
5636,11401 1523 12640 11135 3068 3864 7141 11404 3064 3862
5637,14946 10333 8985 11784 709 10638 12342 11779 6562 14873
5638,9960 14947 9373 12266 13073 9959 14232 9958 9814 9374
5639,13935 14672 14671 13488 9172 13956 14673 11577 13585 7768
5640,7229 5726 13033 5271 1421 9157 1293 3550 2250 13265
5641,14484 4028 14482 1539 2283 8340 12538 12749 6270 14914
5642,14673 11577 8833 13488 14671 9172 13956 14672 8834 8835
5643,10820 714 13699 12633 11473 11440 3021 11271 14984 13134
5644,14948 14435 14943 999 12815 12772 15182 14387 3567 11048
5645,6836 14452 10124 13335 6489 12989 14127 5615 13331 7384
5646,11359 11358 6761 1379 9239 9292 9392 11357 1380 4971
5647,11812 650 10679 6140 4981 120 2482 5220 6470 4344
5648,13885 11366 14491 12850 14488 14479 5267 692 5268 5266
5649,12950 14949 12828 14691 9256 8626 10655 134 1911 11709
5650,14388 14950 14951 14455 7700 14456 14910 14706 8421 12494
5651,4426 15263 15045 7159 9055 13016 1368 9818 45 4432
5652,14952 2319 10381 14341 3811 14224 8336 7912 489 2148
5653,8935 3930 2290 4175 4090 4426 3221 769 10446 8287
5654,3055 14714 14471 13430 14483 15129 11391 5107 14429 3065
5655,14224 13836 9583 14952 14223 14157 2598 5107 14222 13794
5656,14224 14157 14952 5107 14159 14158 7581 13836 5515 1131
5657,160 4738 9430 2597 157 6003 6128 14381 8896 2074
5658,4426 15263 15045 7159 9055 13016 1368 9818 45 4432
5659,14129 11084 4711 14382 11932 15097 14183 2834 13320 10060
5660,1292 337 4536 13714 3968 3970 3228 3969 3967 654
5661,14953 10183 23 1880 15185 22 13438 13184 2200 12446
5662,5107 14224 13430 7109 5108 5101 11668 5103 5102 5106
5663,7109 14921 12803 9144 7110 5107 7310 11230 7632 13430
5664,11213 14695 14621 242 3956 8182 578 3407 11483 10893
5665,14705 10238 14574 14942 14706 14819 3624 8428 14575 13521
5666,14955 14954 10566 14393 3176 6135 12020 10968 15108 10225
5667,11405 577 13286 14136 14512 11403 14591 692 14094 11402
5668,8866 14505 2128 13761 3840 11575 12254 12164 14425 14202
5669,9490 5026 10743 10985 154 223 10797 9030 2216 5624
5670,14864 9615 14863 7209 9618 7439 9363 6522 5187 3947
5671,14157 14158 14304 8734 14159 14160 7581 12032 1131 11746
5672,14304 12020 10865 919 14848 14955 14961 14960 14303 14646
5673,8323 1885 5572 13532 8324 1884 12997 1958 11362 13432
5674,14932 3261 3263 1311 3262 4357 8105 12891 8090 11981
5675,14957 14958 3720 434 15070 14652 6984 13627 2112 7767
5676,14390 12281 6725 9704 4121 4937 4313 1265 9996 9998
5677,1746 13888 1938 6118 1748 4358 6488 6493 13930 5379
5678,13424 11221 13432 5521 14472 5373 6775 10836 6606 14204
5679,14132 7229 6610 14527 11737 14694 11398 5016 11230 13637
5680,14276 14790 15108 8237 14561 7336 14777 13257 8456 7642
5681,11366 14477 13885 14486 5267 692 14913 5266 14485 14479
5682,14205 14460 7126 14203 14462 9590 14461 14889 13183 14202
5683,3068 3064 11401 3065 3066 3067 1523 8735 8734 14471
5684,11405 14136 14512 692 11402 14704 11403 14591 12497 14208
5685,12566 9805 9682 13838 14009 10263 13893 5157 13892 6228
5686,692 14205 8145 14203 14889 14460 311 11366 10233 9964
5687,692 11366 14136 11405 8250 693 14491 14479 13937 12340
5688,11701 11702 9275 1926 2650 11232 13584 12303 10633 8373
5689,2986 8979 14227 10214 5708 74 6105 541 3506 11397
5690,14823 14637 15196 10834 586 882 10507 10633 14612 692
5691,14873 14946 12779 4960 13949 14424 2835 10333 10638 8985
5692,14304 14961 14848 14960 3801 13943 12324 8421 886 14706
5693,14949 14691 12950 11397 12828 5708 6489 14492 5788 9256
5694,6484 6476 5923 6228 6622 10441 13365 1864 6599 9682
5695,14962 14963 4958 7664 10655 4959 11229 8177 10615 5937
5696,6622 13892 6685 14885 5353 8575 6620 8081 5157 2108
5697,13838 12340 13895 12778 692 5521 5516 14208 14213 8828
5698,12009 5514 12059 4968 14202 15163 8423 5515 6854 12387
5699,14069 14202 8423 14425 4968 12009 3840 12010 11428 12048
5700,5514 8452 12840 11956 15163 5515 10157 13431 11849 5513
5701,5521 14472 11221 13838 2835 13424 6608 6605 14204 5520
5702,11366 692 14477 14479 14486 14491 5267 14913 5266 14485
5703,692 14964 11384 11366 8250 14136 11405 693 14479 14491
5704,692 13838 14136 12340 13895 11405 693 11366 8250 14208
5705,692 14136 11405 11366 693 11403 14512 11404 8250 11402
5706,13949 11217 14426 14873 4960 7381 13948 4961 3885 14517
5707,6622 13892 14885 908 6620 6619 2108 13458 6189 6476
5708,8326 14729 5273 3602 6909 10169 14091 13004 3339 6062
5709,692 11384 13183 14462 7663 14528 11366 12065 14222 11786
5710,12009 14202 4968 8423 14425 14069 12010 12011 6854 8117
5711,14366 692 14838 6604 693 13838 14136 11403 7256 11366
5712,5215 4884 187 14858 5217 3319 6300 7317 3378 3379
5713,692 5521 14472 6608 14208 12557 6312 11366 13838 6605
5714,12333 9961 13673 13647 9235 12385 14956 12741 14169 12577
5715,14208 692 14452 14889 1701 14136 11405 10168 11402 693
5716,692 14208 13838 12340 6608 14136 5521 693 14472 13895
5717,8581 14102 8272 4934 12031 714 5734 12065 14923 14891
5718,12161 8233 1680 6629 10269 6125 9446 8237 4706 4464
5719,6622 9614 6620 2337 13892 2108 8575 6476 6619 13458
5720,14615 12392 14968 11354 14579 12391 15261 10565 11785 11114
5721,7940 8114 6183 4068 1700 13961 1846 14885 2008 5157
5722,11221 13191 10836 6494 13424 9226 7528 6495 9841 6543
5723,7782 11172 12090 12089 6844 6029 7929 6327 7781 9956
5724,14528 11786 7663 13988 8992 9964 7664 2591 7667 1018
5725,4700 6487 13378 13359 6493 13828 6494 10188 6505 6504
5726,14885 8114 14706 1700 6183 13961 7940 1846 2008 9808
5727,14960 7740 14706 13943 6183 14848 14563 14961 14705 1700
5728,11384 14205 9965 4046 9551 14889 13838 9963 9964 12065
5729,14065 12519 7660 14531 13368 5614 13405 13279 13530 12926
5730,14663 9249 682 11289 14057 15265 191 372 3222 12533
5731,9106 5383 9594 14489 726 8335 14592 6162 5108 1655
5732,611 9594 12872 6083 13674 10893 13675 15020 1618 235
5733,11126 3055 13388 11424 1367 14984 58 10715 14988 14989
5734,14579 8190 11959 14615 13056 13513 42 1500 15189 11460
5735,14733 7320 5759 8351 3469 9828 6607 5729 11124 5905
5736,383 4726 2956 118 117 2959 5135 5824 392 6400
5737,7012 9228 11654 5896 4964 5895 4073 14227 4754 6543
5738,6768 7844 2957 7842 11367 7843 10249 14165 7917 5257
5739,12574 5678 14606 14971 5676 12235 1748 5674 14887 12960
5740,14969 7183 4279 1575 3943 7184 11139 8837 11066 6348
5741,8702 1988 12483 8701 1028 8700 4805 347 1494 310
5742,7170 12633 5972 6267 7167 7169 6612 7161 7967 7171
5743,14538 14973 14938 14264 12850 14415 14222 11341 7264 6071
5744,14538 14973 14938 14264 12850 14415 14222 11341 7264 6071
5745,14972 8428 14068 14944 14456 13521 14942 14706 14705 15193
5746,726 14512 11405 8590 11403 8562 14199 9106 6719 13852
5747,14973 14538 14938 12850 14264 14415 14222 11883 1435 4820
5748,14538 7229 14973 14938 14264 12850 14415 14222 14694 11405
5749,8577 13831 14142 9245 14524 1498 880 1504 15132 9286
5750,14538 6071 13623 14973 14938 14264 12850 14415 14222 7347
5751,14538 14222 14415 14223 14973 14938 14224 14264 9424 12850
5752,8425 1616 8426 1615 1605 8424 8423 263 3864 6298
5753,14542 5337 7946 4126 14819 14994 1090 6202 15043 14574
5754,14513 14610 14277 13420 14478 8547 11911 4549 3898 3903
5755,14163 15233 14866 14523 8999 3021 14307 10715 14547 91
5756,10715 14690 1655 13584 14100 1351 8298 14702 14875 13388
5757,14538 611 14973 14938 14264 15020 1621 12005 1622 7764
5758,14974 1697 14975 1904 10608 1695 11961 4576 4532 10516
5759,14974 14975 10608 8428 14972 14944 14068 14706 14362 14970
5760,14976 12134 13764 1754 12024 14593 11575 12626 14696 14697
5761,8988 2220 11189 726 2740 2042 482 272 984 8990
5762,14974 14975 1904 10608 1697 4576 8428 3138 8969 2166
5763,14974 14975 1904 10608 1697 4576 8428 3138 8969 2166
5764,14977 14978 13026 13405 14656 12525 12235 7826 12519 1757
5765,13056 11959 3841 14579 7475 1513 11514 14259 8190 10591
5766,1367 36 11404 13173 13174 3178 9311 11402 11403 11549
5767,9749 9300 12551 8477 14566 10355 14543 8020 9084 9851
5768,9606 10497 12788 12922 1548 5413 10494 5024 1369 10496
5769,726 11405 14512 11403 8590 14136 13286 6719 11402 9106
5770,11366 4745 11886 4746 8008 12897 1916 7252 12894 3774
5771,726 12650 14512 11405 6852 8590 11403 8562 14199 9106
5772,14980 58 14979 740 8935 11126 14604 101 14013 1351
5773,363 14981 8307 10905 8305 3613 12829 2958 7153 1905
5774,14616 8081 13365 13132 6622 7937 4399 553 1776 8057
5775,14756 13350 14755 12503 14563 13943 14707 2489 1054 2133
5776,14579 14615 12392 14503 101 8190 11959 15189 11632 13513
5777,14804 9467 9300 13727 5744 9773 5830 14327 10260 11919
5778,12020 14955 10865 14393 2210 14693 2678 15199 14300 3895
5779,14580 8281 13268 4449 11630 7233 8258 4798 10333 872
5780,2449 6943 5670 14186 14192 9231 14185 9659 14188 14187
5781,11253 14268 3116 5226 5315 6373 4269 2711 7422 1439
5782,14209 12251 14596 14458 10584 13680 14213 12252 14595 716
5783,13896 14285 13897 15173 14286 1858 15195 692 13894 5689
5784,10541 6881 14210 1287 7898 14108 13977 1463 14933 9056
5785,11322 14714 10414 7175 11321 14471 1855 13430 13939 773
5786,1655 11309 11565 5384 2438 14645 8335 8298 5382 1889
5787,8590 8589 11212 14511 726 10029 11366 5268 14491 14165
5788,14983 14874 14982 4961 2834 14893 4960 2835 13948 13129
5789,6609 14203 5373 14205 14204 11221 6605 6608 14472 5519
5790,14862 8586 14654 14334 5945 8579 8581 11308 8583 8587
5791,626 7544 8397 5377 13479 14452 608 5709 9365 610
5792,692 11366 14136 11405 8250 693 14491 14479 12340 15082
5793,14984 714 3152 14334 4261 7760 8054 14417 14108 8498
5794,9424 14985 11630 3152 9781 11310 11254 14222 14334 14984
5795,692 12748 15120 11366 14153 10353 11219 13834 11218 14136
5796,14580 11630 4449 8281 8250 8258 4448 13268 692 11310
5797,692 6583 13058 14567 11366 6582 14136 11405 8250 693
5798,692 8022 11366 14136 11405 8250 7347 693 14491 4798
5799,14569 8250 12339 692 12340 14964 13558 6581 14573 14575
5800,11384 692 12252 12065 14222 14316 12064 14882 9361 10584
5801,2699 7527 14423 6477 7171 4465 14422 7169 4456 5246
5802,13559 14861 11306 8221 14859 13558 11315 7328 4829 14860
5803,8250 14964 14572 6581 12340 692 14573 14575 12339 13558
5804,14692 13843 7696 9466 8994 6596 12947 12351 8257 759
5805,13395 10093 14888 11405 4954 4952 10107 7534 11230 664
5806,9094 476 4574 3874 13487 165 13955 96 11857 2134
5807,259 14861 14573 14660 13559 14859 11306 7876 14860 4568
5808,4085 14861 1993 259 13559 14859 5927 8577 6194 489
5809,14819 14574 11630 14575 14497 6581 9620 14542 14994 8250
5810,14209 14458 14596 14213 1859 13680 14286 14595 11120 15150
5811,7876 5407 8374 7875 5406 11187 14859 5408 14860 13559
5812,11120 14861 5673 259 13559 2869 4063 14148 14859 14147
5813,14202 14425 3840 8423 14069 14505 4968 12009 14933 12010
5814,10701 3887 12156 3665 15120 12748 13887 6537 3878 6298
5815,6617 7169 12083 3747 399 6612 7171 5246 6477 6611
5816,14990 14989 14991 14987 14988 14992 3061 14993 3060 14840
5817,12748 11219 11218 15120 6537 14153 13834 12304 10353 10701
5818,10420 10897 10653 9347 14128 9423 4552 2230 9341 10423
5819,14854 8408 10484 13018 14329 14970 13132 6270 14526 4010
5820,11405 14136 14591 14512 11402 11403 13286 692 6113 14208
5821,14581 5518 14204 6606 14523 14203 5519 6605 14478 5520
5822,1627 1628 8411 14711 11920 3405 12201 9024 14149 771
5823,12841 13997 13813 14074 9025 6102 7463 1551 2018 6100
5824,11384 9836 9372 12065 14222 5374 13430 692 12064 6622
5825,13276 2681 13737 13277 10798 2712 2685 2682 13677 13101
5826,1575 6342 7183 2685 14969 6348 11902 542 4279 4559
5827,14961 3801 8421 886 7699 14441 12324 14848 13520 13943
5828,14757 8529 947 914 7408 7409 13484 5898 6272 7810
5829,10214 8979 5670 6465 7082 14650 3506 2986 14653 956
5830,13587 7124 13940 14555 9054 14296 9055 15270 91 14306
5831,14995 10921 5971 14221 7898 9052 4437 3890 14220 8195
5832,4756 13511 14565 10200 5019 14564 13618 9144 11809 625
5833,14689 10384 14688 5595 6836 14543 15254 8272 14905 14914
5834,9245 12805 13831 9244 2246 4091 15199 14415 5632 14524
5835,14721 14102 9938 13570 14720 4934 13215 691 9718 14719
5836,8421 7699 3801 15009 7700 13520 14961 14910 14388 5784
5837,13852 726 14996 886 14512 14961 11405 3801 8590 8421
5838,12059 7457 8299 8064 8062 12009 2260 693 10705 8070
5839,10625 12541 4279 14969 14740 12562 5363 10633 9510 2581
5840,14388 7700 8421 14456 14455 15009 7699 14950 14910 3801
5841,14565 14564 11994 13602 15180 13511 11998 12000 11997 11996
5842,14986 14997 645 8780 15246 8873 1670 14036 643 12328
5843,726 11405 14512 11403 8590 14136 13286 11402 14591 6719
5844,14140 4865 1499 713 14718 10522 663 8190 4634 5313
5845,14157 5515 8013 2985 14158 14159 3673 7581 15163 14160
5846,12810 7135 11719 1367 9117 7132 7116 8798 7157 3751
5847,14998 1660 58 15011 11372 12197 2748 5167 12855 457
5848,11405 14512 11403 14136 11402 726 13286 692 14591 11404
5849,8408 14854 13018 10484 14970 13342 14526 14329 7381 2402
5850,726 14199 11399 4703 75 14512 11405 3063 8590 11403
5851,11405 14136 14591 14512 11402 11403 13286 692 7229 14208
5852,8892 11655 8893 1475 8894 1535 12473 8889 2599 12989
5853,9423 4552 10897 7244 6897 10896 2550 14928 6104 609
5854,365 7583 12487 4397 364 8983 10954 2277 3891 5895
5855,7017 6622 9226 9841 309 13892 6484 9842 13208 6494
5856,15000 7050 10171 5225 8777 1395 4191 7631 4030 7398
5857,1277 1916 9554 7358 1354 2379 11347 1914 1915 1357
5858,5998 2742 11493 13672 2614 10932 2815 2820 12426 2741
5859,2820 1165 405 2742 12426 13651 1166 1323 12380 6001
5860,1261 1259 1260 1264 1266 1262 13170 7899 2848 9229
5861,14584 14583 3057 3058 13587 3056 15001 3059 3051 3054
5862,58 11126 14980 14604 15285 14742 92 14979 79 91
5863,8039 12897 4746 8029 8008 8031 8032 8011 8038 12894
5864,13561 2741 1534 1531 4516 14879 3046 1533 13910 13701
5865,1166 2744 3465 2820 2742 3464 12426 1165 2741 2815
5866,611 15020 3213 7764 7698 14680 10893 1620 1621 9781
5867,2659 14586 11440 10912 14524 12800 3021 3504 9367 11938
5868,15005 14149 14514 13883 9023 10603 9022 13512 11920 9021
5869,15006 1091 14475 11460 14162 5552 3821 14585 15007 13033
5870,15007 14475 13920 14543 14566 15204 14162 14904 14476 15006
5871,15008 11332 5369 12287 13580 1105 13579 1690 10017 13583
5872,4316 8691 5016 13554 13555 9253 10573 1254 9488 13553
5873,879 6821 2448 466 871 323 4235 502 1206 8403
5874,14458 4953 990 14209 1859 10907 13737 14510 3390 7017
5875,15009 8421 14910 7699 8407 7700 3801 14961 14388 13520
5876,2820 2614 1165 2742 405 12426 1323 3465 1166 1532
5877,12426 2820 13334 1323 1165 10260 13187 3045 13188 13540
5878,8074 5490 5488 6689 14297 634 9370 8433 5489 2940
5879,577 712 3600 13286 14094 14522 9096 15147 6255 11395
5880,15011 15247 14519 15022 12877 8370 14998 3328 8581 133
5881,2816 12671 8889 2820 12672 1166 5193 14336 1535 407
5882,10647 13398 3656 6657 6663 3654 4876 14450 5114 779
5883,4519 3181 2569 851 2199 3735 746 374 12052 9588
5884,6002 6004 2599 8893 6105 8483 5372 8896 8891 8305
5885,3055 53 14988 14990 14989 14991 11126 14826 3061 14993
5886,9241 10230 7520 570 7521 10012 255 14771 4023 2740
5887,46 11392 10732 1577 1576 11393 8314 7538 8336 10690
5888,14837 265 14087 13103 267 12926 4373 13638 10253 10705
5889,14856 6977 1763 6816 38 3292 3453 4928 14855 9142
5890,15014 2448 6967 1382 2765 8705 1231 3697 5542 3033
5891,4924 12343 11862 5455 4742 1949 12318 2676 3296 1865
5892,4553 7691 7398 339 11151 7448 9221 3717 15000 1257
5893,14442 15015 14443 7527 1015 1084 2123 10743 14448 2688
5894,1320 9192 4036 10355 9853 1779 7062 1321 4060 6363
5895,4139 4603 10988 8159 9647 9758 6555 5840 5667 13911
5896,5087 12204 3839 6048 2206 5314 2962 7906 746 1116
5897,13885 12850 14480 5268 14131 11366 14506 14500 14130 14488
5898,9412 7014 12143 7015 4076 13556 9307 13282 9406 3486
5899,12850 13885 11366 14131 14480 14500 5268 5267 14130 14479
5900,349 4830 8176 10102 2790 9223 14344 351 15159 2428
5901,12726 9664 11891 4596 10574 8159 12378 10994 7215 1145
5902,15016 3663 963 962 977 938 958 961 966 957
5903,14971 14903 5216 4861 8 10832 8578 12298 7875 5678
5904,14752 14352 10560 7264 13643 13642 12439 14540 14654 14426
5905,6273 14155 14789 1246 4356 9761 6289 15198 6291 6292
5906,15017 10199 5447 6356 4139 1010 7554 5687 2881 8159
5907,7129 7130 79 5191 11045 3598 3594 12434 11876 9925
5908,14609 11859 11860 11861 7776 475 9782 4482 9771 8692
5909,6267 7170 14719 7967 14720 12633 14721 7169 7167 6612
5910,3027 12057 3506 1484 3267 3029 2696 10181 72 527
5911,5266 4862 11366 14486 10611 5267 14481 14498 14485 14491
5912,15018 6622 12039 4697 11575 7888 1125 8136 4674 7649
5913,6686 4559 3676 10744 6684 4973 3977 8344 1924 8361
5914,11347 4414 11808 2375 4413 2370 8159 10355 4139 1721
5915,14387 13959 362 999 14389 13562 11405 14388 13354 1532
5916,3209 9987 8768 1206 1981 1982 4157 9469 1962 1552
5917,1602 8468 7898 10509 1611 4979 2297 14623 3543 2733
5918,9686 7389 11930 12128 3923 15019 8071 68 11121 13421
5919,7341 10968 2306 14636 2294 2291 2067 2289 3176 9051
5920,7719 6491 15260 9143 14674 6766 14886 6492 6498 3744
5921,1777 1826 6707 4626 5876 4134 11624 6705 10199 4416
5922,5003 3438 3200 550 6941 3440 9987 159 2817 3620
5923,611 15020 3213 7764 7698 14680 10893 1620 1621 9781
5924,1287 2798 9273 10541 8643 9265 13808 1564 1565 6374
5925,466 10168 6027 6821 2312 8457 3104 167 6822 126
5926,8218 2597 14298 14174 7522 160 14173 13760 13986 14507
5927,7014 7015 9307 14236 3486 7013 9412 14571 13557 15106
5928,1295 8248 2471 5836 12186 3312 2476 2475 5996 164
5929,15022 13957 2096 15021 6065 9115 15179 62 1300 10746
5930,13695 6073 9966 6077 13694 13681 6076 6072 12945 9683
5931,36 3726 3179 3178 1367 9311 13173 13174 11404 2631
5932,11936 11939 11937 15023 14898 13514 11938 14603 2266 13571
5933,1291 381 13753 10888 12106 3404 12667 66 383 10551
5934,10796 3408 2174 9402 4785 10795 10793 10791 10794 10792
5935,8582 14975 10978 14809 12991 3462 11824 919 9102 8583
5936,8413 12853 10111 15255 2154 9055 3020 1368 12546 14612
5937,3456 12634 2498 7189 10886 2185 7800 7731 2455 8557
5938,13803 7563 13801 13800 13802 10079 11680 7562 8252 7557
5939,11256 2017 6330 2925 13881 1058 10459 5374 7824 2015
5940,13983 1011 5844 13911 4611 12607 6806 13984 12071 5448
5941,2095 4717 4892 10967 11171 6099 2976 11706 13427 6302
5942,6100 13975 13809 14377 6138 10057 11544 12069 8295 9025
5943,12964 10916 12288 4882 14600 13432 7560 7558 12949 10977
5944,14319 8760 11952 8747 5059 1576 7781 7249 10451 8973
5945,15024 4801 1062 2934 1592 2938 3909 4490 1501 1610
5946,8242 2762 4770 5088 8418 1417 2294 3104 4208 8201
5947,476 12325 692 794 2566 149 11915 780 8219 12705
5948,3699 4762 6026 6038 10301 1450 4468 6964 3222 2024
5949,11440 11938 3021 10820 12326 7970 13134 3742 9588 14929
5950,7401 4948 7866 576 8424 14353 10955 6886 5204 7939
5951,11748 10910 7283 3359 3317 11215 10050 6199 1836 9741
5952,15025 5792 9433 4284 9431 9434 9432 7086 5791 5915
5953,2375 1320 2371 4060 9192 1779 1778 11532 11352 1321
5954,10042 2925 9442 10763 5143 8052 6103 2918 10766 10765
5955,5419 794 9250 128 163 1646 11761 9263 6411 3250
5956,740 101 14547 14979 14089 7121 3057 14264 14898 91
5957,7047 715 1760 10664 3881 8885 9500 1302 5174 9508
5958,13958 4305 4776 4946 3479 2118 11298 2244 7190 12712
5959,15026 13832 6620 2301 8409 14281 14522 2108 637 8227
5960,6944 6623 6349 1713 11780 6476 13597 716 9805 6485
5961,1212 4201 9248 1282 661 795 2457 5545 10471 580
5962,2200 6468 7385 7832 3597 10893 1206 6969 46 8142
5963,710 11355 4358 1896 1222 7936 1938 10323 1837 13358
5964,2532 9164 1190 2516 9906 2553 9924 9927 7758 2026
5965,49 7346 8874 1374 9685 9340 2528 5753 9281 5749
5966,6178 4128 6176 2307 10607 793 2107 4496 11194 11082
5967,13380 4037 5449 9194 8848 12914 4039 1135 7819 11808
5968,8215 13072 2662 8392 8214 1635 8216 12366 7444 8213
5969,1205 12776 342 11864 9142 11609 6981 14602 8199 4558
5970,4201 6999 10418 12862 6047 7338 3104 5553 141 15125
5971,9443 7430 8700 3993 7364 10304 5481 9370 8701 7359
5972,2342 2588 1282 631 2352 2345 8280 476 8192 1213
5973,13388 9610 4153 3063 11126 15215 14988 14993 3051 3061
5974,5580 2277 711 1346 11654 5372 2278 466 7929 10436
5975,15027 12227 11385 12935 14791 7754 14750 9289 7077 10819
5976,15029 15028 10382 10383 8591 494 466 2711 14163 9200
5977,13312 4350 9519 10491 2200 1850 10249 14284 7917 383
5978,12507 15030 8480 12130 7295 12510 9340 4302 12503 12506
5979,14811 6325 15032 14812 406 14054 12502 5299 10494 4095
5980,15033 10394 6663 11946 3130 13122 350 8217 3918 11971
5981,1001 4138 6847 10072 10355 5686 8159 7215 6805 10199
5982,1317 4687 2719 2987 10494 3684 4688 9886 3083 4132
5983,14321 7719 4884 4392 3236 12410 14252 3988 3305 2483
5984,12939 4068 14313 11265 7940 11264 13889 6188 2627 1691
5985,12748 10353 10351 11219 641 10354 8997 15120 11218 6537
5986,13777 13610 13778 7138 13779 14109 12389 14177 13776 3491
5987,2820 2742 1165 2822 12426 13562 2815 13202 11878 12007
5988,2820 13960 10207 13007 14150 13259 15035 12426 1326 13717
5989,3465 1168 12007 12744 12008 2820 1167 11109 12006 13200
5990,2820 14712 3464 1323 1166 12426 14084 2815 1165 13661
5991,2820 12426 10206 1165 14879 14324 4330 1323 10207 2815
5992,2820 12426 13672 1535 12746 1525 1165 2744 2741 4330
5993,6360 1357 1011 9851 10192 2371 11347 11808 12075 4139
5994,14363 1145 14440 13237 1146 11350 1136 2096 11891 8741
5995,3406 10888 96 3790 6201 2555 130 7780 5308 10539
5996,1011 5687 9534 7427 10199 7057 6806 7554 5447 1010
5997,512 5312 90 3223 662 8451 510 5059 1449 478
5998,3365 499 12916 470 2224 1642 6702 768 2231 6127
5999,248 8888 12176 244 8986 250 238 246 10062 201
6000,6094 10529 12984 9894 6130 10131 11493 5650 707 10128
6001,10059 9533 15036 6129 7630 8986 11098 12823 12278 14154
6002,6471 182 3310 9530 10300 2448 9314 634 6027 1656
6003,10092 13593 3393 11270 9936 13591 15242 421 3392 7334
6004,15038 12842 7393 12027 8761 7908 1740 4790 6282 14155
6005,6375 5186 11139 4406 9441 5622 794 169 1646 462
6006,7552 8553 3543 9171 4139 13677 12730 13676 7062 6858
6007,12656 8982 6805 10627 9084 10994 1011 10355 12376 7554
6008,5791 8307 27 9252 715 5750 3035 363 5792 10230
6009,4179 5155 4496 1835 1504 3199 8349 1478 8522 8970
6010,13923 4020 708 8429 10694 7442 7391 705 8600 8098
6011,15040 15039 14282 12759 10471 6149 6152 3104 2773 7995
6012,383 12848 7913 1301 11289 9295 7987 3983 11354 5725
6013,3367 10891 2575 8422 5541 161 166 9467 12105 5655
6014,11735 46 5462 197 4220 10671 885 2225 11903 1787
6015,10258 4132 15041 14682 1704 5688 5854 6447 11074 1774
6016,4516 13452 14127 2742 2820 1165 13701 13235 14084 13248
6017,5199 3847 5901 10154 2859 3849 13634 10157 15125 5201
6018,4424 14163 12031 53 0 12020 771 100 14604 14210
6019,2579 47 2504 10017 2583 8504 11976 87 4853 2555
6020,13905 1302 9495 13998 13904 14684 4670 426 1300 1299
6021,771 14849 9223 11920 8189 14210 2505 4424 14430 6902
6022,1475 8889 8892 8894 1535 11880 11583 8893 12671 4591
6023,15042 1536 12559 10883 6015 15043 6016 10893 15021 9159
6024,14844 6933 13008 936 1475 6938 10731 5403 3133 13039
6025,11718 11440 14851 14560 10776 13015 1368 11045 3021 13134
6026,1641 420 1814 6382 11658 2645 11574 149 3217 5577
6027,4660 4663 11368 11370 4653 2804 4657 4650 4655 11369
6028,9249 9372 3304 6489 5374 3821 2015 6487 5363 7852
6029,8104 10901 3394 14358 9814 14357 14254 10900 10520 250
6030,15044 14280 10667 372 12741 8768 12307 5026 14891 12385
6031,14163 14307 15233 14866 3021 10715 12427 8999 12513 15274
6032,323 176 8287 7420 1452 4821 6374 514 2448 1564
6033,12752 15046 6400 14541 467 11406 13124 6312 6463 11361
6034,1351 14089 5858 1350 10390 10715 740 15273 15274 242
6035,1539 4028 2283 1784 14484 12538 14482 5259 2279 1541
6036,4413 6360 11347 4605 9851 2371 8164 4133 13683 10994
6037,2741 11881 12425 2744 2820 2742 12426 7395 13344 2743
6038,14752 10560 7264 14352 2635 2634 13643 13642 12439 5941
6039,13486 13084 11545 11380 11543 783 2792 8759 646 12619
6040,11528 1011 7366 5535 4037 1317 1135 7427 10073 7057
6041,3717 5116 314 9934 16 3138 5940 659 3155 421
6042,1354 1355 1357 1829 2378 2369 4141 9235 1356 9851
6043,14636 10968 2309 11550 3765 5561 9127 13411 3176 6381
6044,560 11231 9786 13723 11788 11284 10280 10064 8162 13238
6045,4514 3464 11121 14799 3465 13349 6992 1166 1529 1532
6046,9784 14803 11111 12070 4791 11122 6866 4329 14408 6941
6047,4642 4643 5565 4644 5566 4647 4659 4658 9083 4646
6048,12283 12284 3914 4160 3912 3927 2298 4155 988 4156
6049,8846 12435 12244 12436 3015 8722 6025 4957 9911 6898
6050,15047 12250 9984 13704 6349 3424 716 2438 11648 1662
6051,1721 4407 1776 7215 10246 2881 3080 11891 5686 12376
6052,3020 6034 6968 6832 7044 3518 8452 1584 6022 1460
6053,3957 1512 1292 1092 3968 3970 3228 3969 3967 559
6054,2799 4344 4906 5362 3826 6302 5838 7279 6301 2697
6055,9390 5076 9048 5079 11865 11866 7516 1460 10594 5082
6056,2225 6378 8198 2249 9800 2247 3161 15082 208 10176
6057,2488 11970 4344 7321 4916 5820 4342 3359 6199 2216
6058,15048 14151 12783 12506 15030 9244 5818 5188 2109 10758
6059,2962 10657 14878 2959 3553 7767 5818 4915 10291 383
6060,15049 4596 7065 1709 10716 3667 6360 8159 4072 1726
6061,4117 4116 11673 4118 11707 15050 4120 11677 203 13226
6062,9784 6990 6995 11108 5190 11122 11111 2820 9788 2741
6063,6908 11954 1960 4370 3160 10018 12514 9924 6899 1334
6064,7740 9805 905 3423 6228 10322 7487 12566 5157 904
6065,13047 15051 8023 15241 15168 12508 15119 8027 4537 8130
6066,9880 4589 9879 12946 966 15052 12943 7655 2196 15053
6067,15052 12946 12943 7655 15053 9880 1540 12944 8263 4589
6068,586 6391 6402 7961 10439 4843 4355 3881 7869 9053
6069,6065 13948 11634 6109 9847 15022 11633 10798 12157 2096
6070,6322 3148 3383 5078 5812 10660 15222 7798 5816 4915
6071,6095 13080 13823 13078 13079 12831 5625 13074 11941 12899
6072,13342 2402 5607 6789 8408 4577 10259 12797 2834 13018
6073,1537 3025 10066 10182 10223 1539 10222 2922 1541 3393
6074,1641 5011 5414 5730 2126 7921 3195 9166 420 7181
6075,15055 2990 3678 668 887 4167 1979 864 3682 4779
6076,1404 14265 2117 12197 11293 169 5719 5167 4861 13546
6077,4718 11036 8690 4713 4719 13383 10564 891 9575 11035
6078,12480 7843 2015 3838 5336 911 7842 11367 7844 10900
6079,11368 11370 4660 4663 11369 4653 2804 4662 4655 4650
6080,10383 10382 8591 2325 117 3178 13174 9311 10551 9310
6081,625 8239 13517 14585 9067 11460 14475 3020 5552 14713
6082,13647 13673 149 708 9961 12333 12659 9077 14956 2448
6083,14163 13919 3021 8999 14866 58 15233 14929 13388 91
6084,10920 1666 4757 425 11643 9000 944 14526 11960 7696
6085,14713 14585 15057 4816 7223 11460 13390 11662 4591 7723
6086,11391 9367 3503 12800 10263 2659 1044 9 11390 10659
6087,7014 9412 7015 9406 14545 9307 13282 3486 15106 13556
6088,15058 2865 271 9695 13846 13845 3088 1942 7166 13425
6089,13682 10095 2869 9407 14616 9410 14582 2374 13684 3483
6090,8702 4805 14220 8701 8700 1028 9655 347 821 1494
6091,15059 1394 13930 15168 699 6855 15119 5904 13000 6118
6092,3057 3058 15062 15061 15001 3056 3054 3059 8369 3053
6093,14306 12206 1858 15195 11126 6106 15248 13388 13897 13896
6094,14891 10667 14910 15044 14280 8581 15009 372 12065 12307
6095,3405 771 9024 11920 8411 12201 15064 5818 14849 3796
6096,3801 14961 12324 13943 14441 7699 14563 8421 14960 14848
6097,12574 5678 14606 14887 12134 1880 5676 14971 14304 5662
6098,15065 14550 14619 14092 15184 618 4841 1436 14081 14865
6099,11125 10053 9777 101 14240 10014 11124 15067 15066 9009
6100,14163 9300 15233 14866 8999 3021 14307 14566 14543 10715
6101,8241 3903 10173 6592 5540 2021 2764 7452 8798 5586
6102,8474 52 10715 14875 14100 2203 15274 11313 76 3019
6103,14951 8999 9054 4162 9472 14166 14950 14555 14929 10615
6104,14209 14596 3153 14213 14458 11043 13680 14595 14286 15188
6105,14088 12513 14558 6521 12427 93 9055 14930 9052 14868
6106,13517 625 5507 9067 14475 14585 5552 1993 611 3020
6107,12338 7937 14508 14860 15177 12339 2273 6303 1847 2263
6108,7177 2084 7134 4423 12711 2083 3022 9113 15002 7116
6109,13899 12134 11019 14696 14697 10121 7688 14887 12574 14976
6110,14854 8408 13018 14526 10484 7381 14970 7170 14329 6270
6111,176 2448 9299 3711 1452 1646 182 5538 488 7723
6112,5140 328 12819 3587 12868 5313 6474 876 578 3585
6113,14958 15070 13627 14652 14957 15187 8897 14465 6984 3720
6114,11195 8560 12782 11695 6407 11696 11698 9675 4084 581
6115,232 2829 229 11299 10153 11292 7195 10485 14175 231
6116,6869 14473 13429 11299 8560 11847 14096 10153 6316 6306
6117,3841 13526 8256 13056 11884 14566 14543 13910 4523 13705
6118,5674 1907 10565 12387 14531 11894 5675 11354 12391 1908
6119,14450 5599 3656 3654 13211 7450 11762 7449 9376 11388
6120,8871 14240 11124 2324 6411 13933 8500 11125 287 14535
6121,14620 7002 11563 8690 12811 12689 15072 1500 13949 15184
6122,2986 74 541 8561 5415 8979 3031 94 10026 10225
6123,15075 15074 12017 14092 7898 6881 14564 740 8992 10171
6124,11459 12178 6596 9262 4 6374 8287 2798 1452 794
6125,10483 10559 9060 12512 4417 8969 1949 1865 13847 276
6126,13369 15076 14792 9227 15072 786 12013 3576 7131 7622
6127,14255 8095 1886 3561 7962 13929 4564 9759 8096 2015
6128,2781 13560 2938 11993 1206 3931 8857 4237 8955 8768
6129,13917 11096 14780 8901 14515 12203 13780 10978 14233 12171
6130,12549 7433 5928 11934 5028 749 3362 769 5087 10652
6131,46 9683 2277 14400 12205 6002 14514 4965 11672 1346
6132,14080 15287 14605 14604 8802 9821 8310 3374 5210 7324
6133,5330 5329 14022 1882 5328 5327 13531 3482 9022 13256
6134,15077 14781 9573 7240 13019 14066 9575 14795 6971 6027
6135,10888 2499 10539 12052 12995 2502 12005 9168 4969 7726
6136,11654 6543 14227 6495 7012 6505 6494 13180 6544 6679
6137,14631 12290 12293 12289 12292 12291 12675 13381 12673 12674
6138,2089 8087 12613 12277 14371 13969 1637 9566 8101 14042
6139,11836 8196 12852 9251 6418 12983 7519 12331 345 649
6140,15078 3214 14621 2519 8480 10657 3891 7495 10291 27
6141,15013 3055 101 15002 14578 15270 8050 4426 3060 14993
6142,2086 8921 11003 2093 14744 1173 12492 8687 11004 11039
6143,12328 11247 11246 14664 11210 645 4641 4594 5563 11687
6144,14307 1351 14163 10715 15273 15274 52 14703 10171 476
6145,14612 91 14559 15079 14866 14865 14867 14163 1368 14823
6146,2607 7960 10134 9092 7961 2929 10231 10233 2059 3725
6147,13388 12689 11126 13937 3063 14493 9610 8587 10715 15088
6148,10696 13945 14775 4654 2717 14467 11716 9077 13019 6796
6149,3691 6812 5823 14128 2230 383 8176 2962 10653 2959
6150,15013 14578 101 15270 15002 3055 611 4426 14993 3060
6151,14223 10121 14106 6346 14160 8737 13899 6614 14159 1937
6152,794 12386 12388 12387 3222 2448 795 8287 7043 1450
6153,12388 2828 12387 9343 12386 14845 8458 1311 9523 9526
6154,14703 200 14702 207 10715 106 2204 7020 8376 3021
6155,15081 14840 3061 3062 14993 3060 14988 14989 14990 14991
6156,13527 10918 1886 8663 12104 1883 5634 12993 12998 13399
6157,3441 4215 6964 1648 6366 4231 8578 698 4244 3791
6158,3548 8666 656 15182 2598 14957 13208 15149 8611 14067
6159,11398 13637 4238 6610 10839 7632 13636 3712 4235 3710
6160,692 15082 15083 8198 11366 14136 11405 8250 693 14491
6161,13215 14721 13838 13214 691 14720 13213 12340 13895 9718
6162,14826 15060 13414 15134 14827 15063 14320 15028 14825 13587
6163,12134 14696 14697 13899 14887 12574 14976 1754 12850 14886
6164,14689 6836 5595 14543 10384 4349 8272 630 14688 12065
6165,58 14742 8050 11126 14980 12784 14604 14334 92 79
6166,6099 6101 8757 12274 12182 8212 2613 9813 13996 14665
6167,9054 14555 13587 14296 7124 15079 13940 14850 91 14306
6168,1456 14120 14299 3701 8975 2773 10305 3473 1233 8775
6169,2103 182 7723 2107 2949 2748 580 15113 11461 12244
6170,798 12463 713 12055 10053 5879 8190 3219 805 795
6171,15085 7440 1028 12313 1238 8508 6094 7669 14720 223
6172,5452 6558 4973 2653 11733 1304 2296 11665 1300 3411
6173,12966 10637 6881 3821 10339 8007 15006 5376 625 9207
6174,6785 8081 7170 12566 5353 6244 6541 6240 12564 13365
6175,15086 13538 9214 14213 12653 15169 13050 644 13642 3119
6176,794 1553 9319 12983 7223 383 8483 11653 15056 518
6177,14396 14268 4576 15107 1732 5226 651 1572 170 14278
6178,9056 8588 14430 8581 15072 13977 8579 12689 3037 14210
6179,1533 8904 1532 13329 14324 11112 1531 2743 4515 4330
6180,859 2317 11196 749 9947 8184 6051 2462 10424 5528
6181,11157 7393 5850 12027 5746 5747 15038 12842 8312 8098
6182,12828 11709 6613 12371 13577 12950 14949 12373 10868 1893
6183,7380 14215 11073 13771 13767 5235 14506 14890 7259 14792
6184,7648 14039 12719 11610 2839 12520 7889 10253 4700 7528
6185,2133 2774 6826 3217 6255 10446 4 2779 8457 2001
6186,8999 10798 11632 12237 7572 6065 10508 3504 11529 45
6187,6329 4265 8960 5180 7141 413 7857 1523 9789 9707
6188,14482 4028 6270 8340 14484 14329 14854 6196 5606 13025
6189,11405 11402 14136 11403 692 14512 11404 14208 13182 13286
6190,4700 4963 12385 6487 4752 6497 4962 4699 7889 6493
6191,405 13932 1323 6415 2820 12426 14122 1535 11755 1165
6192,9964 14858 7663 12247 7163 1018 14528 11786 9965 7667
6193,8376 2204 14703 14100 10715 14702 3021 11378 2031 14307
6194,13556 14764 15016 3006 5058 962 963 14762 3486 12632
6195,478 5438 15088 1004 14548 651 1069 476 3104 176
6196,15089 14398 352 10695 12276 6268 6276 11654 14200 8102
6197,10281 9071 688 11272 2911 1252 3627 3811 2896 10691
6198,1752 2240 2930 1747 3043 12667 14227 5132 2278 10337
6199,2556 11480 12087 2153 2522 3179 10020 5574 2033 2544
6200,14180 5430 12843 8362 14196 14330 13055 2614 13423 13651
6201,4840 14416 13813 11284 13144 14074 11470 538 14262 13613
6202,15090 5747 4705 5746 11157 8700 12265 10456 4706 4701
6203,12820 528 13315 10880 12821 14805 14330 4836 11555 5998
6204,2820 1167 1532 2614 12007 13200 2742 2365 9784 1165
6205,2742 5998 2614 2820 1165 13327 1323 2741 405 6001
6206,13244 1535 1528 6000 13128 13248 405 2820 12426 12509
6207,405 1535 2820 14084 1166 12426 2815 1323 1165 2814
6208,13628 13271 13650 404 1165 6000 13574 12426 2820 13576
6209,2820 12426 1323 6001 2742 405 1165 2741 13931 404
6210,1880 177 13129 7923 5308 2549 4302 6868 11739 10965
6211,13422 6326 12502 6867 9791 1166 406 3464 14812 12825
6212,14375 14374 14376 15093 2365 9784 13440 9787 15271 9788
6213,3464 1166 2815 2820 14712 1529 8904 2814 9791 404
6214,2820 13187 2614 1166 12426 3464 2742 1165 13248 1323
6215,12826 12475 403 13345 14122 12426 405 2820 404 1532
6216,1166 3464 11052 13731 2820 14712 3463 404 2742 6867
6217,14015 13562 13005 13346 8730 13186 1323 2820 12426 405
6218,14408 12502 11123 14811 14812 15032 13422 6325 406 6867
6219,6867 1166 13422 3464 9791 404 14712 2820 403 15091
6220,2815 9784 2820 2742 12742 1532 2741 11112 13344 3465
6221,15091 9792 14812 15032 14811 12502 6325 5299 404 9793
6222,405 13562 1323 12426 2820 14807 13334 404 1165 6001
6223,14655 14029 15091 15032 14812 14309 14811 14335 6325 12825
6224,14562 5998 11955 2614 13327 3465 2742 1323 13201 13349
6225,2742 1165 12426 2820 13327 1166 2741 2743 1323 1535
6226,13625 1166 1535 4330 1165 404 2814 12426 1532 2820
6227,15093 2365 14374 9784 14375 14376 1532 2820 12534 1325
6228,2742 14327 1532 13423 2820 11524 13651 2741 2614 13672
6229,2742 2822 5998 2815 2820 14881 2614 13202 13201 11878
6230,13731 3463 11052 3464 1324 2744 2741 1166 1165 1325
6231,12426 2820 13248 6351 1166 1165 13334 404 14599 13188
6232,1323 14183 14662 2820 405 12426 4711 15097 14877 15210
6233,1532 2365 11112 15093 8904 13188 15257 2820 8835 2741
6234,2820 1530 1330 1535 12743 12426 1323 1525 405 11052
6235,1533 13932 13660 13186 8402 13700 12426 14309 13203 11109
6236,2742 2820 2744 4515 1165 1535 12426 1166 1323 2741
6237,362 13562 13959 1532 9791 405 11121 3465 12426 404
6238,405 2744 2742 1323 4515 2820 12426 1165 1535 3465
6239,13671 3464 2814 1529 4514 1166 8731 15095 2820 1165
6240,13339 5344 6350 3465 2614 7686 12425 10207 14016 2820
6241,3465 15097 13320 2820 6417 13855 8869 4516 2815 12745
6242,5998 1339 6991 1534 13561 11112 2614 8834 13319 14599
6243,14655 6353 14335 14029 14309 15091 14336 2815 15032 4516
6244,2614 12425 13339 6350 5998 3465 10207 2815 1532 2820
6245,2741 2614 2742 12425 1532 7395 2744 11879 13672 1165
6246,13806 13807 2951 13804 13805 3333 14493 14839 2756 477
6247,1532 1165 11112 8835 2820 2741 15257 2742 8904 13188
6248,8907 4330 4516 4515 2820 1532 3464 2741 1165 1533
6249,12426 2820 13188 11418 2364 4330 9786 1529 13189 1165
6250,2820 11899 408 2614 1532 1165 12426 2814 2742 1529
6251,6989 14150 404 1166 2820 13960 1532 13701 13059 13931
6252,2741 8907 11898 6994 1526 7395 12426 8904 12425 1165
6253,2742 1165 2741 2743 2820 13327 12994 2744 12426 1323
6254,2741 6994 11898 8907 7395 13189 12426 4330 11112 1165
6255,1381 10790 6109 4315 10876 2309 10878 8811 3971 10454
6256,6923 14446 11782 2498 15098 14890 1557 4290 13117 11689
6257,5359 14120 14674 8775 942 807 1106 3910 3745 11670
6258,6162 1874 1844 13070 7934 14588 12432 9810 2627 13887
6259,6069 11620 1912 10254 7571 11414 11413 10024 11249 11412
6260,12494 14000 11011 947 13552 14388 1999 1658 3334 9144
6261,10868 13004 11153 6613 14090 13046 1669 9205 5970 13971
6262,10184 13765 6090 14134 7878 8532 14135 12925 12947 8318
6263,13482 13452 2614 14657 8869 4516 2820 2742 13320 15097
6264,8647 11780 4459 8612 7796 9395 3086 7481 9394 11781
6265,1133 12559 10866 9287 9288 10883 3040 8486 4550 2670
6266,10376 10377 9712 12924 7764 10378 743 5111 10379 10380
6267,9547 11537 9666 1141 9548 1144 2881 1135 4598 11808
6268,1684 286 10417 816 4285 478 10818 978 3732 13514
6269,15099 4755 968 5728 10838 14582 8038 959 952 981
6270,14546 10911 14762 4450 7014 13212 11571 2009 7015 4448
6271,12934 12332 6432 15027 10461 8159 6847 10355 11808 1010
6272,1018 7474 1226 1117 7663 7664 10714 8650 14528 7667
6273,4605 8164 4133 4135 15238 1721 9751 2617 7072 8151
6274,14226 9249 14225 2887 14464 5673 10489 11120 14663 8477
6275,12611 14182 13103 267 1748 7827 6842 13647 13368 9961
6276,1011 2874 1861 13483 7554 4132 7057 1010 5687 5849
6277,4599 9851 2014 1010 7554 11347 11808 13111 2869 7818
6278,14729 3602 5273 14091 6909 8326 13004 10169 15192 7455
6279,10519 2946 7018 13142 2418 12959 5287 6884 12889 1590
6280,13238 560 4523 6548 14170 7253 13605 7628 9658 11642
6281,14342 6782 8555 9233 13459 2438 5157 5716 13880 4068
6282,14237 13070 6163 12765 6228 6225 12229 2627 7940 4068
6283,9807 900 3878 6251 7934 9661 12025 2439 9104 13391
6284,1847 1268 6174 7948 6240 13880 7106 4851 7947 1592
6285,14533 13770 11908 1126 14006 13841 8032 10490 4458 14626
6286,13961 1700 14146 2008 6183 8114 7940 13893 4068 1846
6287,21 12196 13479 626 24 13418 23 20 7953 22
6288,14731 6168 6240 8136 12748 6479 11219 10870 9104 8057
6289,12432 8144 1844 6781 7938 7940 11648 6162 9806 12588
6290,13285 127 7302 133 1836 12037 3577 292 10331 6482
6291,8516 13782 3862 7745 230 8057 11656 4223 10119 1691
6292,1532 11418 2820 11112 13188 2742 2741 8904 13344 13329
6293,10029 8590 6548 4357 8589 13238 6549 10881 8574 9365
6294,5895 13184 14091 5896 4964 9228 4073 13535 1697 4753
6295,3947 7394 9183 11273 3642 12231 9618 12233 9363 7439
6296,14001 14182 7660 13537 6669 4368 14172 266 13103 14207
6297,15101 11996 13665 11785 11995 15238 4740 13685 11998 12000
6298,8335 10441 12576 3878 2438 5385 14645 1655 2439 6253
6299,9795 15102 12500 10041 13441 12534 4329 12501 8809 13082
6300,14353 7401 7571 7242 4948 11568 7253 7347 4447 6724
6301,4035 10073 1011 14745 11420 4037 10072 4036 10071 8645
6302,13692 9803 7571 10257 6537 13688 13689 12223 13034 13687
6303,11387 12077 13519 12080 12917 4132 4687 12071 6556 4688
6304,7702 13556 11613 12147 11612 11614 7701 14764 10911 13557
6305,14085 10986 13725 12486 1560 14086 1561 266 14040 14446
6306,13585 14672 7630 10435 3044 1751 1752 3043 2560 13488
6307,2820 2742 1165 1166 2614 12426 3465 6000 405 14084
6308,10282 3092 3093 1257 10284 5731 5167 1439 4558 7460
6309,15104 15105 15159 1473 1471 10654 13108 13438 7857 8467
6310,10941 6486 14057 13697 9683 9199 10951 10947 10937 11190
6311,2869 1002 1145 1001 2881 1708 6447 1010 10994 1146
6312,9194 7217 4060 7065 3001 8848 11347 6363 8982 1775
6313,11025 5129 2885 1772 4285 10807 9969 10988 5667 14072
6314,12802 4387 6066 1011 12798 12795 12801 12799 12804 12794
6315,1354 2378 1357 1829 1355 6360 2369 11347 9851 9235
6316,5673 14459 1003 11120 4430 13878 2869 12551 13852 3668
6317,8476 11703 11002 2378 6550 2869 8166 12297 10191 3083
6318,8210 13728 7754 11019 13729 14666 13077 5413 8649 14667
6319,10365 9236 2014 10366 4141 1357 2378 1354 1011 5671
6320,6526 8181 11469 3676 3533 6530 2313 6413 8344 4559
6321,14740 9510 5363 10625 14721 1527 12286 3197 15034 8226
6322,11054 4752 7623 12568 13105 15202 12717 15171 4754 15164
6323,13105 12717 370 13741 11117 2592 13668 576 323 344
6324,12719 13171 13795 12499 13600 13794 2839 11610 7648 13766
6325,4672 10488 13793 11248 13848 14229 4671 13280 11163 12527
6326,4605 4135 8164 4133 7072 2617 2875 7071 1010 4139
6327,8541 9748 9747 11799 9746 8540 11537 11797 11800 4401
6328,13766 14115 13600 12719 4360 13253 14116 13358 2909 383
6329,4138 1354 2371 2375 1357 4137 10355 1719 12929 2373
6330,2725 10892 7539 6764 14118 1809 10251 6057 8676 14501
6331,5007 5006 5005 5008 5009 5010 10692 11909 939 7592
6332,13567 5452 14057 6333 2296 9085 5615 10432 2653 10943
6333,12565 12470 7408 14739 1127 4700 14311 13741 14708 7888
6334,14764 2881 8296 7014 14762 13212 13556 14546 11273 15156
6335,8844 574 5793 102 565 573 566 564 571 6227
6336,102 7960 3197 2023 12221 11477 2607 10239 14055 10332
6337,15107 4576 14396 4587 4586 967 9895 1875 4087 1336
6338,10786 1672 14070 9053 10435 4787 3886 5897 2149 1313
6339,12253 383 12311 8386 12091 8380 9026 14077 1303 12184
6340,14475 14162 6596 1993 6576 9263 625 9296 11960 2311
6341,1367 514 8621 11185 3055 15276 7121 7134 91 2085
6342,7441 12975 5304 150 4900 5820 2804 3524 164 4640
6343,10037 12617 12293 12290 12289 13381 10038 8759 14777 14066
6344,4655 4657 11369 2804 4656 4653 4660 13022 9361 11370
6345,2093 9470 9473 2086 2092 2091 9658 6347 1578 2090
6346,2093 2086 6347 2092 10086 2091 11003 1578 2090 11004
6347,1998 12949 1996 3572 13065 3573 3571 1997 14600 8629
6348,11038 9202 12565 13999 2899 12971 12470 6618 7351 7349
6349,15108 14790 13257 14276 14777 13810 7444 8592 9079 13817
6350,13721 13811 11714 13812 13810 13815 12992 3010 8629 13816
6351,6136 7309 13003 7563 9358 8899 7557 13703 2787 7562
6352,1884 13703 13246 12647 13247 12997 1885 1955 5407 13432
6353,5364 6334 5374 14918 14919 6115 5375 2953 5378 2015
6354,6303 2273 12339 2263 12338 6467 7248 8690 7230 8578
6355,15109 3716 3784 6111 10084 9004 8636 14381 10081 14145
6356,12274 12182 8757 12275 1956 14772 6101 2805 13996 6099
6357,14031 13432 13433 9760 13532 10918 14809 12172 12997 9763
6358,4056 2663 3572 8214 12949 1996 1997 4059 1998 3566
6359,14381 8617 15109 6128 6003 9430 14035 12870 12093 2597
6360,9759 8096 8095 4565 13 13382 15 13307 12 11
6361,14381 8617 12870 15109 12871 6128 6003 14035 9430 2597
6362,9027 14428 8560 3233 9494 11165 6306 11198 158 147
6363,4651 3451 12740 3448 14257 4665 3447 7739 3450 4647
6364,13944 2663 12183 12544 12977 4056 13817 1635 8215 12616
6365,10259 11261 12410 14416 12412 12416 12408 12411 12415 12414
6366,12949 14600 1996 1997 8629 11191 12092 10083 15110 8216
6367,3804 6852 13904 14061 14059 14060 3806 3805 12740 3808
6368,14919 14918 14916 14032 14917 6334 7351 12227 10725 14796
6369,10872 13461 9027 14779 14516 10874 10873 12616 6140 12615
6370,12069 3712 13063 25 8899 14796 9571 4238 3710 4235
6371,15112 12877 11184 15215 8999 11058 7116 3057 7132 7134
6372,15113 13071 6577 2311 7723 7225 580 4816 14261 11760
6373,14388 14706 12494 7700 14456 14455 14950 14960 14951 8421
6374,3222 4762 6198 612 794 3596 170 1450 9781 216
6375,14900 6874 1956 5116 8288 4877 8293 13609 1296 185
6376,15115 15116 15117 15245 8708 15137 13594 15138 10287 2626
6377,4217 1247 5758 8918 2761 453 4223 1248 249 795
6378,15118 12668 1396 4426 7835 11671 14108 12515 5722 10424
6379,1489 1488 14396 14278 13848 14937 14891 8572 1490 1485
6380,10215 14320 10745 14306 6146 5971 10120 12166 7898 10369
6381,14582 10095 13682 13737 10798 14458 13685 9407 4755 11186
6382,9350 11631 14607 6792 4057 9012 4058 12179 3365 4645
6383,7993 8140 14436 8860 5365 14834 14833 10391 11809 12412
6384,4180 3791 363 1797 7504 1977 770 6516 3100 3574
6385,6522 6523 5044 15269 9924 3309 5642 9164 9929 9587
6386,13435 12233 8852 8533 12359 9147 1686 2152 2137 3404
6387,4451 14228 14434 11630 11631 9660 13074 11901 6746 9993
6388,6701 4031 8201 3367 3167 12097 3860 12102 5056 6828
6389,14307 15074 10171 4191 11914 7579 1204 7050 15075 2211
6390,7145 13364 11317 3050 2689 14661 7143 9267 10717 1069
6391,15120 12748 10701 11219 14153 11218 10353 8057 13834 6537
6392,10558 11873 8322 881 12708 2867 3805 2912 5985 8321
6393,4985 4348 10675 7326 4900 8246 4897 1871 9348 1890
6394,7344 3811 1796 698 7347 1452 8457 14928 485 11706
6395,15124 15122 15121 15123 692 12995 3795 6563 2909 3756
6396,2380 9853 2379 12238 11347 2375 12240 2372 7064 1354
6397,14095 12973 14013 10050 11856 4731 11249 12972 14522 8178
6398,9810 1665 5385 11908 2438 9809 2979 10441 13887 8335
6399,14776 7796 3878 2439 6251 4971 12208 11475 6187 12938
6400,9128 8041 8885 1119 1122 8024 8029 14050 1947 13673
6401,12361 5063 11681 4503 3936 4769 12053 9974 1390 4490
6402,12043 879 1804 1217 5325 2672 9066 2133 894 3033
6403,4424 12031 53 14163 2951 4432 771 4429 5929 0
6404,13716 13879 13131 9895 13374 9892 13375 13231 13376 29
6405,2614 5571 6940 8761 7333 8489 529 7334 5998 12227
6406,3266 1499 1047 8403 1901 871 6317 879 3267 868
6407,13821 3561 6137 13820 1886 9575 12963 14255 10086 13822
6408,10369 5552 9007 4238 14707 1491 11174 611 801 1966
6409,12742 1166 1535 5194 13623 2820 1165 6004 407 2814
6410,14944 13521 8428 14942 14909 14908 13520 14972 14705 14068
6411,7611 5074 209 6961 10645 4422 2987 6963 2686 9947
6412,11366 14477 13885 14486 5267 692 14913 5266 14485 14479
6413,618 15065 612 287 3200 2027 12052 626 10018 3471
6414,4909 12593 9566 13462 8100 3330 12649 158 130 11706
6415,14986 15246 258 12568 14483 8027 14997 9190 1736 3064
6416,4424 11147 12031 53 14163 4432 2951 4429 771 0
6417,9308 7147 4311 9406 9302 4132 6356 4314 14545 14445
6418,9111 11209 12649 9110 11210 12625 12624 14787 4594 4652
6419,15125 5198 2982 5201 5200 14911 14403 8519 6094 5920
6420,5358 13643 5338 12439 14754 13642 8398 7682 11888 1621
6421,5896 4964 4754 15060 4073 9228 5895 5325 4753 4752
6422,9311 9310 9585 9924 5574 9312 12517 13412 12713 9586
6423,14893 3811 4871 4961 11353 4960 4267 1189 7963 2830
6424,12877 11126 15247 14519 15112 13388 15011 14578 12876 1367
6425,15060 14570 15063 15028 15134 13414 4754 101 14826 4964
6426,26 7992 2340 7137 2117 11082 4255 1053 8224 8693
6427,2201 14504 715 13805 15072 7904 2457 12668 5140 2415
6428,11787 15126 2881 14225 9852 13982 4133 4036 6364 13683
6429,15127 6327 6331 7782 12090 12089 6844 2059 1761 12200
6430,836 7462 138 6833 7929 2033 464 5580 476 9711
6431,9306 4757 11462 9299 5552 14526 11460 1206 9319 13805
6432,12546 10111 10210 8427 15128 5882 8695 1183 8921 4798
6433,5929 15129 8735 8736 8734 8739 8733 14471 14217 8738
6434,13252 9232 9233 13255 15131 14340 12693 13253 1788 1789
6435,625 13517 3407 9067 14475 14585 5552 1993 3020 9296
6436,7399 2139 4237 9064 8450 1807 6999 5523 458 7437
6437,9126 13548 12653 14521 11783 14117 11884 13024 8613 9713
6438,13889 9810 2627 13070 11177 9806 4069 1665 7651 9809
6439,611 5 4020 12032 12093 8324 1128 14962 10249 13936
6440,2319 516 11235 243 14952 432 926 3811 466 1442
6441,4688 4132 4687 11537 9757 3083 1317 9753 8540 12071
6442,12298 14971 14497 13885 5678 14903 5216 12850 14606 4861
6443,11120 10622 8141 11173 5673 780 2342 8671 792 8118
6444,9393 7796 13404 11358 1119 9392 4971 11359 5244 11357
6445,4363 12877 7120 137 7113 81 8494 6572 91 6990
6446,3017 14743 406 11255 3210 13366 13741 14040 14811 2138
6447,9055 13587 13940 14555 9054 3019 14306 14088 91 14552
6448,8873 14997 14718 14827 8874 14986 12875 5037 8780 611
6449,14299 10042 571 10904 14926 14910 2595 566 15009 565
6450,13430 14714 5107 14707 14471 3055 5929 14706 7109 3805
6451,13957 10746 15179 3437 15022 2096 2856 9115 6292 6065
6452,14555 13587 91 14306 14865 9055 15184 14930 14850 7124
6453,14142 15132 11167 14674 14470 11217 13831 780 12383 8577
6454,13999 15133 12991 9202 9100 9798 10429 6618 10428 9797
6455,5783 10255 5781 5782 1253 5917 2287 14064 1845 13998
6456,15134 15064 15060 8999 92 14826 53 6200 8587 8569
6457,8999 14826 15134 14670 53 15148 15215 7135 54 14988
6458,12134 14886 1518 14696 14697 13899 12574 14887 14976 1754
6459,14930 13937 1385 6902 14929 14427 12513 2498 91 5545
6460,14196 8108 5430 13409 2669 8110 3171 12905 1785 14590
6461,15137 2626 15138 15136 15140 15116 10287 15117 15139 15135
6462,15143 15140 12469 15142 15139 10481 14855 2626 15141 8708
6463,9826 3859 6785 230 1269 2982 14064 12566 6171 10867
6464,6415 2958 7249 10277 13729 12380 6416 5570 1336 5818
6465,15145 4066 2013 2919 412 14541 10048 2916 15144 14847
6466,11319 11318 12756 14363 3081 4063 4415 9191 4061 6804
6467,8057 15101 6780 13685 11785 13366 13834 7651 10813 1511
6468,14824 78 9054 14558 14868 93 12427 14554 14930 14166
6469,15146 7845 14931 9511 14687 14930 7849 7037 15244 2203
6470,15147 739 3790 3406 14852 2555 14306 2240 5132 3160
6471,14427 3021 3160 14929 13134 14930 12513 11440 9052 13033
6472,8164 4133 4605 9625 9751 1721 4137 8477 1010 8159
6473,8999 15148 12605 14081 9119 14670 14555 2504 11185 8377
6474,12617 1883 7909 9026 14783 14066 12091 9772 11211 14076
6475,3019 11405 13424 9055 52 3240 14100 45 3243 3018
6476,15149 14957 8666 14068 3548 13113 14909 3801 8421 14908
6477,7993 5365 1532 8860 13627 6378 4698 15264 14465 14168
6478,15150 3828 11366 3824 1181 3836 3835 3834 3833 1285
6479,11904 12191 11669 10910 7400 11935 10571 14121 14258 11905
6480,6784 7855 1126 13416 6502 14533 12985 1676 10986 13844
6481,14128 14344 2230 10653 9341 8176 3691 10662 15159 15058
6482,7002 15059 15119 15168 14911 12083 14143 7658 15051 1631
6483,5998 15152 2614 2742 11899 13578 13561 1534 8631 13612
6484,15027 12934 14736 12332 12935 11385 6432 14750 14791 12227
6485,14234 13914 12648 6796 10696 14467 10873 10874 7759 13946
6486,10701 8057 14616 8409 15120 12748 13834 12156 2705 6620
6487,6788 2567 4909 10080 14164 4910 14413 11187 4713 5332
6488,9784 7237 15153 6866 1532 2820 360 13344 11123 2741
6489,8899 13064 13067 9348 10959 13916 12618 9574 2793 9358
6490,1436 14699 664 1620 8798 15021 11080 1622 1621 130
6491,4978 4437 15057 10606 4199 7570 4973 8273 10493 8261
6492,5896 13184 4073 4964 5895 9228 4966 13535 11568 1697
6493,859 11424 1516 8038 9497 5972 4382 9955 3104 5140
6494,12717 12748 7937 12234 13105 1847 12338 15120 576 11219
6495,13685 6567 15101 8424 11785 13737 11186 8057 8425 8426
6496,8479 2643 11148 8419 9774 4288 6872 14669 8195 5281
6497,3573 13065 7560 4882 7558 5221 3567 2797 10242 11706
6498,15106 13101 15156 13557 3486 15155 15235 9307 9406 2869
6499,10998 14218 11382 11000 10999 10994 6805 10627 5845 5450
6500,5552 2709 9779 11460 11462 1206 3711 2701 5543 625
6501,13399 4909 13484 12998 2567 4920 10456 12593 8302 13527
6502,14775 3896 8087 13819 10976 11042 8093 8102 8094 8089
6503,5084 8453 6381 6959 1567 10471 458 2767 9065 6041
6504,1880 3402 499 1033 2547 6473 6445 3500 2241 1918
6505,9367 9779 4406 2936 10039 11461 1989 438 8753 1992
6506,11544 9348 12066 13073 13064 6138 2793 9358 11202 12183
6507,1665 9809 9803 13887 6781 13617 14219 14340 6783 14732
6508,4736 5042 6636 5012 14362 2021 3186 6302 5045 9319
6509,1028 323 11328 7589 15085 4291 2947 14720 3180 8636
6510,10382 8591 10383 3662 15029 2325 15028 10380 11316 8999
6511,3055 11126 13626 15247 11045 15002 3057 1367 101 45
6512,5618 2168 1047 357 228 1901 871 2167 5612 5620
6513,1583 4295 593 3905 3169 1570 598 3153 1581 324
6514,5246 11475 6513 12927 7171 12928 14732 6477 7169 7878
6515,10373 9323 9324 1558 10372 12236 155 9830 12860 10371
6516,12159 10821 13286 5287 7878 2108 14161 7172 14959 12372
6517,3040 10898 8526 9287 1549 1133 13932 1166 3630 1323
6518,2457 5090 1201 4219 2194 5085 7054 2781 1206 4592
6519,10917 9015 5331 13900 14075 5332 14077 14074 14076 13040
6520,12655 7784 4597 13621 11721 4137 12211 3083 1010 11722
6521,11813 1870 6470 6275 10985 896 1273 4342 9286 9030
6522,11254 14985 13954 6716 5253 9424 554 6722 13681 6723
6523,15162 15161 568 274 723 3074 4306 1799 7952 10257
6524,14025 10407 11945 10086 13051 49 12315 14024 12266 11428
6525,13954 13681 5732 9407 12624 5253 2011 4398 2010 3005
6526,2881 8159 7057 2890 3442 8164 8166 11808 4135 10355
6527,4973 11113 13571 2584 10664 296 7184 82 3977 12546
6528,12875 14493 9319 9306 14827 2206 14718 14701 11863 14825
6529,15128 6103 1187 8518 7996 11132 7672 11330 6152 3863
6530,12171 14780 2793 14451 637 1636 3274 5222 9127 6412
6531,53 15163 11883 11911 14578 14826 14989 14988 14990 14987
6532,1166 8526 3464 2820 1165 2742 9791 13734 2814 12426
6533,11257 8554 3808 4011 9986 1102 8555 4325 8557 3804
6534,12470 12129 7643 1554 1874 12039 7649 1127 12565 9963
6535,1473 15159 13108 1471 15105 7857 1472 3097 15164 10642
6536,14274 12620 12714 12621 11216 4003 635 3577 15088 12689
6537,12385 14956 14169 11384 12741 12333 9961 13647 13673 12064
6538,1367 15276 3055 5311 2085 7134 7159 2125 11378 13388
6539,115 1901 82 8695 871 6317 868 857 1047 9564
6540,1613 8948 3395 1219 1616 1615 1617 235 796 6681
6541,3696 10310 9068 10301 12021 3473 1574 1456 3773 2773
6542,6789 12418 6576 11824 1796 14809 7824 6788 6790 14043
6543,11405 14136 12497 692 11402 14512 11403 693 14208 14591
6544,794 149 3574 5581 4462 8287 476 2448 2306 4
6545,15119 15051 8130 15168 15059 8132 8007 1630 8027 6533
6546,14361 9522 11124 12103 11125 14240 9116 8871 5759 15175
6547,2741 6120 12198 6124 6121 13054 13203 6123 5770 5328
6548,9143 233 7205 11291 9241 15046 10247 12600 15260 14708
6549,9348 2788 14377 13073 11472 13072 13996 2803 11544 2789
6550,3144 2313 385 618 14680 611 3984 130 12005 6762
6551,2597 14628 160 7687 14627 3787 14630 14629 9484 6128
6552,15166 11197 6280 14371 15165 14164 14658 13160 14664 11968
6553,13703 10036 11128 8899 9101 2805 9358 9708 7309 14795
6554,4594 14770 9558 6795 3896 9559 4641 9111 11209 13819
6555,5565 14659 12366 4643 4642 4644 9083 12365 5566 1
6556,13361 13306 15167 1636 14798 11944 1637 14451 11544 11199
6557,5332 3482 5331 5327 3481 5328 3568 1882 5326 5330
6558,12093 14453 1128 13936 5 12274 8324 8617 5634 6003
6559,14783 12091 14076 7909 1883 9015 14075 12999 14077 14074
6560,10542 14683 8295 10872 14413 5974 14779 3722 8544 12093
6561,13256 14022 6796 1883 1544 8420 9026 6286 13914 14234
6562,9814 11850 2010 2613 10901 9813 9959 2612 2011 9426
6563,12274 12182 8634 8757 12275 12993 8663 2805 14772 8628
6564,11427 11199 13382 15167 11426 844 13740 1544 11206 11268
6565,12748 2015 15120 10456 11219 14153 10353 11218 13834 10701
6566,14624 12967 13817 13818 9772 13944 11165 13814 5557 12594
6567,4594 6795 9350 6797 4641 9558 12625 12624 5564 11210
6568,13399 10456 12998 13527 6819 12265 10918 10721 12648 11426
6569,11143 5351 11260 2174 11144 11145 2933 9141 11141 10909
6570,7699 3801 13520 5784 8421 14961 14441 7700 15009 13943
6571,15168 15059 15051 15119 7002 1394 1631 8132 11330 1630
6572,3060 3061 14993 14840 3062 3057 14988 14990 14991 14989
6573,6622 7384 4671 8575 13892 6476 366 6619 13365 8081
6574,11776 12866 11120 12147 13590 13992 14038 10913 2869 4063
6575,11352 1778 4060 9192 6362 6361 6363 1320 2375 1779
6576,3723 11837 2945 1103 12327 3729 10572 10142 10016 948
6577,8491 14892 8596 12582 8593 5852 13002 6 7908 5326
6578,771 14849 15029 9223 11920 14742 5517 8189 2505 7632
6579,11373 11378 8793 8501 11377 11376 2507 11375 7769 174
6580,4035 5535 1140 5448 5530 5534 1148 5449 5533 14745
6581,14262 11470 13613 4840 1532 14892 13612 11284 13611 12172
6582,871 7696 5732 11383 8994 879 1901 7697 8403 3097
6583,611 3213 618 5601 578 7865 287 8460 14056 8397
6584,14635 7359 8737 4956 8739 5481 8733 14986 8736 7531
6585,4426 15045 15263 7159 9055 13016 1368 4431 4432 2191
6586,8935 6084 9834 14980 6381 1284 11960 4175 8352 11140
6587,15031 3141 11868 12503 4712 11046 10160 12783 12150 14755
6588,10931 5987 1752 2735 10930 4225 4568 1521 779 5141
6589,2875 2869 4139 5447 2881 1010 8159 10199 13185 2883
6590,8479 14669 2310 11863 8419 2643 9306 11148 14348 9774
6591,8659 7311 7040 2601 5074 9667 7248 8716 5123 4232
6592,14384 14383 6228 12081 692 6006 9381 14820 7452 7577
6593,14214 14213 692 13050 15169 8525 15086 15170 15219 13736
6594,4590 7654 2442 12760 12761 4589 9879 4087 8813 966
6595,5466 5205 9349 5059 3718 11481 9284 1186 7569 6650
6596,5079 8742 579 9390 6964 1685 1568 12533 3217 4353
6597,12065 11384 8272 14891 10082 12312 12697 14222 13 3249
6598,2614 6414 7224 6416 5998 8869 6415 12125 1532 6754
6599,15171 15100 4126 4752 9842 15172 6952 4754 7204 7203
6600,12850 13885 14480 14500 11366 14506 14131 13606 14130 12298
6601,6617 1840 13214 399 11567 1853 6611 9213 3747 6618
6602,6160 2705 8409 6165 6167 3669 7103 11574 12586 12588
6603,10091 3085 7099 4616 14269 6739 8849 13981 1011 11102
6604,14764 14762 9406 13556 3486 14763 14546 9307 13212 10911
6605,14688 14887 10384 14689 12574 6581 12134 257 7177 12850
6606,14887 14688 12134 12574 257 7177 12850 11315 3839 4702
6607,10125 5917 633 5904 632 6086 10126 3396 14378 6855
6608,15000 5225 7631 1395 8777 7398 4030 3405 1463 7054
6609,13057 5499 14502 8238 14967 4742 15172 10558 562 8614
6610,12850 5497 1061 13885 1075 8693 1067 4886 15127 9111
6611,8999 15148 14081 12605 14670 14555 9119 1368 54 2504
6612,12254 12164 13761 14505 11575 7470 5788 14671 8866 12024
6613,1657 12212 3976 7840 3939 8769 8943 7323 12909 1667
6614,14986 4956 15246 14997 14635 4955 7082 258 8780 645
6615,14996 4557 7841 1257 11324 12781 13852 3977 9675 4084
6616,9051 7717 6902 2291 5719 624 2290 169 686 4441
6617,14299 14926 14910 15009 2595 14388 14455 8421 6079 2598
6618,14561 14209 12206 15173 14276 8456 14596 14790 15108 14458
6619,9789 9588 10169 7489 5180 15192 12421 4519 11440 8565
6620,3578 3401 5764 9364 12832 5766 3579 3394 3400 7293
6621,15174 7731 2542 7431 2532 132 13373 3470 5787 14966
6622,7014 7015 7013 14571 14236 13282 1709 14445 4062 4063
6623,12850 14887 13885 7177 11767 14480 14500 14506 11366 14131
6624,14811 12825 15032 14812 8904 1532 15091 406 12502 6325
6625,478 14539 173 14548 8950 14694 476 8019 8951 176
6626,1452 14140 11758 12320 1796 1397 176 126 6380 3217
6627,8971 1732 9061 12144 3134 10517 4178 759 6040 5121
6628,11219 4447 14353 12748 8316 6537 11218 13584 13834 8057
6629,4434 6951 4630 12537 5600 4433 4435 6947 14582 4432
6630,1390 4 3441 1389 868 1901 778 3439 871 3440
6631,7847 14704 12321 5938 9989 4727 7849 9242 7848 7846
6632,10552 5938 12321 11366 2332 9221 995 15175 7847 9124
6633,12321 5938 7847 14490 995 14704 4793 15175 9124 8643
6634,11366 5938 12321 14477 13885 14486 692 5267 14913 995
6635,15175 5938 14496 14485 12321 14361 11366 995 14146 9124
6636,12321 7847 5938 14490 14704 4727 7849 4793 8643 767
6637,9026 1883 14496 9015 9025 14076 7909 12091 10917 1134
6638,11366 13079 14477 14486 5267 692 14913 5266 14479 14485
6639,15175 14496 11366 14485 14361 9026 14146 14486 14752 5938
6640,14477 11366 692 5267 14486 5266 14913 14481 14488 14479
6641,15175 14496 11366 14485 14361 9026 14146 14486 14752 5938
6642,5267 14491 14496 11366 14479 13885 14486 14506 5266 12850
6643,11366 14496 14486 14491 14481 5267 15175 5266 14477 14913
6644,15175 14361 14146 14496 13961 14485 1864 2008 1700 5714
6645,11366 14477 13885 14486 5267 692 14913 5266 14485 14479
6646,15175 14496 14485 14361 14146 11366 5938 14752 14486 14540
6647,13885 14480 12850 11366 5268 14131 14488 14130 13878 14474
6648,14481 15176 6077 11366 14486 14499 5266 6072 6076 4339
6649,13885 5266 12850 14486 14491 11366 5267 14485 14481 14479
6650,11366 5267 14479 14477 14491 14486 5266 692 14913 13885
6651,11366 14532 14477 13885 14486 5267 692 14913 5266 14485
6652,11366 14491 5267 14486 14479 14477 692 5266 13885 14913
6653,5267 8427 10210 10111 12546 11366 14491 15128 14479 3257
6654,11366 13697 14477 14486 13885 5267 692 14913 5266 14485
6655,11366 1181 2591 14527 14477 13885 692 14486 5267 14913
6656,11366 10552 692 14477 14479 14486 14491 5267 14913 5266
6657,11366 14913 12528 14486 14838 14481 14491 5266 14485 14477
6658,11366 14481 15176 14499 14486 5266 14477 5267 692 14913
6659,15177 14508 12338 14860 14861 1963 706 712 9326 745
6660,15178 15144 4066 412 2916 15145 10048 2919 2013 14541
6661,10552 2332 6834 4324 11366 9221 5588 11926 9713 13691
6662,15179 13957 10746 15022 2096 9115 6065 15021 62 7592
6663,5170 5163 4126 5172 881 14897 220 3126 3169 8257
6664,4016 11260 14055 11143 6192 5580 4764 4074 6045 10446
6665,11366 14477 13885 14486 5267 692 14913 5266 14485 14479
6666,11366 14477 13885 14486 5267 692 14913 5266 14485 14479
6667,11366 14486 14481 14485 5266 15175 14499 14491 14913 14477
6668,11366 14485 15175 14486 5266 14477 5267 692 14481 14913
6669,11366 12785 14486 6903 7716 14481 14491 5266 14913 14477
6670,11366 14477 13885 14486 5267 692 14913 5266 14485 14479
6671,11366 14485 6834 14486 5266 692 14477 5267 14913 14479
6672,476 14897 5170 3126 5266 11366 10434 5172 202 3965
6673,11366 14477 13885 14486 5267 692 14913 5266 14485 14479
6674,11366 11050 14477 13885 692 14486 5267 14913 5266 8955
6675,11366 692 14477 14486 14479 5267 14491 14913 5266 13885
6676,11366 14477 13885 14486 5267 692 14913 5266 14485 14479
6677,11366 14477 13885 14486 5267 692 14913 5266 14485 14479
6678,692 14491 5266 11366 14479 14486 14136 11405 5267 8250
6679,11366 6467 14477 13885 692 14486 5267 14913 5266 14485
6680,11366 14477 13885 14486 5267 692 14913 5266 14485 14479
6681,11366 14486 14481 14477 14491 5266 14913 14485 5267 692
6682,11366 14477 13885 14486 5267 692 14913 5266 14485 14479
6683,14480 12850 13885 14486 11366 14131 5266 14130 4430 13606
6684,11059 7115 3019 2154 7123 7121 14930 12877 10715 92
6685,4345 8882 10135 12429 12996 8270 2339 2219 10155 9351
6686,7233 8891 10658 7232 1585 5986 11690 6004 2599 6105
6687,11405 6725 693 6717 14136 11403 14512 6719 692 11404
6688,14959 279 6345 11237 13640 1454 5383 1655 2439 906
6689,11124 9116 3798 11125 11126 14240 9522 8871 5759 45
6690,14835 11700 8221 1728 7379 12047 12049 9966 1713 4829
6691,15180 14564 14565 13511 6881 15074 7898 8992 7865 740
6692,14042 14233 2089 14515 9960 10978 12094 13073 14795 14232
6693,14193 13207 8564 14153 1814 14181 6298 10496 2645 1462
6694,14449 14555 14927 14843 15288 14852 14850 91 15184 14081
6695,14555 14721 15288 14852 14850 91 15184 14081 12427 7124
6696,14941 3793 13752 7252 14904 13920 5183 14162 14426 14389
6697,15181 13588 4191 14278 10321 4953 6836 10171 3906 14279
6698,14162 4191 14475 14941 6596 6576 1993 9263 14933 15181
6699,14166 8999 9054 14929 14081 78 14555 91 14558 14930
6700,14706 14705 14942 8428 14707 13521 14960 13943 3805 7545
6701,9055 12651 2391 14088 3019 10011 11883 7881 8413 2638
6702,11734 9197 8012 14001 4182 9947 133 9220 885 256
6703,15182 2598 8666 3548 13836 2596 2594 2597 2595 15009
6704,9014 11973 776 4406 794 1023 3952 34 3580 1182
6705,4591 14716 14141 14717 15281 11965 13318 1475 2314 8732
6706,10042 10210 2918 2925 8427 10111 571 9442 5143 14526
6707,11654 14227 4474 6543 7012 4350 6505 6679 12881 5788
6708,2598 13836 22 15182 23 2596 14224 9024 8666 3589
6709,14925 14741 2637 8488 6153 8280 350 2354 2118 8692
6710,7124 13912 14555 9054 10715 3055 15228 8999 2191 7111
6711,14821 10833 14822 11731 10834 10115 14592 14940 15252 1605
6712,6544 8444 1855 4753 6543 4962 6494 9226 6505 4699
6713,8143 14970 9578 11564 12638 6518 7378 10201 11085 12639
6714,9055 8413 8762 15255 2154 91 14088 14306 803 9610
6715,15184 8999 14555 14081 91 14620 11820 14850 14558 14930
6716,5412 11485 138 4384 4729 9613 15229 3470 14418 3131
6717,611 15020 8335 3213 7764 5381 7698 14680 10441 10893
6718,3548 8666 2598 15182 14957 3163 6816 15149 8611 14067
6719,4426 14163 15263 15045 13016 45 7159 9055 91 58
6720,14834 14833 14436 11400 5709 5788 10011 1842 12881 4754
6721,1885 8323 5572 11362 13532 9034 12997 1884 1958 14831
6722,14953 15185 10183 10985 2216 154 3403 8 3134 9030
6723,12875 14827 14825 14826 14493 9319 12876 3991 101 3083
6724,14527 14132 13697 5016 2591 1181 14723 7734 14057 3470
6725,9803 6780 8575 1665 6781 13366 6783 13887 6779 8057
6726,15026 14522 14095 14094 2301 13832 8409 731 577 6620
6727,641 610 614 6509 10353 626 10351 623 10354 604
6728,13924 11554 13673 12659 14323 10694 13647 1129 11555 12333
6729,692 14136 693 11405 11403 11402 11366 11404 8250 14479
6730,13943 13892 14563 7699 3801 14961 12324 14960 14885 13350
6731,6622 9239 15186 6761 11358 8016 11359 1379 11357 9393
6732,11405 13182 11402 14208 14136 11403 14512 692 11404 14591
6733,8016 9239 15070 11358 6761 15186 3429 5247 3428 9393
6734,12254 12164 6614 14502 13761 7470 11575 14505 14730 14731
6735,13018 8408 10484 14970 14854 14329 13132 9430 6270 14526
6736,14465 14652 15187 13627 14168 14466 11737 6984 8897 14958
6737,9228 5896 5895 4964 4073 7012 4754 9806 7744 10112
6738,8007 8133 8132 9190 8027 6533 1629 7141 1630 5376
6739,15188 8459 14209 4450 8127 14213 8123 8121 8122 14596
6740,13265 15186 13690 13069 1783 9713 4567 14012 9557 5161
6741,14008 5352 13694 15262 12590 13832 10716 7820 12245 11665
6742,14209 7256 11962 14596 14458 11961 13680 14366 5659 5888
6743,6622 2108 6189 6620 6761 6619 13892 6623 13458 6621
6744,13207 1379 1380 14153 14193 1376 14181 11359 6298 10496
6745,8666 13208 3548 7256 15182 2914 2598 13191 10106 13207
6746,3019 13424 9055 52 3240 14100 45 9480 3243 108
6747,10821 14959 8145 279 13286 14205 6345 11237 13559 12159
6748,13943 14563 13350 3801 7699 12324 14961 12465 14960 14706
6749,6619 5486 6617 6622 6621 6620 6616 2108 1896 6611
6750,14213 6991 10437 9689 15169 14209 2651 14214 1339 13050
6751,14517 12901 3771 7984 13949 10906 14693 9486 937 14873
6752,12474 5788 8145 12471 12473 12472 4838 6497 5570 8424
6753,10786 2149 3886 5897 14070 7497 4963 10435 10337 9053
6754,15189 11632 14579 7220 14364 73 14615 1845 10798 12237
6755,10011 14143 14667 14911 7002 7276 14834 857 8133 7141
6756,11786 14528 7401 1111 6171 7664 1846 8649 221 8678
6757,9842 15100 15172 6952 13602 15171 4752 9841 9365 8574
6758,6516 8914 4942 1755 7274 8931 3934 8924 1763 8925
6759,7222 6887 7253 10626 6542 1721 9754 11118 3079 1863
6760,15189 11796 1845 7528 11632 4460 12590 11912 7525 7632
6761,13388 11126 3063 9610 10715 8587 14840 14839 14686 14841
6762,740 14906 14907 14979 14089 14547 15190 1351 101 14163
6763,8999 15148 12605 14081 9119 14670 14555 2504 11185 8377
6764,8617 14035 14381 15109 13383 12601 14784 7443 13780 12093
6765,259 14660 924 14573 14861 9799 3242 5369 2926 8361
6766,14711 12850 13885 1627 11405 11366 12761 14500 8263 11171
6767,1694 14883 14229 1695 8081 14884 1671 10222 9361 9375
6768,13179 5717 10701 3665 2652 7938 3641 12748 3887 8057
6769,9989 14704 9242 10380 1500 10381 10378 8501 2358 10374
6770,12850 14538 13885 14938 14480 11366 14500 14973 5268 14506
6771,7719 14674 14886 14470 15260 9143 6766 14142 13551 11585
6772,15191 14509 5972 13227 794 463 1516 9497 11383 6815
6773,871 1901 857 868 115 1047 6317 8403 879 2764
6774,12850 13885 14480 14500 11366 14506 14131 13606 14130 12298
6775,15192 10169 12085 12064 12062 6836 14729 5049 1033 7003
6776,14329 13132 10484 14854 6270 13018 8408 14616 12362 11286
6777,14538 14973 14938 14264 12850 14415 14222 11341 7264 6071
6778,15193 8428 11287 14972 14068 14944 14456 13521 11286 14705
6779,1127 7888 7643 7649 8397 11575 5788 8410 6496 11397
6780,15134 8999 15064 92 14670 11444 7135 15215 15003 803
6781,14618 7572 93 14547 14558 14619 92 12427 14866 91
6782,7229 11932 5023 12483 10668 9486 14694 5405 8058 14693
6783,14938 14538 12850 13885 14973 14264 11366 5268 14415 14016
6784,14306 10215 14320 12206 10745 1858 6146 6106 12166 8051
6785,5107 11668 11666 5108 5256 5976 9115 14224 7059 5119
6786,2804 8374 342 8141 13022 4653 4660 11368 4657 4650
6787,3213 10893 611 7230 14620 6002 1618 6016 235 1619
6788,14565 13602 11026 14564 13511 4756 15172 1904 15100 4336
6789,58 11126 14980 14604 15285 14742 92 14979 79 91
6790,7898 15074 6881 14564 740 8992 7865 10541 5971 15180
6791,8999 14320 15148 12605 10215 14081 9119 14670 14555 14306
6792,5971 7898 10215 10921 6881 14995 149 5541 14564 15074
6793,3616 3617 8868 1171 3615 15054 8020 961 2891 12562
6794,14974 1904 4336 11026 14975 11027 10608 8760 1576 1697
6795,9056 14904 8588 9300 14430 14903 13920 12689 5183 12050
6796,14285 15173 14286 12440 13896 14209 14561 5190 8456 12206
6797,1697 8459 8123 15188 14974 8122 8121 1695 11961 4532
6798,692 13897 13896 11366 14136 1858 11405 8250 15195 12850
6799,15194 4379 11311 11312 11314 11313 3097 686 1213 8455
6800,15195 1858 13896 13897 12206 14306 1860 12756 1354 2377
6801,15195 1858 13896 13897 12206 14306 12756 1860 1354 12735
6802,91 2083 12711 2084 2085 3051 15215 15001 3057 14555
6803,13896 13897 1858 15195 12206 14306 14285 12735 9746 4683
6804,15196 692 14637 14823 11366 10507 2778 586 10834 120
6805,2013 13896 2134 4803 13897 6582 5126 861 2919 5265
6806,9698 2424 8576 2899 9202 2410 2430 8507 12650 2425
6807,14561 5683 782 14443 9953 177 5682 15173 8456 12206
6808,8054 11307 714 8456 14984 11312 4379 8055 11310 8021
6809,14074 13813 12841 14075 14077 14076 9015 13997 2663 4056
6810,15060 15134 15063 15028 13414 14826 4754 101 8999 15064
6811,6622 2108 13892 6620 6476 8575 6619 13458 6189 14885
6812,7002 6622 14911 14143 12083 15059 15119 7658 8081 15121
6813,15077 6971 8241 14781 2950 9573 7240 9531 4484 1552
6814,15197 13653 13652 11781 14365 11105 1605 8864 1616 14821
6815,1222 7936 11711 4358 1837 10323 1847 710 6228 4851
6816,13699 11473 10820 113 10662 9359 14670 5096 15215 7119
6817,5110 9220 5109 5103 9462 5102 5106 9461 5113 5108
6818,1855 10414 773 5325 11322 4073 12296 4964 7649 4962
6819,14911 7002 14143 12083 10011 14667 2982 7658 15059 229
6820,14911 14143 7002 10011 12083 14667 7658 15059 229 857
6821,4591 7141 12837 14716 857 11965 13318 1475 2314 8732
6822,12083 10765 7271 7002 10766 7658 7276 6222 14667 229
6823,630 12547 7457 6220 13808 1332 6259 4541 12059 13913
6824,15198 10028 14789 10031 7963 9401 7809 10033 5158 10030
6825,9666 4598 9547 9548 1135 11808 11805 5449 10075 2881
6826,15199 10865 7229 12020 9486 14693 5405 14955 680 14694
6827,12059 7457 8299 431 2229 8601 7386 6407 9675 4084
6828,15108 14790 14276 7336 14777 13257 11043 2615 12509 14955
6829,58 11126 14980 14604 15285 14742 92 14979 79 91
6830,771 14849 9223 11920 8189 14210 2505 4424 14430 6902
6831,12689 14493 8272 3037 12065 11865 15088 14430 14933 9319
6832,10200 13511 14565 14564 14487 4756 5019 13602 15180 3898
6833,15202 11054 15164 2596 12826 4752 12130 12446 13438 1880
6834,14393 14693 3771 2678 14955 10906 10865 9486 924 3895
6835,5788 10986 9331 9830 7678 9999 5675 11884 11494 13012
6836,8407 10495 10498 512 15009 10492 8421 1102 4011 8554
6837,14441 3801 14004 14961 8421 13943 7699 14530 14909 13520
6838,15203 12840 11762 12952 1625 1088 12879 12552 4567 12953
6839,15003 3061 3062 14840 14993 3060 14989 14988 14990 14991
6840,9052 12015 14320 14220 14929 495 4437 6201 14930 10178
6841,14596 14209 14595 13680 14458 14213 11120 15150 14494 1859
6842,14596 14595 13680 14209 14458 14213 11120 15150 14494 5673
6843,14596 14209 14595 13680 14458 14213 11120 15150 14494 5673
6844,11549 15067 36 1367 13013 3178 9134 5787 13173 13174
6845,3061 3062 14840 14993 3060 14989 14988 14990 14991 14992
6846,14586 14524 471 14426 13831 11440 2659 360 463 484
6847,611 6825 15020 6727 4669 1985 5522 951 10540 11092
6848,15204 7313 15007 187 4983 9200 3991 7306 3370 7326
6849,11147 11758 11140 5376 12623 12694 15051 8496 14230 10637
6850,11863 15205 9306 8479 15154 9319 14669 1500 14493 12206
6851,3744 4894 4988 3186 338 9495 4717 9494 4922 9493
6852,12277 5222 10356 11190 6140 13735 10603 10359 12613 12618
6853,3288 650 1160 3359 1161 2482 4716 2484 2558 2494
6854,1963 853 6050 1452 6223 485 3913 3104 2312 803
6855,14363 10554 6339 7215 10994 1145 7098 11351 11434 12376
6856,15206 15207 7428 5527 634 7357 8433 5085 6691 1290
6857,12543 7152 7697 3538 4052 13454 7907 646 2448 4779
6858,14763 15208 15209 14764 15155 12632 2443 8269 12760 4086
6859,234 1619 235 1456 11087 1617 1618 1622 1621 12005
6860,6143 10404 4276 12050 8819 1505 10158 3653 10397 3988
6861,13635 14877 8808 14662 15210 13441 14328 10733 8894 11583
6862,10524 12584 10525 14684 12 13904 8427 688 1302 12172
6863,12689 15088 11271 11865 12620 12784 14493 3037 14430 14933
6864,1917 9526 661 10905 3132 9665 1914 9523 5669 9617
6865,9991 10470 5025 2182 5960 666 4186 7243 3976 8768
6866,8025 5243 5244 11357 11359 10535 11358 9393 9392 9239
6867,1987 9294 9458 9881 4380 7619 9982 3441 1638 2103
6868,14443 764 773 782 970 5683 14442 478 11659 8643
6869,15215 3057 14670 7119 3056 3054 3058 15001 12711 15062
6870,15187 3893 6725 14652 6717 6719 6984 8897 6718 8517
6871,14810 15216 12797 13390 13337 12198 13054 13336 13342 1071
6872,1001 7427 1002 7062 6804 11892 9640 1004 4743 11788
6873,3667 7065 2999 1007 9193 1003 3074 7078 3688 11626
6874,14283 11347 6431 4661 3001 2379 1357 11805 9851 1355
6875,14388 10537 8061 6762 1008 2028 7965 10759 9933 5838
6876,9249 6675 4985 11044 2079 14663 6637 1871 3905 2418
6877,9532 973 3800 146 13909 5455 1865 3485 7336 8604
6878,2809 10275 4818 7417 4779 5771 8994 6336 43 3538
6879,12261 15049 2875 1151 11102 6067 1155 1723 6806 11808
6880,888 5613 10022 277 13130 11856 10809 882 1507 3966
6881,560 1145 3842 1146 1136 7215 14363 1708 5450 6805
6882,113 7123 108 7119 15215 13699 3057 10651 7127 10820
6883,1572 1943 506 9491 3453 7152 3398 11269 745 6576
6884,101 14264 14547 14690 15013 7121 14898 15270 15233 8999
6885,15218 15170 15219 15169 13736 11252 15217 8525 11251 9418
6886,10192 6550 8253 1357 6360 6552 8476 6551 6553 9851
6887,14359 9784 13711 8808 13482 11111 1532 2820 6941 12070
6888,10695 14770 10085 14769 10694 15089 14398 12276 3868 3620
6889,7065 3442 15220 12629 15217 3444 1317 12630 2881 15170
6890,12212 6770 701 7808 12909 1657 8958 4309 9823 6501
6891,15222 8697 3148 5540 9605 11272 10512 10511 6322 11273
6892,5786 7000 5787 4636 4992 3104 4885 11868 4893 4889
6893,14752 14352 10560 7264 13643 13642 12439 14540 14654 14426
6894,2798 4085 1759 9265 9715 216 484 9992 8643 4816
6895,3903 7452 10500 3347 3899 3901 9041 1058 5056 3907
6896,2614 15224 15223 14408 5998 2820 1532 2742 5192 12534
6897,11713 547 2063 7646 4143 6970 2234 3760 11376 5458
6898,176 7696 6596 8994 2448 1452 8704 7697 14692 1450
6899,10007 5703 5384 10441 2439 9218 1211 13392 11335 1655
6900,1957 4452 7182 6002 5324 3149 2321 46 3213 7181
6901,15225 13216 9287 14830 9790 13993 3617 14500 4047 14449
6902,15092 12829 5322 994 6984 15187 14652 8897 3893 5526
6903,611 9781 3213 15020 10421 1620 1621 1622 1618 1291
6904,1949 9060 8926 1865 9059 10483 10559 4417 13079 8969
6905,1533 2597 13329 1532 8904 11112 13344 160 14324 1531
6906,12899 14641 2404 4421 11941 10344 12900 12276 1294 2403
6907,11821 1345 3150 6713 13317 13318 1346 14463 11287 13304
6908,13317 3613 13783 363 5096 7385 9337 383 11958 9353
6909,14986 15246 14997 4956 258 8780 645 12568 14483 8027
6910,11804 6381 2778 9529 2937 1967 3925 5013 8768 5083
6911,6622 14205 14889 11384 14203 14460 13892 8081 9965 13693
6912,14430 13977 9056 14933 8588 3037 14210 12689 3055 9990
6913,2448 4020 2106 769 770 176 182 9314 1969 462
6914,11221 13535 613 5373 284 9393 13184 13424 14203 560
6915,15226 7159 13414 14898 1367 7123 101 114 13952 14510
6916,11985 585 245 6638 6365 1024 1581 7931 10241 9272
6917,13850 13439 10730 13440 2959 12173 407 5409 2816 6281
6918,5578 5579 13907 13820 4925 5258 12615 6140 10242 4654
6919,13408 13972 13407 13970 11295 10316 8620 12297 1872 7251
6920,1859 1860 14458 1863 1858 13992 2379 12551 1864 5673
6921,466 2024 10294 3104 4221 3196 3097 484 6854 11576
6922,8704 9313 7763 7365 7448 3468 6831 8716 1881 8194
6923,3551 5502 226 14590 1101 5505 3453 2993 5501 196
6924,1443 6963 1460 3196 8070 3441 1638 6961 8768 1968
6925,11815 3754 1463 9222 10666 13412 3755 15227 9834 8260
6926,11043 12467 13069 10960 10218 12468 867 11949 9603 13690
6927,8737 7531 8661 8739 8733 8736 8273 14635 14223 8735
6928,5594 3942 7394 13264 6191 1836 6752 6638 3500 2122
6929,169 2960 6762 149 46 712 6696 686 2261 466
6930,335 10640 14857 7234 8977 9373 9375 333 301 332
6931,15228 8377 14404 3176 8999 3177 13912 3178 7124 3179
6932,8494 15043 1102 1306 15042 5411 11654 1540 137 3444
6933,12941 705 11854 4807 3242 4568 989 10232 240 4806
6934,5791 131 3501 5792 10547 67 4764 10446 5642 6045
6935,1544 3332 1623 10012 13877 14771 3339 3331 9358 13256
6936,13002 5326 13054 12198 5328 12582 12200 13485 2833 14892
6937,15007 15204 14543 14566 14475 13920 15002 7313 14450 805
6938,8702 1028 8701 3180 7440 15085 8700 14720 2233 518
6939,15229 14418 383 11485 3471 6523 3910 1660 1204 4660
6940,1532 1533 14324 13329 8904 11112 13189 1531 2741 13344
6941,1839 3404 10278 12322 13194 3403 3401 14305 56 10175
6942,9802 14419 105 325 1027 3500 2191 2304 3308 9928
6943,6622 9965 5446 7628 13892 2108 9963 6886 6476 9964
6944,14904 14426 13920 5183 14941 14862 14389 692 12388 13670
6945,15230 14136 3021 739 13670 2142 7113 7123 14306 11440
6946,13037 5109 14881 8597 14857 13371 5110 13038 8964 2078
6947,3112 6870 1097 6910 7814 7813 4490 5411 7551 1686
6948,1320 1319 1779 6363 4060 6362 1321 1778 2375 6361
6949,15232 15231 9697 6297 7466 4462 1898 1942 7455 1896
6950,5696 12519 11611 14065 5697 13279 5695 5693 5691 5692
6951,12182 12274 15005 8757 8964 4452 14772 11207 9023 2805
6952,5570 6415 13144 13314 4840 10731 8710 6284 8713 7685
6953,4350 15227 1463 9834 2200 8397 4474 4030 2928 10480
6954,15234 15233 14163 101 9138 12299 9452 12036 13123 3490
6955,15235 13101 15106 15156 3486 13557 9307 14410 9406 15155
6956,7100 7099 7070 7098 982 10589 10996 8302 12259 10096
6957,4913 4905 4901 7877 233 3377 9499 3236 4891 8246
6958,5524 1638 223 11079 4220 5722 6963 2589 9295 5721
6959,11880 8892 11112 1535 12535 1475 8893 2820 8894 1525
6960,13669 7860 14178 1336 13654 12518 3805 7773 12556 6061
6961,4416 12071 3843 7091 2876 4132 12077 6806 14156 6811
6962,9392 9393 12948 11358 11359 1119 4971 7796 5244 9394
6963,13556 9412 3486 13282 9307 14764 15106 9406 7014 9421
6964,7015 7014 7013 14571 13282 7016 14445 4063 4062 13557
6965,13557 9422 3486 9406 13282 10911 15106 9307 2009 13101
6966,7293 8439 6790 1300 14947 8821 989 8105 13904 7916
6967,11598 7498 4037 1011 6245 13981 1862 12332 395 2880
6968,10715 14690 10766 14100 1351 14702 12429 14875 13388 14307
6969,14339 14338 12628 12632 12627 7013 14445 7015 7014 14410
6970,4314 2712 4311 4306 4312 4313 4309 4310 2714 2713
6971,11199 15167 9769 14772 13361 9776 11207 11427 13306 10456
6972,15156 9308 15106 7147 13557 13212 6356 13101 15155 3486
6973,13456 13170 4710 6622 4338 13459 7899 13458 3522 13457
6974,14286 5190 14285 9935 15173 12440 4832 14209 5193 4038
6975,11149 884 6812 12212 8521 4385 1951 12086 8960 5712
6976,4326 3407 2344 258 11030 3602 3439 8193 9271 9580
6977,15054 12763 15053 3617 9880 15052 12943 7655 8263 12946
6978,5004 9320 8348 155 5415 2794 10373 6522 153 156
6979,91 87 6916 2554 11443 1367 12222 8501 2547 10503
6980,3153 346 4295 2012 451 3910 968 3169 2249 4046
6981,13212 15156 14764 14762 14546 8296 10911 14763 13557 3486
6982,7070 4743 10996 7099 10994 10627 10590 10589 5846 7098
6983,14080 12440 15287 14605 14604 8802 9821 8310 9818 14286
6984,10537 6889 1373 9903 6899 10888 7758 6762 281 4988
6985,625 12784 9296 13517 14475 12019 12095 1993 4200 3020
6986,9101 311 14076 7759 14853 12977 14255 14075 14077 14074
6987,2741 11879 11755 12425 2820 12426 2744 11878 7395 13344
6988,11369 11368 11370 4660 4663 4655 4657 4653 2804 4662
6989,3299 8973 11671 11952 2209 14319 11823 9603 3306 12668
6990,4687 4132 1320 2892 4138 4688 1321 11723 1779 8159
6991,11160 12190 1021 3373 3187 10736 3614 6475 8755 8559
6992,6406 6407 9130 5860 4776 1300 8548 3908 1213 1215
6993,2508 12782 2232 8548 2744 10531 6407 2116 5860 11913
6994,14288 6664 14290 6667 6666 6662 10405 6661 3652 14291
6995,2869 12332 2881 6447 5447 4599 4607 5846 2875 8159
6996,330 12543 12085 321 313 303 320 300 327 307
6997,6773 5468 1183 6501 10746 6772 4309 943 12546 6849
6998,4608 4136 8165 6737 7498 10367 13565 10574 10368 1824
6999,7369 5035 6987 507 1051 226 3453 5505 3291 1041
7000,13365 2243 9185 11647 8177 6476 1960 3822 9182 12775
7001,15238 8164 4605 4133 13665 9852 1721 7016 9751 4135
7002,2527 1373 1737 9903 2758 13883 4845 6907 3539 3456
7003,6364 2881 4060 9192 11624 1778 4416 1779 11625 2371
7004,2375 6361 6362 4415 2371 4060 1778 1320 1319 6363
7005,2379 2375 7449 13878 7064 2380 11347 2372 7450 9853
7006,8399 13139 3171 8670 1684 3170 10619 3457 5778 10472
7007,12332 11598 12377 8541 5689 8849 13712 13713 11799 1011
7008,14661 7145 1069 10303 3773 10823 3701 1243 10452 4782
7009,13040 7545 3824 14215 14314 13900 11273 11272 14707 13771
7010,8576 14056 6060 12867 7527 5969 354 13122 13121 7714
7011,11120 5673 14459 10067 12551 14226 8477 2887 13878 12756
7012,1721 6360 4133 9851 5689 1357 12075 8164 2881 8159
7013,167 1452 145 126 6382 2798 143 5053 6821 5419
7014,15162 15161 568 1799 723 3074 274 4306 7952 10257
7015,14870 12434 618 12436 363 5141 287 12435 8846 10888
7016,14717 612 1880 618 14716 6868 11092 2549 4205 9992
7017,7427 4606 6363 7554 7217 4060 2869 11351 1779 9194
7018,3055 7186 6309 2342 9420 11762 8044 12579 12002 13211
7019,13415 9165 11445 6800 11446 269 9404 1980 2550 8961
7020,12423 6953 888 5545 163 214 14391 4217 2312 5543
7021,13842 7725 9996 3091 9998 13266 6228 9509 4747 4750
7022,1136 1145 3443 1146 4690 7215 4689 5686 4596 1721
7023,3055 15226 8999 3057 7128 7134 7113 7119 11058 15215
7024,12756 13568 13590 2887 11319 2881 11120 11318 6360 6364
7025,3153 10618 9887 6214 722 6132 243 6192 8146 2247
7026,6897 6895 5424 7133 11393 10897 7244 5425 2739 2549
7027,9850 11028 7960 11798 5636 5690 11808 2379 3458 11347
7028,7217 1353 5688 1006 12255 1775 10258 12936 1704 1706
7029,6053 7510 8047 2758 1798 3556 2932 7696 1836 2754
7030,3237 4891 1163 4887 4913 8349 1371 3234 4901 2484
7031,8709 12114 12816 12125 12113 7224 2614 12124 6417 8710
7032,2133 12106 2794 1291 5748 7727 9774 9908 11069 4760
7033,14120 12011 1106 10142 8775 4968 11670 13401 13807 3577
7034,15096 2824 13926 1660 408 14331 13575 10410 13260 14044
7035,6341 2130 10378 3283 46 5135 3742 10712 10376 10377
7036,9340 8832 2837 5753 49 12667 8794 5748 3403 152
7037,14131 11405 11366 13885 14591 6934 14512 14136 14494 14495
7038,8195 3 14221 10053 14979 11480 5351 8200 14220 9052
7039,2375 4060 2371 2379 1778 2372 6363 1320 1321 9192
7040,2498 49 3456 3403 34 3404 1532 5003 7731 2574
7041,14520 2362 4811 4810 2363 10505 4024 4726 6848 10504
7042,2371 2375 1320 4060 9192 1780 1778 12376 1321 1779
7043,4452 640 15005 5328 9023 14046 1957 14149 14026 12104
7044,8999 8591 10382 10383 15148 12605 14081 9119 15029 14320
7045,8802 6899 5498 7758 8972 9921 14605 14604 281 7372
7046,8999 10483 9054 3178 3021 10482 611 9924 14670 15148
7047,12512 8482 3071 3800 8667 8932 10483 9497 8931 10559
7048,6613 7863 10642 2277 2927 15159 11466 2278 661 7864
7049,8429 14801 13923 7442 14912 13037 12198 14017 5746 13054
7050,15123 14907 7377 15154 11485 10294 1488 1490 1420 1573
7051,13853 4580 3789 11794 4578 2981 4587 3786 981 4586
7052,12905 12906 12903 14007 9517 11286 13315 14196 7986 13409
7053,176 1646 3222 794 2448 10446 795 5041 464 10888
7054,7249 15199 13854 14800 7675 6415 10865 8324 7229 12805
7055,11121 13007 6352 3465 2820 1323 13244 14044 2815 10207
7056,4132 7057 4687 4688 8166 12071 2869 9753 9628 6806
7057,3464 3046 1166 1529 2820 2815 13731 4514 14712 2814
7058,2820 1166 3464 14712 12426 404 11122 2742 13931 13344
7059,2820 6000 6001 14084 2742 12426 1165 404 1166 2741
7060,1532 11121 404 9791 11122 13344 3465 2820 1166 13188
7061,8904 11121 1532 1529 1165 13244 1533 1323 11112 4330
7062,12426 13717 14599 2364 2820 13186 1529 13188 9791 13189
7063,404 405 1166 1532 12426 2820 9791 3464 13188 2814
7064,2234 11644 10140 9282 2518 7283 2528 2499 2514 5187
7065,206 1438 2696 2702 11088 3504 11323 9816 541 2711
7066,4753 11397 11871 5615 7649 6544 6231 7643 4962 14691
7067,15240 9440 2952 10065 9607 12781 4313 3029 9680 2714
7068,14137 13998 14497 3815 11366 13905 13885 14136 5782 14504
7069,2804 13022 11369 4653 4657 11368 4660 4655 11370 4663
7070,1219 8286 8179 2228 1683 5591 4250 4223 6469 4122
7071,4634 2271 11953 2519 11739 5748 10123 5308 13413 5313
7072,15241 8023 13047 15051 8039 8038 8011 6982 4746 661
7073,207 4712 1545 204 203 200 1216 4711 6938 5403
7074,3528 5858 5424 189 2318 4146 5100 3358 3453 3531
7075,9880 12763 2441 966 9879 961 4589 12944 12946 15053
7076,727 7617 206 11341 11340 996 4120 4497 6103 5583
7077,4845 7925 13724 6762 2033 12052 7734 4175 10888 130
7078,9188 11364 10006 4909 7918 1288 5322 457 4920 466
7079,15242 13125 3393 10056 7071 10278 3392 9799 3401 3391
7080,4814 3727 3320 3884 15243 2290 9096 9352 9353 9347
7081,3222 9072 4974 6402 1191 6767 5292 794 586 1450
7082,8376 5351 11378 10715 13909 9590 14100 2204 14510 12421
7083,7662 10104 1784 2992 13796 13934 14728 13667 14727 10103
7084,12017 1493 740 1488 5282 15075 1490 12497 1485 1481
7085,13282 3486 14545 4399 9406 9412 9422 7014 9307 7015
7086,716 13597 10584 13658 12251 12252 13879 5640 3877 6944
7087,769 3709 2448 1969 5547 5981 2024 9309 9127 1973
7088,1088 8993 5346 2449 5347 9993 3876 12716 501 13799
7089,13808 13913 10651 101 1287 13891 9319 9227 12547 9209
7090,3599 3595 466 11960 6052 7918 734 3594 879 789
7091,11550 14710 12347 8759 11706 14636 6577 3196 2789 5217
7092,5361 3680 3348 5803 10356 13041 12108 5816 13735 10360
7093,13194 13193 1540 10930 8263 15053 967 12943 15052 11706
7094,9799 15242 14660 3393 13125 10056 11966 9533 3401 14305
7095,6914 2562 2551 2505 2549 2536 2503 2555 951 7923
7096,9761 14155 4356 5554 6350 3897 3892 12027 7333 8486
7097,11120 5673 2869 4063 14148 14147 13590 14209 12756 11776
7098,11937 15098 11936 11938 11939 14898 13514 220 15023 611
7099,3312 8481 7561 7048 4344 7283 10539 7813 10888 4988
7100,611 11936 11938 11937 11939 13514 15023 14898 3718 12005
7101,10102 6954 10567 6651 4027 8188 467 3104 12021 12563
7102,4510 4227 11216 3702 2711 2799 12360 2147 2467 9593
7103,15163 5514 5515 5516 5513 13431 9114 14224 5563 14468
7104,13878 5673 14236 14459 11120 2887 14678 14226 12756 14225
7105,3547 1053 6108 1085 1076 3543 1086 6388 1080 1049
7106,13425 15058 11156 4044 2286 6084 8512 7623 3980 5982
7107,9055 3019 52 14088 14100 13424 45 6106 7121 12651
7108,6041 1880 6046 12022 4863 4249 10018 2503 2560 11739
7109,4009 13145 915 639 12457 15005 6019 10320 10783 13705
7110,14298 10342 7263 45 9910 10341 10547 11969 11376 6889
7111,2079 9680 2081 13552 6532 3153 11582 200 4299 9519
7112,12669 8085 7911 10961 13001 10845 12677 12645 12999 9652
7113,1354 2369 1357 6320 2370 6360 2378 1829 1355 9851
7114,8802 4422 6929 4423 14604 13808 10651 14605 8199 100
7115,14534 5210 12571 7139 12569 73 3663 8741 10798 6786
7116,14789 15198 10918 10028 13399 13527 14155 6273 12998 2746
7117,6332 5579 2953 2831 3579 7869 11977 6328 6331 13768
7118,14347 7071 14265 4605 4139 4136 1828 4331 5874 4135
7119,1868 83 4442 7291 3610 1765 8432 603 602 6313
7120,782 4929 4488 4181 3487 596 3104 4004 10742 5549
7121,88 9493 2470 4911 11974 8097 11676 7330 1159 3359
7122,2614 2815 13701 6352 3465 13453 14599 14879 2820 10525
7123,7146 920 10864 2688 2258 2707 2717 2702 2701 5063
7124,12435 8846 12436 9349 12434 8722 2576 6522 3015 4957
7125,10964 10963 2113 6121 6786 6124 10129 314 6640 7386
7126,7121 2085 6677 9883 7458 2083 2084 9457 11185 45
7127,7245 4235 2767 11550 2782 6053 2934 2103 9530 6643
7128,6220 2790 2428 2750 3110 626 1390 11706 6218 1520
7129,771 9203 44 6902 13412 14849 1255 9223 28 108
7130,12941 240 11469 705 3242 2266 2264 4807 4568 7692
7131,8553 2790 3110 489 2750 7552 7394 4817 10209 1816
7132,8457 4717 4029 4178 3409 9494 3645 2219 4179 6302
7133,4036 3038 4598 2880 14751 6432 14745 4037 10075 10072
7134,3748 7504 10762 3255 2826 1551 871 1103 3454 4180
7135,8800 4933 8461 9692 8794 2575 9281 7863 6904 7440
7136,8561 74 6823 7082 3803 8388 8562 9770 2986 727
7137,3811 10281 11272 1252 648 6342 9601 7688 3756 2701
7138,12469 15140 15143 15142 15139 15141 10481 14855 8708 2626
7139,11042 8585 2611 12268 11040 11004 2668 14144 5409 2086
7140,11126 13388 14988 14989 14990 14991 14992 3061 14993 14840
7141,1319 6361 6362 1779 1320 1778 2375 4060 6363 2371
7142,2996 11626 7427 1317 4316 2997 7554 10461 1321 4138
7143,9797 9798 10428 10429 9100 15133 13620 12991 14010 9482
7144,14896 1204 494 10476 8463 1213 466 837 655 2211
7145,10498 6701 6560 1029 11739 11643 2652 2500 48 10526
7146,15246 14986 14997 258 4956 1627 3064 1628 1736 5929
7147,3222 3132 250 11587 10432 1646 509 4350 4241 9082
7148,3707 2694 984 3704 3708 14649 1232 11819 8744 2711
7149,14979 14163 740 8195 9341 4845 3615 14980 14907 618
7150,6269 12291 12417 2664 12290 7868 11426 13160 12179 6268
7151,3055 3019 11045 13016 15263 13424 3057 45 14100 14558
7152,14383 14384 693 11403 6228 12081 692 9287 14248 14251
7153,1255 44 1256 1254 1253 1252 1251 5437 1417 5068
7154,15233 14163 15234 14866 14547 3021 101 8999 10715 91
7155,9056 9260 5608 15205 8588 4788 14430 14905 11980 11706
7156,3055 58 15069 11126 11404 7844 15072 12862 13388 10203
7157,2320 3771 13847 5023 9491 502 917 937 312 1988
7158,10592 3028 9884 4076 6463 9219 13263 3097 10472 9295
7159,12360 7290 3095 7291 7837 4083 7287 9428 4510 3634
7160,4553 7448 5630 7423 11151 9428 7691 3717 7398 730
7161,9209 14920 5919 13913 13808 12428 13891 10651 3474 2904
7162,14547 14163 14866 14618 740 91 12427 11045 105 14840
7163,13026 14977 14978 12525 59 14656 13405 2839 12519 6982
7164,58 11126 14980 14604 15285 14742 92 14979 79 91
7165,14163 14555 1498 3021 14868 9054 78 12513 14929 8272
7166,8301 7146 11931 3560 6419 11324 12755 12781 3785 7241
7167,15081 14840 3648 4153 14166 14850 7121 11314 14876 6676
7168,11061 111 7119 108 7127 15215 7116 7123 11058 7111
7169,8999 14547 1696 10503 15148 14866 14081 4727 54 12605
7170,2739 10159 6868 5479 6897 11393 13015 12428 1488 1880
7171,15007 14543 14566 11884 3841 15204 9300 14475 13920 8971
7172,1367 15276 3055 5311 2085 7134 7159 2125 11378 13388
7173,2254 8669 8692 11302 7337 3180 5610 7386 928 2588
7174,15011 15022 15247 14519 12877 13957 2096 15021 9115 6065
7175,7129 79 7130 14840 11045 3061 3062 14993 3060 14988
7176,3612 3611 13783 11762 13211 10247 10009 5775 13317 10008
7177,15247 14519 15011 12877 13626 15112 91 4429 11126 7130
7178,4060 2375 5846 2380 1778 2371 1320 9192 5845 6361
7179,8999 7128 15276 7113 7134 1367 2191 11058 91 14670
7180,58 11126 14980 14604 15285 14742 92 14979 79 91
7181,5739 2777 7697 6473 1646 2448 6405 10218 831 3222
7182,9818 9821 45 4426 9119 1368 9819 2739 12186 111
7183,8735 8734 3068 5929 3064 3065 8739 10562 8733 14217
7184,15248 8999 6106 14306 15148 14670 2504 54 9055 14988
7185,740 12084 14979 14089 5641 866 14547 1351 12847 12085
7186,3055 11126 13626 15247 11045 15002 3057 1367 101 45
7187,13388 11126 3063 10715 9610 8587 14988 14989 14840 14990
7188,10193 1001 1013 7080 1002 14347 1006 11624 1010 10355
7189,3161 9680 12063 3552 3153 10176 3172 2225 3154 2952
7190,3055 13626 15247 11126 7994 14519 11045 45 15011 15002
7191,11930 1738 3989 1757 9439 4360 8740 11931 10583 9686
7192,3222 10509 1602 10710 794 3337 4976 1646 2733 5061
7193,1352 7940 1753 4962 9163 12013 3042 13017 4251 12420
7194,14302 6657 14301 14097 14096 6658 6663 12556 2282 13398
7195,15045 4426 14550 10651 3055 13016 15273 7124 13912 15274
7196,13174 13173 15190 11549 15067 3178 15249 9310 15068 1367
7197,13132 10484 14616 242 13262 14329 13018 8408 14854 14970
7198,7129 79 7130 13891 11045 92 2142 14840 10715 93
7199,15168 15051 15119 15059 5376 8130 8007 10637 8132 8027
7200,5516 14114 13355 13431 5513 5515 8726 14303 13895 2082
7201,14862 8581 14654 14334 8586 14891 14904 8588 11308 3219
7202,7843 11367 7842 7844 14447 14165 8663 11366 6719 4892
7203,9054 12015 13587 9052 78 12016 10178 7124 14951 14555
7204,46 9026 1883 11205 14400 12977 9023 12205 2800 6002
7205,71 2575 7911 3043 8085 2192 2522 3136 3044 5421
7206,9610 1130 10553 13388 2160 4153 9611 7046 5664 1287
7207,13427 11166 12277 11858 9559 9354 4641 7735 5564 13816
7208,14592 14821 15252 14822 11731 10115 10833 1605 10834 9106
7209,4060 6361 6362 1778 1320 1779 6363 1319 2375 9192
7210,12290 12293 12674 12292 12289 12675 15253 13381 12291 12673
7211,11769 12479 561 12081 7209 5196 11744 10447 12557 6524
7212,13784 8655 6311 10639 3802 12641 9552 11819 12771 9553
7213,15254 14914 14905 1618 235 1619 611 15064 10893 234
7214,15255 2154 8413 13891 278 2125 2703 1367 15002 10238
7215,14930 91 14165 7632 14824 9054 14929 14555 110 15184
7216,14295 3498 11229 1118 11671 12668 2129 611 4470 14963
7217,740 14979 14980 8572 1351 14089 101 14163 14547 52
7218,1011 3075 7221 2870 3079 7546 2616 6703 3077 7076
7219,15132 12383 9544 13024 12597 6389 13023 5358 6817 5218
7220,6468 13514 3149 6261 7965 11936 6762 7182 11938 3406
7221,14955 14393 15108 3615 1204 4940 12020 14693 3895 10865
7222,9781 15074 10381 14341 1589 15075 611 12039 9127 12005
7223,13764 12024 12626 11575 14976 1754 12134 13761 14593 7888
7224,14555 7124 9054 15288 13912 14850 14852 14296 91 15184
7225,12578 14793 399 6185 6612 6477 6617 7171 4781 5246
7226,11379 3975 3174 3160 11441 7005 12016 12005 3169 4208
7227,855 7520 6443 8442 2255 7836 4926 7521 1437 5927
7228,14373 8100 8099 8102 8094 8092 5560 8089 8096 8091
7229,2876 4416 6364 3843 1826 7091 5450 9748 7554 2874
7230,13976 13051 10975 10977 13975 1448 5575 14025 14371 1286
7231,4117 15050 4118 4116 4581 12763 3040 4120 203 11673
7232,13701 2614 6989 7686 13960 4516 1534 6353 12301 13352
7233,3465 6353 4516 13701 2820 5430 2815 1339 14879 10207
7234,2614 1532 4516 6353 2742 13701 7686 2820 1534 10208
7235,2614 1532 7686 4516 14084 1534 13701 13561 2820 13319
7236,5998 13339 14016 2614 3465 4516 6350 2742 7686 12425
7237,14014 14325 13323 13575 405 2814 1529 2741 13671 3464
7238,4515 13323 13628 6001 2820 6000 13271 1532 10206 2741
7239,1532 8904 2614 7686 11112 4515 2820 13006 13561 1534
7240,13561 4516 6352 1534 2614 2820 1165 2742 12426 14599
7241,1532 1533 8904 4515 2743 11112 6992 2742 4330 2741
7242,14044 15096 8828 12743 14123 1532 8835 11121 13421 1323
7243,1532 15257 14138 11112 8904 8835 1165 4515 13188 2741
7244,4515 1532 5194 4330 2820 10206 2742 1533 8904 1165
7245,3213 2131 611 2548 6002 618 7283 2029 12110 2130
7246,14753 5991 2302 5992 8708 5994 5988 5826 5993 8477
7247,14811 406 14812 15032 12502 6325 12825 5299 15091 403
7248,12826 15164 12502 15202 12475 11054 403 2596 13422 6325
7249,6868 1880 2739 10965 11739 10292 5750 10480 4302 12130
7250,13932 14122 11755 13421 1323 405 12426 2820 13931 11879
7251,1323 14044 13421 14123 11121 12426 3923 13330 12008 8727
7252,3464 2820 12742 13731 1166 2815 14712 1165 12426 2742
7253,1535 13244 1165 1166 11121 12426 2820 1532 8727 4330
7254,2820 1166 13931 12426 3464 2742 1165 14150 12511 11524
7255,13259 404 1167 1166 2820 13200 12007 1168 405 12511
7256,3464 1166 3463 13731 11052 14712 2820 404 2816 12426
7257,2820 13624 13347 12426 1535 14457 1166 12747 1323 1165
7258,2614 1532 14405 2364 11121 408 11112 13334 1529 2820
7259,2820 2614 12426 14599 1323 1166 2742 13421 1532 1165
7260,6417 6351 3465 2742 15257 1532 2820 11122 1165 4516
7261,359 361 15258 15094 14333 15259 12098 362 360 5558
7262,3465 6417 15257 10523 6351 2820 4516 1532 8709 2815
7263,14333 359 15258 15094 361 15259 12098 362 5429 14872
7264,15094 359 15258 15259 12098 361 362 14333 5558 14284
7265,15094 15259 12098 359 362 15258 361 5558 14284 2221
7266,3465 13701 4516 10525 2820 2815 3464 6353 13248 2614
7267,10142 2101 1830 13401 11904 6861 4005 11255 7400 10571
7268,7719 15260 9143 6766 14674 14886 233 15046 232 3744
7269,13902 9587 3471 10551 851 9924 7460 69 7732 618
7270,11407 8605 11710 6483 11408 11409 10764 6849 637 2397
7271,12268 8214 3716 13944 4059 7916 3830 2662 8275 2668
7272,4594 6795 6797 4641 9558 12625 12624 5564 11210 6796
7273,13257 8592 1954 14777 1950 11362 14041 10036 14025 2610
7274,14066 12617 14797 9772 13462 8899 13063 14041 13877 8901
7275,7017 1742 6818 8487 11425 2801 6819 13400 8712 12266
7276,2086 8585 11039 11004 11042 11003 2093 14744 11040 12187
7277,14664 4719 11096 13063 10874 3274 14658 14020 10873 7759
7278,8393 13222 12992 7903 2012 945 13810 13816 6099 8392
7279,13721 11714 1635 2666 13944 2663 13811 2662 8392 7903
7280,12290 12289 13381 12293 12292 10037 12291 12675 12674 14631
7281,14888 460 9409 2112 10587 9410 13395 10093 13682 201
7282,11166 6792 6099 9012 5563 9560 14884 6794 8638 13427
7283,9560 5563 6792 9559 4594 4656 5564 10669 6796 13431
7284,14787 5785 13118 13099 11283 5377 11425 3883 615 13367
7285,8105 8090 13821 13915 9077 13820 5228 9076 13118 8092
7286,5157 11274 10716 12566 6228 6528 2982 2108 9805 2654
7287,12253 12091 10527 8543 8386 383 12311 14076 7909 14783
7288,8058 7825 5109 5368 5405 12483 13037 10249 5110 13728
7289,9759 13307 13 12 8095 15 8096 4565 11 8545
7290,12290 12289 12292 13381 12293 12291 12675 12674 15253 12673
7291,6789 7824 14043 6790 6788 2402 1955 13342 5607 14809
7292,5788 4450 6497 4448 6884 7641 11397 6493 13180 12039
7293,8629 14785 13355 1996 8726 13451 12992 13816 8628 2610
7294,12993 8663 8903 11367 11366 6719 4892 13527 1886 10918
7295,12290 12291 12289 13381 12292 12293 12674 12675 12673 10037
7296,12292 12618 13381 2793 9669 12978 12290 12289 9772 12293
7297,14771 11942 10012 9770 1544 14045 10230 11042 11427 1293
7298,13907 5578 10242 14769 5258 4654 7916 1958 4738 5579
7299,12290 12293 12292 12291 12675 12289 13381 12673 12674 14631
7300,1911 8103 12268 2665 1890 14041 3274 8899 3011 3010
7301,5349 14399 6094 2833 7916 3113 903 10322 5920 4059
7302,14752 13642 13643 12439 14352 13741 13726 12522 7940 14754
7303,4964 4753 4962 6544 5896 4073 4754 5895 9228 4752
7304,11219 6537 11218 7264 12748 6171 8057 11471 3665 2438
7305,15261 11785 14968 15101 13177 11114 13938 9403 9846 7436
7306,12333 12577 906 9961 9235 13673 12809 13647 13078 905
7307,5601 1265 10756 9998 13213 13217 5967 2418 1171 9996
7308,14217 5929 8735 15129 8734 14471 8736 10562 3067 8733
7309,3094 5778 9439 5780 6966 3028 5781 10098 5631 4597
7310,15262 14008 5352 12162 13694 231 14048 4455 6616 2852
7311,10054 4904 7331 4913 6300 7564 144 3237 5392 4884
7312,5896 4964 4073 9228 5895 4754 10112 7012 4753 4962
7313,14029 14122 14359 13320 1323 405 1532 13932 14655 13711
7314,6782 11227 11912 5157 6623 4948 6228 7574 2438 6253
7315,11108 6990 10563 11111 6995 4329 9784 9788 14408 11898
7316,7124 5595 11045 15289 4349 13912 7631 7129 7123 14689
7317,7215 9308 6356 7147 1771 11347 12631 15158 7013 2881
7318,13113 5112 6104 4292 8529 5898 7408 2859 3980 914
7319,1507 10809 13130 5685 13904 4834 4395 6684 4045 8680
7320,7628 12354 904 7629 8148 13833 12587 7950 1664 12363
7321,13282 3486 9406 9422 14545 9412 9421 2009 9408 9415
7322,11729 13733 9997 12026 1590 11730 6389 8045 7980 13142
7323,14217 14471 15129 10562 8734 8735 5929 3067 14714 13430
7324,13566 10009 13968 10008 8122 10010 5775 7646 11204 14153
7325,11223 6908 68 9930 5305 12052 8501 2130 2493 2501
7326,1532 11112 2614 2820 8904 2742 13329 2741 13855 13344
7327,14678 2881 10199 1317 4401 8541 5447 8645 7218 8539
7328,1532 15153 13855 4514 13349 11112 15097 11899 8904 2614
7329,1709 1711 8541 9967 12332 8848 1011 1725 1708 1010
7330,8144 5964 9806 12215 5707 13726 13970 13972 12588 11177
7331,14464 5689 8477 1721 2887 14226 8151 2617 13483 4133
7332,13551 13023 6744 14411 5288 354 7662 6743 15141 13642
7333,8848 1709 3075 11569 1711 8850 4603 8849 13713 11808
7334,1532 13855 360 8869 13351 15097 13320 11112 2820 13188
7335,13351 8808 4514 1532 1534 13635 14328 5193 13349 11899
7336,1013 2888 14347 7080 10193 11624 9195 13984 11808 11352
7337,5201 12309 5798 5200 5198 5202 811 8002 10446 7708
7338,6162 8335 5383 5385 1864 12576 8298 2439 1655 6253
7339,10071 8645 3443 4037 2880 13981 10072 4035 14745 10074
7340,13878 14678 2887 5673 14236 7449 12756 10199 11120 4401
7341,9784 12744 14359 2820 13344 2741 11122 6866 1532 13354
7342,9553 4315 15240 6311 72 10639 2779 3802 9552 9549
7343,12659 13647 13673 903 12664 12660 9961 12661 13924 12333
7344,14765 11651 1102 1306 5411 11654 3006 8494 3444 940
7345,12607 4611 11537 4616 13983 4612 4622 1318 5844 3083
7346,9127 14394 1947 9659 11622 8885 8035 9128 7259 8041
7347,13282 14545 3486 9406 9412 7015 9307 7014 9421 9422
7348,4514 6990 8906 10041 13235 12500 3465 13349 1532 13701
7349,14464 13483 11120 10626 3079 5673 2887 2869 13185 14226
7350,6553 4133 4605 8164 15238 9625 1357 9851 1721 6360
7351,1011 7784 11768 3083 7057 1003 7427 2014 1010 9851
7352,14571 8477 9749 14464 1011 2887 1003 8478 8020 7554
7353,11267 1527 10963 7241 10657 13324 5818 6352 7917 14740
7354,1532 14803 4329 4514 6990 11899 14408 12070 13349 11112
7355,6990 12070 11111 6995 11108 11898 14803 13854 4791 9784
7356,10626 3079 13483 7222 14347 2616 3443 13209 7076 4414
7357,14571 7014 7015 7013 14236 13282 8477 4062 14445 4063
7358,4296 14754 3259 4294 4298 13643 3554 4297 1436 4295
7359,4580 3789 2981 13853 11794 7568 8383 3786 13705 981
7360,13906 7627 2928 13630 7623 1985 3242 8514 2868 705
7361,14445 14038 4034 7013 12632 7015 11776 12866 14409 7014
7362,2852 9828 6611 2845 12162 2866 2862 6607 2855 1716
7363,8581 8009 14891 8588 5224 7966 14430 14928 14102 14709
7364,15263 4426 13016 15045 45 2191 7123 7424 7159 9052
7365,2156 5260 14502 14166 78 5335 3460 9054 11978 8256
7366,2475 10101 9781 2476 1437 4342 5423 7561 2540 14863
7367,2614 3465 1532 10208 4516 2820 2815 2742 15257 13344
7368,14887 12134 12574 14696 14697 14688 5678 13899 14606 12850
7369,14782 1743 13740 8487 13301 12314 8825 2801 5254 1742
7370,11112 1529 2614 1532 2820 13319 2741 13344 6416 7395
7371,5121 12190 9200 11873 2318 12853 5315 5325 12206 9319
7372,3055 1452 45 4988 11126 11058 6223 3057 7697 11045
7373,3736 11477 9817 12320 3737 6698 236 9265 323 3267
7374,6537 12748 11218 11219 2650 10353 3665 14153 15120 12536
7375,592 9975 5590 1066 635 2331 3731 5588 8138 2313
7376,13233 13717 13423 14879 12426 12786 14599 13202 10207 2820
7377,2249 6378 2247 10176 9800 3153 3161 8146 3618 208
7378,3943 11949 2490 415 10293 8067 5722 15227 8621 3662
7379,133 8390 4182 5053 292 11734 14001 5051 4031 6676
7380,8999 15148 12605 14081 9119 14670 14555 2504 11185 8377
7381,9099 3865 13436 9097 9487 3408 8895 9931 12052 3396
7382,15264 3403 5365 12667 5750 3043 8 3404 4698 1752
7383,8272 7632 12065 14923 12876 12031 9889 14493 8581 14102
7384,3471 618 14557 8473 10914 2027 12052 3166 10015 8048
7385,4840 11284 2133 1511 8562 3755 3754 7746 5570 13144
7386,14538 14264 14973 14938 12850 14547 14415 14222 11341 7264
7387,8748 14939 1619 1618 235 234 1617 9086 8673 11008
7388,14144 11004 11042 8585 11039 11003 11040 4576 2086 12602
7389,11725 15145 14545 2853 4066 2862 412 13282 2861 10048
7390,14181 12536 8454 14153 10351 6298 14342 13207 12748 14268
7391,14341 10381 2148 10380 11424 14952 7764 2358 3525 11419
7392,7727 837 742 1334 9164 7156 11482 1291 9914 10479
7393,13282 3486 14545 7015 9406 9422 7014 9412 8999 15015
7394,10888 13412 10551 2496 10712 10539 12005 2489 11204 1291
7395,478 14548 5542 8287 476 1646 484 176 11761 462
7396,112 11479 116 13190 5311 12139 8050 12140 6263 8052
7397,3871 3870 4989 8180 9992 4909 3869 7729 3287 11094
7398,9783 12507 5606 9787 9785 12508 9788 12510 8480 12503
7399,478 1441 855 4177 464 775 4257 2775 11706 7382
7400,5689 1721 14464 1861 8151 4605 8160 6360 8156 2617
7401,15265 11289 344 13656 13657 383 11285 11287 11288 14663
7402,14163 13388 5216 14543 15233 3021 14866 3063 10715 11126
7403,7386 7385 6817 3905 5257 2225 2229 6407 9675 4084
7404,2614 13319 14337 8803 1532 11899 13006 2742 6477 2820
7405,234 235 1618 1617 1619 1622 3055 12005 1621 1620
7406,1507 2140 10480 13130 2552 2528 8778 9914 7727 2559
7407,5517 15029 15205 11838 3055 1287 15028 8591 466 14668
7408,13848 2866 14093 617 4550 12162 14090 2855 2852 1669
7409,1532 11112 13855 8904 2741 13329 2820 13344 8835 1533
7410,9054 13587 8999 78 7124 14555 14951 14296 14166 3021
7411,5450 2876 8191 3844 1826 4609 4416 3843 10994 6805
7412,3088 11709 1893 13979 3540 6613 2865 14414 3089 2732
7413,13434 1573 34 3404 9281 9587 10838 10837 4865 10662
7414,7300 821 843 2324 775 795 6967 1452 6380 3217
7415,15267 12704 12702 12701 6748 12700 12699 12703 12705 12707
7416,2869 4607 4693 4135 1827 9751 1010 6804 2881 4139
7417,6668 6659 14098 109 14097 10394 14096 10415 11184 10586
7418,1532 8808 2614 11112 13351 13635 8904 14328 2820 8835
7419,7703 13337 15268 13390 12797 3587 12122 3787 12755 9418
7420,14464 2887 8477 14226 13483 5689 7450 13878 7449 4132
7421,12651 7881 6614 1904 4336 14730 11026 7894 1363 7475
7422,8243 10078 4944 7926 823 2344 668 14344 7279 6686
7423,15204 7313 15007 13143 9678 5397 10612 3370 14476 10874
7424,15084 13412 1918 14272 9920 8048 2493 10018 7726 12052
7425,15159 14344 3873 949 9783 8176 8950 2230 15105 4966
7426,49 3599 12666 3403 9773 9340 2738 5753 7294 2528
7427,11078 11077 11487 11489 10449 1267 11491 11488 9696 11492
7428,152 11562 11556 11561 5754 151 158 8600 155 10370
7429,7469 9623 13655 9621 3427 13068 1555 7515 12155 1549
7430,5246 7171 13137 7002 7169 6477 2864 6612 399 7167
7431,6411 1219 794 11759 3964 3596 216 11761 793 789
7432,12518 14178 12926 8264 6479 13254 11219 9556 5923 12525
7433,13847 8239 7350 7352 72 13387 7351 12137 14221 1471
7434,13310 6522 6523 11478 938 7146 15269 715 3560 9164
7435,13125 14981 12422 15242 12509 2695 11627 3393 10056 7675
7436,15269 6522 6523 12436 12434 12435 14870 8846 8722 9164
7437,323 13756 237 3104 182 2448 11243 172 5139 10837
7438,8466 9262 8475 378 8474 11459 8470 12178 8473 8469
7439,13129 9165 13415 5779 11445 11446 10961 6800 269 5781
7440,7290 10531 2116 3715 10618 2508 9428 2254 12768 4780
7441,11822 12501 408 1323 10733 8808 11897 10041 11111 10734
7442,14736 2869 1724 15027 6447 1721 1708 12734 1704 1002
7443,164 1295 8484 5835 4341 7708 12039 11706 3298 10446
7444,11000 10999 13209 10998 10630 10993 6804 1001 10627 10994
7445,9159 12420 5298 9164 2550 3160 10883 5096 1536 12559
7446,11855 2526 1090 2570 549 478 2033 10539 6889 4208
7447,7264 13770 13177 13406 14533 13879 7436 11908 13938 10560
7448,9788 6990 4791 9785 9787 11111 14803 12070 9784 11108
7449,2871 2873 9644 9645 2875 7818 9626 2874 7554 4139
7450,4962 6544 6622 4753 6543 13191 6494 10785 4964 4699
7451,715 2581 10633 2706 10625 8837 10507 10691 6672 2201
7452,8480 1880 10965 12764 14037 12130 7726 10612 5750 2549
7453,6674 6197 2477 8248 12694 11773 686 4988 169 6200
7454,10369 5552 9007 4238 14707 1491 11174 611 801 1966
7455,8701 637 8700 8702 4408 4661 4291 4395 11409 9071
7456,15270 14578 13587 101 15013 14407 13940 14510 14993 3060
7457,15079 14612 91 14559 1368 14866 14865 14163 14296 14867
7458,4635 1371 4906 2539 3381 3237 1370 10274 8180 3234
7459,4313 8113 4486 4314 4312 5275 4480 2721 4303 10591
7460,15060 13414 15028 15063 14826 101 14510 15001 15062 3051
7461,14622 6679 13528 5824 14776 13817 9766 2795 4058 4587
7462,14826 3055 14320 14578 13587 53 11126 15270 14306 14510
7463,14997 1480 5682 8873 7469 1549 12028 14986 5734 13577
7464,4424 12031 53 14163 2951 4432 771 4429 5929 0
7465,15271 14375 3121 15093 14183 12477 14374 14376 14405 13440
7466,149 11140 12573 12765 169 618 4 4385 14548 873
7467,5427 4482 5425 874 3529 3453 875 8692 7133 6376
7468,478 12841 7463 2018 1545 287 1551 5507 794 8845
7469,1762 12588 8144 9806 11177 2705 12587 10116 6165 1515
7470,10866 1133 8486 8525 9287 9288 4550 2670 12559 1549
7471,3442 6809 1317 6811 8166 9756 4132 9753 7404 6323
7472,10715 14690 14100 1351 14702 14875 13388 52 2204 14307
7473,10497 1548 12922 9606 7775 10496 9579 4294 3967 7777
7474,6969 8803 7798 1215 13319 10137 2494 9681 2339 14337
7475,1839 13194 12322 13193 10278 3404 7701 12755 12542 10753
7476,12575 14685 13559 14259 10821 8921 9267 1808 4073 8335
7477,1291 23 1880 2509 10654 14144 2549 12106 1879 8817
7478,9054 13587 8999 78 7124 14555 14951 14296 14166 3021
7479,4291 3468 10623 11975 1758 8344 5558 46 11064 9655
7480,8194 7089 9518 4295 918 9519 7751 2925 5746 8171
7481,3560 611 11017 6032 8665 8339 4495 6135 7146 11931
7482,8693 2340 1285 3641 1766 3502 471 12440 5498 5275
7483,740 4871 9511 14687 14893 10124 14979 15146 11353 14089
7484,529 11410 7236 12329 7241 528 14444 10788 538 10731
7485,9221 7398 5621 9284 3924 14419 1572 10960 8351 9669
7486,12813 4635 5306 12018 9719 9802 5215 3406 7160 6199
7487,2739 6800 6868 9165 4081 9503 2935 6897 4865 7277
7488,15255 2154 8413 13891 278 2125 2703 1367 15002 10238
7489,9069 4370 1919 2499 2522 4845 9068 8048 10389 9164
7490,1846 6238 4300 6239 1700 2627 6250 6252 6170 908
7491,11227 13391 1846 10190 11912 6623 2400 12228 11228 6782
7492,9014 3952 4468 1023 467 4406 34 6038 3580 3983
7493,2625 10144 2192 4865 5818 5305 5348 5937 149 46
7494,15272 7970 12564 11956 15260 14497 4233 13771 8861 4788
7495,11051 13347 13346 13005 2820 14599 12426 13624 6001 13717
7496,14320 9052 10078 14869 10215 14221 14929 14220 4944 2472
7497,75 3063 13388 8999 14199 11058 15215 12711 3058 15213
7498,14510 13414 14578 14824 14826 8376 53 14993 14607 3060
7499,10409 10408 3998 4265 505 2715 5060 8451 5061 9095
7500,5322 6580 7913 15092 12848 12829 3294 11706 5324 8219
7501,1160 13973 10780 379 1161 14617 8439 3968 3233 13571
7502,8106 5366 3980 383 5378 5374 9355 14275 9528 12610
7503,3937 7361 760 3916 12791 12790 12789 5568 700 3931
7504,13013 7153 14870 1485 11316 14597 15067 5748 363 56
7505,3055 11126 13626 15247 11045 15002 3057 1367 101 45
7506,6836 14452 13335 12064 14689 12062 5595 10124 1033 12063
7507,15274 15273 1351 52 10715 740 14089 14307 14100 8474
7508,11366 14486 14491 14481 5266 14485 14913 692 5267 14499
7509,5267 14491 14479 14486 11366 5266 14506 14481 13885 14485
7510,11366 3066 7849 4727 3065 7848 3064 7847 3068 7842
7511,692 11366 14479 14491 14486 14477 14136 8250 11405 5266
7512,11366 14477 13885 14486 5267 692 14913 5266 14485 14479
7513,11366 14477 13885 14486 5267 692 14913 5266 14485 14479
7514,11366 14404 14477 13885 692 15228 14486 5267 8377 14913
7515,11366 14477 13885 14486 5267 692 14913 5266 14485 14479
7516,11366 14404 14477 13885 692 15228 14486 5267 8377 14913
7517,11366 14404 14477 14486 5267 13885 692 14913 5266 14485
7518,11366 14477 13885 14486 5267 692 14913 4027 5266 14485
7519,11366 14477 13885 14486 5267 692 14913 5266 14485 14479
7520,11366 5267 14479 14477 14491 14486 5266 692 14913 13885
7521,692 11366 14486 14491 14479 14481 5266 14477 14913 14136
7522,11366 14477 13885 14486 5267 692 14913 5266 14485 14479
7523,11366 14477 13885 14486 5267 692 14913 5266 14485 14479
7524,11366 5266 14486 5267 14481 14485 14491 14477 14479 692
7525,11366 14477 13885 14486 5267 692 14913 5266 14485 14479
7526,11366 692 14477 14479 14486 14491 5267 14913 5266 14485
7527,11366 14477 13885 14486 5267 692 14913 5266 14485 14479
7528,11366 14477 13885 14486 5267 692 14913 5266 14485 14479
7529,11366 5267 14479 14491 14506 5266 14477 14486 13885 692
7530,11366 14477 13885 14486 5267 692 14913 5266 14485 14479
7531,3055 8369 15062 15061 3057 8370 3056 3058 3054 3053
7532,7124 13912 9054 14555 3055 111 91 8999 7111 7119
7533,8139 14675 3308 14419 6199 9802 4988 7283 14676 10077
7534,14825 14578 14827 15029 14826 15013 14510 53 3055 15270
7535,15029 14668 5517 11838 15028 494 15205 14163 2711 9200
7536,15277 14577 14576 13513 10741 1670 14036 8780 10330 14579
7537,14163 15233 14866 14668 8999 3021 14307 15029 10715 14547
7538,11126 14984 13388 3055 58 1367 10715 11125 9116 14988
7539,7002 15121 15123 15124 15122 14911 14143 12083 15059 10294
7540,1332 7580 3093 5455 1865 7577 7578 12193 503 10617
7541,14391 14163 14939 5545 13919 14579 315 13513 15233 9300
7542,9054 15076 14296 13587 8999 78 7124 14951 14555 3021
7543,739 14852 14306 3021 15230 14555 7113 15147 11058 9054
7544,14555 12427 15288 14850 14049 14081 14852 14558 15184 91
7545,8999 15148 12605 14081 9119 14670 14555 2504 11185 8377
7546,9052 14166 14929 14930 14220 14081 14555 13134 91 4437
7547,14865 59 6836 9260 13884 9227 91 14612 14867 92
7548,2739 1617 1620 1622 1621 1618 234 235 12014 1619
7549,14166 1374 3906 14929 8999 14081 14555 9054 91 78
7550,46 12545 9200 13919 14846 14141 5132 14400 10564 6002
7551,7632 8391 8690 3470 2202 4024 5642 12811 10539 2461
7552,12878 15279 15278 7524 8884 6089 5179 14741 710 15252
7553,12386 692 12387 11366 12388 11405 14136 13588 3906 8250
7554,8459 8123 15188 8121 8122 8127 1630 1697 8137 4450
7555,7581 14157 14159 14158 14160 1131 11746 2591 14224 5515
7556,692 11366 14136 11405 8250 693 14491 14479 12340 15082
7557,13388 10715 11126 1367 10891 547 3063 3061 14868 111
7558,3055 798 713 12055 12463 13626 11126 10053 15247 15002
7559,15067 101 15066 36 11549 1367 13013 3178 9134 5787
7560,12850 13885 14480 14500 11366 14506 14131 13606 14130 12298
7561,10715 14690 14100 1351 14702 14875 13388 52 2204 14307
7562,857 7141 14143 14911 10011 6329 1523 8133 1629 14667
7563,11120 14209 5673 14458 2869 4063 13590 14213 12756 14596
7564,14654 14862 14334 11308 14426 8586 14904 13920 8581 5183
7565,14654 692 11366 12340 14862 14426 11405 14136 14208 6725
7566,12512 3800 15019 8580 4570 2016 11836 6966 917 1949
7567,7057 4132 5447 11347 1010 8159 11808 4135 4687 6806
7568,12976 2253 3321 1033 10860 12975 12977 5047 1978 3283
7569,10513 10514 10644 10515 10512 10511 2810 9675 4084 581
7570,13382 12184 14370 4566 12645 9034 14369 9759 8096 13000
7571,11938 3916 139 11936 11937 11440 760 11939 7970 12326
7572,9204 10711 1834 5398 2197 6862 7621 14258 9315 8047
7573,1686 8619 3218 2717 7708 10517 8533 12359 7382 13435
7574,4454 13632 3494 14355 9182 11090 9409 9946 2739 5828
7575,12848 7913 3811 13228 383 13227 11139 8837 11066 3943
7576,13111 4599 7215 13112 9853 2375 11347 8159 7427 6806
7577,3223 11623 715 7820 8837 1869 1686 11957 9574 466
7578,12054 2191 7122 9282 91 7128 2562 9928 3735 2026
7579,13053 3730 4780 3374 9107 4321 8280 5164 2068 2910
7580,2546 5149 2527 2528 10551 2496 2234 87 2550 7732
7581,11240 163 4999 12189 2521 1646 2631 1442 466 3726
7582,6742 11325 1001 3415 3674 7062 2374 12806 4743 6734
7583,12625 12624 4652 9110 9111 11209 11858 13427 6797 4594
7584,3160 5278 64 9923 3461 9159 7762 46 7372 13412
7585,14954 6135 9553 9269 3584 9267 9552 14955 4315 727
7586,6134 9891 2535 2185 12295 12294 2532 4554 8044 2529
7587,12974 4324 6204 3023 4832 5400 6205 5587 6248 10552
7588,12172 5628 5626 14684 13614 8631 14031 13612 13613 2947
7589,9441 1507 3314 9601 9598 9596 13130 9483 10809 4226
7590,3811 1995 9246 3977 4978 9508 5000 861 574 8261
7591,4713 14377 4718 8274 1541 6412 14164 4719 5261 2945
7592,7324 5513 14159 1131 14604 10651 8802 7325 14605 100
7593,14578 12877 15028 14510 53 101 15270 15013 14993 13414
7594,739 11255 6676 14852 14306 7491 3021 14555 15230 3017
7595,8057 10813 2979 13366 10701 6622 13834 2438 12748 12566
7596,476 5419 167 3222 2761 9309 6579 6255 2448 6577
7597,14391 796 5545 6919 5315 1206 12423 14939 790 3100
7598,12305 6097 1649 9743 3033 3713 2578 8797 5048 1059
7599,2441 12944 15042 12761 7655 12943 9880 1540 15052 977
7600,2495 5209 11970 8246 5820 4640 5996 2480 5220 3359
7601,15280 2609 2608 2607 10494 4294 13358 4978 5612 3936
7602,5346 7695 3157 4282 6333 7694 10480 9887 2153 6474
7603,4132 4687 4688 3083 12071 10258 9628 11387 4138 14270
7604,3582 12110 2563 1018 14125 1090 618 9555 9924 12105
7605,4020 6437 7247 7681 7472 5493 13923 10487 7488 8175
7606,7439 5219 10019 8872 3253 1698 11834 7512 619 860
7607,9879 12761 12760 4589 4590 966 9880 2442 8813 12946
7608,10978 1130 5304 10222 10223 7441 10182 14368 25 150
7609,87 9815 2574 10017 9924 2130 96 12052 10539 69
7610,12280 4902 2063 1083 1042 3848 8515 4776 1043 2064
7611,10257 13950 7571 231 9827 6599 15162 15161 6476 568
7612,15245 15116 8708 3222 15117 15137 15115 15138 15136 10287
7613,14458 1859 13737 10095 14209 14582 1860 13992 11186 14213
7614,15281 14141 1044 14716 11391 13919 3503 10263 6523 14140
7615,1721 1723 1155 11638 1153 1151 1776 11640 4407 1726
7616,8704 625 6596 176 13517 8995 5507 2508 784 4235
7617,693 11403 14383 692 11405 14512 14384 11402 14208 14136
7618,2586 6032 457 2457 2589 466 6296 795 6380 4824
7619,6799 4659 4658 2615 4661 4647 4648 8701 4645 4646
7620,10715 14702 14100 14690 1351 14703 14220 14875 3021 13388
7621,1709 8150 2880 1721 1712 6447 1711 1726 9749 6847
7622,9610 8999 1287 13388 1130 14670 2125 45 10541 15003
7623,7559 12140 4906 1371 12139 3235 3234 4901 4903 7326
7624,10890 13412 11874 9925 9898 7461 2491 13724 9924 10549
7625,405 13333 1323 12426 2820 14122 13330 13187 13332 13334
7626,8857 12043 10389 2781 9259 757 7622 2460 3278 8859
7627,12376 10246 2014 12757 14751 1011 9084 7817 10994 10355
7628,2815 2742 6353 2743 14879 1165 2820 8835 2741 10206
7629,11407 8605 6483 11408 11409 11710 2397 637 10764 2437
7630,3398 275 8558 7483 334 10606 3826 1161 11706 593
7631,3149 4437 9316 8748 7182 9311 9310 6468 1957 618
7632,7402 7272 9689 4365 11647 12981 7277 9502 15125 6437
7633,1999 4664 476 4765 6102 12462 947 8552 293 4777
7634,2520 1302 13752 2962 6114 9321 14878 10888 4931 715
7635,2139 3328 5386 3947 9064 437 5187 1620 2150 1347
7636,12618 13067 4715 14779 9575 10978 6140 14515 1636 4584
7637,15282 1650 43 1647 1649 1648 163 1646 1645 6221
7638,1646 504 871 8403 464 879 3218 4185 5270 3104
7639,3055 11126 13626 15247 11045 15002 3057 1367 101 45
7640,2550 7243 7238 7244 386 4865 2533 2029 9158 2541
7641,4726 6434 2472 10657 4847 12337 2956 5135 10291 3273
7642,7149 3338 6375 6648 3905 2158 4007 10446 163 3812
7643,625 219 1477 7417 6373 1454 3026 10473 3307 10329
7644,13304 12977 13529 9353 13298 10860 12976 13289 13300 13299
7645,5828 6863 3494 9946 14259 4867 991 4635 9182 13363
7646,4881 7319 7311 5061 4983 187 7306 2115 7326 3607
7647,6369 5817 10066 4902 11298 6306 8560 9509 12127 9000
7648,585 1885 4762 14158 8323 11949 6638 13532 12997 1884
7649,585 3190 2653 6638 1170 1406 4241 10797 6365 11985
7650,10430 1160 11377 1055 9924 7769 5642 11376 2507 8793
7651,5134 8317 6408 11447 10144 2194 10143 462 759 2798
7652,3486 12627 13282 9421 14339 13556 15106 13557 9406 14338
7653,8376 7208 5351 11378 13909 10715 9590 14100 14510 2204
7654,1201 3254 6516 796 3681 6439 3255 1202 4868 2994
7655,728 8644 4307 6453 8667 584 611 1678 730 2252
7656,10240 826 6053 7956 9470 887 6223 3104 2194 6381
7657,11059 2154 7115 11058 3019 2191 7194 14851 2533 9043
7658,6245 7069 12908 11347 12895 11805 1011 8848 11808 11381
7659,13538 12653 6228 9214 4375 15086 14890 9126 8768 5157
7660,170 5577 143 7001 2448 5549 7310 10451 176 169
7661,4324 3629 9905 3343 11155 6380 8608 12005 6834 3361
7662,11347 2372 2379 2375 2369 14283 11816 9851 6431 12895
7663,8188 3362 3705 6954 5422 6519 3708 1231 3699 3473
7664,794 3226 7460 9587 4220 3104 4208 13902 7043 10381
7665,12813 9802 8499 166 161 8368 5362 4635 10018 5996
7666,14688 10384 6581 14887 14689 14575 14574 8250 14964 14492
7667,7115 3019 9223 11059 14092 13424 7123 10651 14558 7126
7668,6043 6318 10288 8704 6270 7917 3712 7838 6787 2525
7669,7499 12560 11298 11417 11416 11415 11411 11412 7640 4709
7670,2881 2869 4060 10199 3001 7215 1826 4414 11347 9194
7671,1519 1095 2763 3223 8516 806 462 8451 512 662
7672,4316 2996 9636 2998 7554 9641 7427 1001 12642 395
7673,73 2675 7220 14364 5436 11632 14534 3663 72 3821
7674,5345 1475 12672 12671 1535 11880 8892 4591 8894 3677
7675,15097 13320 8869 13855 4711 14183 13321 13319 1532 13452
7676,2663 4662 13462 4056 11369 1635 11370 11368 12544 13463
7677,3637 328 6879 9390 5370 10789 3905 324 2952 1763
7678,43 1081 3735 4138 1280 1719 12077 12929 10275 1278
7679,3055 11045 15289 13077 3022 3057 11126 101 7129 13626
7680,15243 7138 4637 4639 546 2721 3103 3300 2366 4313
7681,8999 75 3063 15215 13388 15213 3057 11058 14199 3058
7682,11578 1915 9662 9665 1914 5671 10191 7222 13573 7093
7683,11313 52 11314 14100 2203 11312 11311 3097 686 10651
7684,6038 6596 3206 3699 6026 4468 10742 6426 10310 10301
7685,15283 11934 14447 2097 11255 10142 9186 7621 11168 8047
7686,5299 5305 9135 14054 13851 14053 11258 6325 12097 5176
7687,2156 8307 70 7461 2509 11739 1090 2563 5260 363
7688,1840 12131 11567 2914 9226 13639 7949 13386 6544 6617
7689,3316 11812 5212 3329 5822 5220 88 120 8954 3339
7690,1880 7726 2549 10965 8480 14037 6897 12130 11739 12764
7691,3052 3053 3051 3058 3059 3056 3057 3054 15062 15061
7692,3211 5075 1457 12246 6381 839 5089 13048 826 2194
7693,1136 1146 1145 4596 1721 1708 1150 1717 7215 11639
7694,7324 10651 7325 15215 14604 108 7119 8802 14670 7132
7695,10715 14690 14100 1351 14702 3368 14875 13388 5812 52
7696,15073 3953 14894 3954 8102 8094 8089 8092 8087 8093
7697,14112 12865 10413 9800 9048 7698 1755 6444 6378 14115
7698,6364 1777 1826 9191 4416 5876 2881 6705 6805 3843
7699,1532 13201 2822 11112 13188 13202 11878 2741 2820 8904
7700,2238 6347 1818 5494 2704 697 1548 5866 434 7440
7701,1806 13012 1483 5415 1026 9927 9911 1485 14419 1492
7702,10985 9030 12819 15185 5990 3403 8 2216 154 3134
7703,7315 5835 121 3835 3827 164 14107 2495 5393 2482
7704,796 5057 6919 7835 790 495 7972 4212 14391 12243
7705,2614 5998 11899 13319 2742 1532 2820 15152 7686 8631
7706,101 2774 14898 2779 7159 4249 14264 15226 14547 740
7707,1583 4828 6962 1041 1570 1513 1581 1582 10710 6977
7708,2574 2576 11874 6896 2026 130 2549 10888 2571 10016
7709,13904 9495 2645 1302 8439 13431 1300 14684 10809 10524
7710,1367 15276 3055 5311 2085 7134 7159 2125 11378 13388
7711,3465 1529 2820 6417 13578 2815 2614 4516 3464 12745
7712,2185 1383 10140 5314 12052 12667 8504 10540 12857 9815
7713,7121 11185 8999 15069 91 101 111 7125 2142 7325
7714,9366 1529 3779 8834 4514 8826 2815 12426 2820 6416
7715,8648 3027 3151 3029 12057 1484 3506 3267 3031 3584
7716,10715 14690 14100 1351 14702 14875 13388 52 2204 14307
7717,1870 11016 3289 11813 3359 2566 6470 3356 3349 2540
7718,2815 2742 3465 2820 1165 3464 1323 12745 14879 2741
7719,3313 3985 843 8451 1454 3986 462 6577 6579 5066
7720,4515 2742 2745 2820 1532 2614 2743 7396 2364 13327
7721,6682 822 3372 820 7840 894 5153 778 6767 825
7722,3205 12232 5054 768 7681 4256 3207 9425 9426 4031
7723,13380 4035 10071 10073 8645 10072 4037 11420 4039 14745
7724,4636 4905 3348 1082 3328 4885 4638 4901 1459 5392
7725,1448 5575 4270 9577 6265 5756 13051 7506 7149 887
7726,3617 15054 3912 3616 3927 3914 852 3929 3809 3932
7727,6432 11028 11808 11805 10994 9850 11347 10355 9851 4598
7728,12793 13835 13224 8382 14126 9950 9951 13833 9952 9949
7729,15284 15012 14618 7510 9821 2020 9818 2084 47 11045
7730,9207 15084 12966 10637 10339 2904 9220 9204 9218 4491
7731,2139 612 8500 2150 287 9064 5187 8871 618 10446
7732,9223 771 14849 13977 464 11920 794 349 8795 205
7733,13825 475 9216 4797 14878 11861 2810 7767 11860 2962
7734,11535 3888 14704 12335 5019 12060 13356 8760 13730 11150
7735,12647 12068 10086 12646 12310 14796 8544 5324 11206 7825
7736,8999 15069 7121 11185 823 15148 101 7135 9119 14670
7737,91 14555 15184 8999 7122 14930 14865 7121 14081 92
7738,228 5613 3970 3966 5618 715 1297 3811 5612 10876
7739,6572 8071 7389 10790 6570 6571 8811 4322 12106 9686
7740,626 5709 10337 4966 5113 15100 14436 14833 4798 4963
7741,11366 14477 7115 14486 13885 5267 692 14913 5266 14485
7742,3019 45 108 7123 44 10651 7132 15215 7121 111
7743,2139 1072 3575 9043 1068 1017 7510 9610 6375 1050
7744,1354 2380 3666 1357 3074 11778 11626 2369 2378 8159
7745,13268 12552 10620 9017 13577 9018 2351 4276 5282 15046
7746,15030 5948 12506 15048 14151 12783 9244 12507 7295 8480
7747,3945 227 7552 13677 13676 9033 4780 11072 476 6833
7748,625 12178 13517 11459 3020 9262 1649 9263 6596 14475
7749,11720 12108 8669 8302 10573 12773 982 12585 10758 7386
7750,2509 742 5281 9164 1291 10551 2549 4845 10013 12052
7751,3008 3007 961 3664 9880 3012 966 12762 938 12558
7752,11045 8801 1033 10889 2538 13724 13412 15289 9901 9924
7753,9043 9586 2536 9585 2533 5574 392 2553 9924 9901
7754,10539 6898 97 10019 5314 12052 130 63 1383 9924
7755,740 14979 14089 14547 1351 12084 101 14980 14163 10715
7756,1721 1145 14345 1136 4407 1708 1776 1146 11891 1723
7757,3811 1457 7513 6031 824 834 5075 12246 3104 3211
7758,2739 4437 6868 6897 380 11393 14220 46 11920 9052
7759,860 163 7512 1690 1646 3104 6223 4592 2139 3097
7760,3223 6682 3935 466 2255 7840 7820 8769 512 462
7761,10715 13912 7124 1351 14100 14702 8999 14089 52 15274
7762,4863 12822 5412 2560 3043 96 11136 8501 3044 13042
7763,15166 15110 11197 6280 14371 14658 14164 15165 12949 14600
7764,9182 2488 2131 2483 7138 3822 3494 2789 4917 12996
7765,4712 7090 7386 13664 2225 8061 4711 14196 12906 14805
7766,11732 3961 10666 1713 2446 5902 13695 12320 11733 3369
7767,15043 1540 15042 15052 15053 7655 8263 12946 12943 12559
7768,10379 5281 6898 743 10376 10377 8501 10378 7764 7465
7769,9111 11166 11209 9110 9354 11210 13427 6792 12625 11858
7770,12324 994 3801 14961 13943 6357 876 12991 14946 1673
7771,4664 4656 4657 1999 4655 4653 5563 6793 4660 2804
7772,5299 3857 14054 6325 13851 11258 14053 12097 5176 15032
7773,14163 15233 14866 8999 3021 14307 10715 14547 91 13388
7774,14306 12206 1858 10215 739 6106 14555 91 14320 9054
7775,11126 13388 3055 58 1367 14984 10715 11125 9116 14988
7776,14163 15233 14866 8999 3021 14307 10715 14547 91 13388
7777,9054 14551 14555 78 14166 13587 739 14554 14557 12427
7778,14555 14852 739 15288 14850 14306 15184 14081 91 9054
7779,15147 1880 1490 3600 6868 7301 1488 1483 2206 1485
7780,4426 58 14163 11126 12427 7159 45 9055 15263 91
7781,14166 14929 3021 8999 14081 14930 91 13134 9054 9052
7782,58 11126 15285 13388 14980 14604 10715 3055 14988 14992
7783,14560 14851 13015 11718 14850 8999 11045 3960 7129 79
7784,14701 14899 15285 11478 6302 13310 5542 5121 3104 2544
7785,2026 2146 7734 9617 2130 10017 9927 2544 2571 2506
7786,14345 11340 3413 3414 1887 10750 673 3415 7056 4602
7787,13964 13965 13966 13963 13967 13707 6751 1121 7355 2521
7788,15255 2154 8413 11059 13891 7119 15215 1368 4429 14670
7789,12877 15247 14519 15112 15011 14578 12876 3991 101 3083
7790,14930 15244 14931 14427 14937 12513 2203 14929 14867 7124
7791,13414 14510 14826 15060 7159 15226 15063 15028 14578 1367
7792,15284 15012 14618 7510 9821 2020 9818 2084 47 11045
7793,8999 15148 12605 14081 9119 14670 14555 2504 11185 8377
7794,7332 4813 4884 4823 3235 3234 7330 4891 3236 1370
7795,1419 10435 11675 6911 13585 9688 1672 4865 1399 8673
7796,3055 11126 13388 11045 1367 3057 14988 14990 45 14989
7797,14826 13414 13587 14827 14510 15060 14578 14320 14296 9055
7798,14163 10715 14690 3021 14307 14100 13388 15233 2204 52
7799,14108 14210 12668 2838 14689 11271 14984 6012 14701 3478
7800,14080 15287 14605 14604 1500 8802 9821 8310 9818 3374
7801,14939 14391 5037 5052 5032 9390 5057 5059 5055 5058
7802,15288 14555 14850 14852 91 15184 12427 14081 7124 9054
7803,5222 3318 8903 13461 12277 13451 12993 1296 13818 4913
7804,8041 1947 6943 9128 14192 9659 14186 9231 11622 14133
7805,2009 12481 8997 13737 9410 11186 9409 9422 1303 2014
7806,4665 7739 8077 4651 14257 13706 12030 1877 11592 6479
7807,13195 8467 5347 8725 10187 10336 7863 2230 15159 10432
7808,15129 5929 8735 8736 14471 8739 14217 8733 8737 8734
7809,11368 11370 4660 2804 4663 4653 11369 13022 4650 4657
7810,4426 15263 13016 15045 7159 45 3019 58 91 2191
7811,3403 13753 10124 12667 15264 3404 7798 5750 10175 11035
7812,7124 14559 13912 14612 91 14866 15079 14555 8999 1368
7813,13193 10930 13194 12060 10931 967 3664 12762 11706 1540
7814,856 9801 12308 1814 1208 1041 103 10305 1658 47
7815,3465 2820 8904 14324 1532 1323 2815 12426 11122 10207
7816,14826 14827 14320 13587 13414 14578 14825 12875 53 15060
7817,1381 2585 10265 5278 9284 12005 10888 7734 4988 3718
7818,14555 15288 14852 14850 91 15184 14081 9054 12427 7124
7819,7124 14578 13912 53 14510 3055 12877 111 7123 91
7820,14824 58 14558 14868 11126 14510 14930 14867 9054 14870
7821,13412 8872 2033 7734 9617 9920 549 10890 15084 9215
7822,2566 7332 3237 3234 12325 4736 7564 7561 1370 4887
7823,53 14578 14826 14989 14988 14990 14987 14991 3061 14993
7824,1316 10158 12336 4036 10073 11808 4625 1318 11807 13426
7825,15289 14700 11045 7129 79 3022 7130 3055 7123 7132
7826,9306 13640 13798 5677 9319 11863 13805 11835 13807 9301
7827,13587 8369 15061 15062 8370 3058 3056 3057 3054 15001
7828,4416 2876 3843 1826 14105 7091 10627 6364 4414 12077
7829,6364 1826 4416 2881 4414 14363 10629 12644 4688 11625
7830,1081 1392 13755 5064 494 1280 43 1852 9053 10364
7831,3405 10123 13310 11920 4634 2560 7302 4865 5818 4966
7832,15290 15041 14359 9032 6363 14262 10698 3973 1894 12
7833,7760 7322 975 7321 7306 8498 7759 13877 10551 152
7834,1367 15276 7128 7134 5311 91 7113 11126 54 7325
7835,3055 6791 4820 9719 4878 13626 1163 11126 15247 4988
7836,3471 14557 14550 15065 9587 618 14552 1334 6523 611
7837,88 2209 2191 3356 3359 5829 5220 4898 3320 2482
