user_id,recommendation
0,0 18 17 14 7 11 16 15 6 5
1,32 31 30 35 37 36 33 7368 12466 34
2,60 85 83 59 65 70 76 57 49 80
3,150 123 127 157 132 134 153 155 130 154
4,202 192 197 194 203 191 196 195 200 9049
5,218 9609 219 217 213 221 212 214 7580 220
6,229 231 10488 230 8644 7658 1631 4504 3425 9189
7,11929 11928 246 245 240 243 236 12809 239 238
8,10501 8857 256 14003 257 249 6663 6094 15281 4766
9,263 262 4381 264 261 13641 10345 11063 10693 1556
10,271 269 11446 272 14167 270 8171 268 4339 5796
11,277 279 278 8171 8175 2020 6639 9621 11237 6663
12,286 290 291 285 282 284 13767 12621 288 5469
13,315 307 327 321 313 318 303 320 305 306
14,341 346 348 342 317 343 340 347 339 344
15,10534 6744 13121 354 2020 12867 15141 2462 355 10394
16,360 15259 359 14222 11110 362 15258 15223 15094 14755
17,364 363 15154 6004 13898 2061 12864 3615 8305 13175
18,367 13197 368 1672 3877 11097 13199 9149 8948 10446
19,371 376 377 380 372 382 370 373 379 374
20,396 401 400 11949 398 393 397 9626 395 394
21,405 403 14405 404 12426 13322 1166 2816 11418 13651
22,410 409 296 14173 8218 6579 14174 9170 11303 4155
23,425 447 446 427 432 479 450 452 444 459
24,532 530 536 535 534 533 525 531 538 537
25,544 4511 545 543 540 539 542 541 4737 6367
26,553 556 555 554 552 6722 11924 13594 6709 7060
27,564 565 566 562 572 563 567 570 571 568
28,577 12403 579 7397 11149 581 2468 578 580 1345
29,592 596 591 590 83 587 588 589 11740 595
30,623 604 614 605 6509 617 15020 610 608 606
31,14618 634 7051 9706 14297 14621 4379 13570 165 169
32,637 638 639 640 642 641 636 14865 11361 13957
33,648 649 2121 10171 2112 5816 4918 4640 5820 5212
34,658 659 653 14839 654 9097 3833 9830 14686 657
35,666 665 1093 9991 5280 5102 10245 14504 3607 7357
36,7849 669 3590 6090 4131 7848 10834 7579 2089 2655
37,671 14753 10090 670 10074 672 10089 10091 5868 4037
38,691 356 696 699 681 700 684 690 683 685
39,721 719 718 720 13216 14561 7179 14268 11236 15225
40,725 729 730 723 727 584 724 728 262 722
41,767 774 735 805 768 777 776 785 793 815
42,864 880 865 868 881 862 882 861 876 867
43,898 897 899 6589 3590 12955 9452 4445 6845 5879
44,902 903 5259 901 900 5970 904 8129 6533 8128
45,953 934 943 915 958 924 935 909 941 914
46,999 1002 1005 1012 1009 1000 1008 1006 1007 7078
47,1032 1076 1069 1053 1019 1024 1063 1061 1054 1065
48,1107 1108 11593 1112 1110 1113 7925 1106 1109 1111
49,1121 1120 1119 1122 8021 1123 8055 12493 12948 5249
50,1130 1129 1131 25 1128 13311 8960 14159 14158 14579
51,1156 1142 1137 1141 1147 1152 1139 1157 1140 1151
52,1159 1161 1160 3834 10133 4986 4984 14428 3835 2121
53,2816 13439 1165 1166 13200 2742 13346 13353 1167 14457
54,1171 1172 1173 3615 12493 11764 13547 11765 13031 9364
55,1178 12858 626 1177 1179 12466 358 6509 7849 7882
56,1184 1183 12093 9944 5468 5994 6210 11596 9938 12213
57,1187 1205 14842 1208 1189 1186 1197 1202 1191 1190
58,1220 1224 1221 1223 1226 1225 1227 1228 904 1222
59,1231 1232 1229 10305 1243 14431 1393 635 6644 8970
60,1240 8644 4441 7051 6020 8662 4496 1238 12784 1239
61,1246 1244 6291 1245 3849 6274 6278 6289 6292 6281
62,1248 1249 1247 5758 14267 10184 5428 2414 6202 12650
63,1254 1255 1253 1252 1251 2930 5555 11149 10573 9021
64,1260 1261 1262 1263 1259 688 9973 1264 7899 4784
65,1274 1279 1273 1270 1277 154 1271 1278 1275 14966
66,3833 1285 297 10267 8693 1286 7433 14377 3834 3152
67,12545 1290 1289 14508 3017 6080 13363 13362 12995 1291
68,1299 1303 1295 1296 1298 14934 1297 1300 14926 1302
69,1310 1311 1307 1308 1309 1306 1305 14845 14584 10495
70,1315 1314 11536 1316 1317 3082 4625 15217 12663 13450
71,1324 1323 13854 14457 1168 12501 8526 2816 12070 13009
72,2950 1328 1327 1329 1330 0 11076 1345 12550 7203
73,15020 14618 8873 8880 611 118 7494 11065 14621 11172
74,1336 1337 1335 254 12269 1338 5674 13316 9204 9207
75,1283 426 11764 4453 13547 11765 5397 11789 7621 4879
76,1345 2328 6569 7501 3261 3619 3026 2360 9429 1327
77,1348 1351 1349 1350 6691 9700 9052 9701 9706 4005
78,1829 1356 4141 1353 1355 6320 9663 1354 10366 2886
79,1364 1359 1363 1362 1361 7850 13530 1360 980 57
80,103 1367 14865 1369 9049 1368 4813 4899 13952 1370
81,1379 1378 1375 1376 12233 1377 1380 1374 3906 2950
82,1415 1434 1428 1393 1425 427 1411 1432 1402 1431
83,5225 1462 14718 2950 1461 10491 1463 2562 1395 0
84,1470 1472 1471 1468 1469 1473 3947 15105 10642 9183
85,1486 1477 1479 1484 885 1474 1476 1481 1475 1482
86,1498 1501 14718 15205 12017 1500 15154 11458 3485 14868
87,1508 12816 1507 9621 1647 9620 13130 6639 4284 12815
88,1512 1513 15140 13256 249 10254 7433 1428 14396 6693
89,2562 747 14621 767 109 1516 9277 14548 3208 773
90,1521 1522 8882 11744 7257 6783 6480 6491 9433 5965
91,1526 1528 1530 1527 1525 14740 1531 10884 1532 11112
92,15042 1536 1538 1540 15021 12785 1539 7368 8263 14608
93,1545 1546 11204 9170 2659 6308 4489 4484 5507 6008
94,1551 1550 2151 7004 15205 10806 5663 9298 8716 3472
95,14167 12858 13616 1555 1556 1557 1554 13654 14119 12923
96,1563 1562 6743 10286 15245 15137 6744 15117 15143 15136
97,596 1428 1575 1571 14386 1579 1576 1565 3226 1577
98,14618 685 7051 1591 3224 4441 6588 1590 12545 4379
99,1597 1598 1612 1610 1609 1508 1601 1599 1442 1608
100,1628 1627 15246 3064 3066 14986 14714 11216 9106 7815
101,1631 5259 1630 1629 15204 5970 6533 8929 7658 8128
102,1634 10605 1635 2662 8626 8632 8960 8214 7014 8629
103,14966 1642 14618 889 1645 1644 1643 468 1640 788
104,5702 5699 1654 6812 9049 6367 12212 5703 1655 1094
105,1659 1658 2048 4557 12634 9539 11868 14410 6004 7301
106,1663 1662 2395 2388 109 9169 2387 2386 15236 2398
107,1668 7705 5469 2657 9832 5796 1667 12708 7707 7706
108,1675 1672 1671 1674 13197 12753 11541 1673 5879 3264
109,9544 942 1503 1684 1685 3220 3922 1686 1687 3224
110,1693 1695 1694 1696 3224 15154 11834 1698 1697 1087
111,1703 1708 1710 1717 1722 1706 1150 1702 1705 1715
112,11855 7307 2056 1733 7313 1754 7311 1732 478 8857
113,1736 8440 5936 1280 3066 5924 2416 15246 1613 3245
114,1741 1740 3618 7684 13233 12842 5607 12006 13234 2834
115,9097 342 1747 2930 1744 1745 1746 11299 11855 11841
116,573 196 12803 3268 11467 7851 2942 6076 12801 11771
117,1754 1758 1761 322 10824 1757 1762 1760 1755 2056
118,1770 1771 1773 1724 1769 1772 10824 14218 1136 11027
119,1784 1783 14012 1781 11294 1782 1785 11458 13522 8756
120,1789 1791 1794 1788 1790 1793 1792 4444 11907 12530
121,1197 10491 1800 9405 1799 15162 10478 1199 1797 12431
122,1807 1812 1814 1048 1813 1811 5398 1810 13401 3114
123,1823 1821 1822 1825 1824 1826 14400 11536 10268 9424
124,1830 11082 12190 10328 1833 12191 1832 725 13935 5397
125,1841 1849 1842 1850 1853 1838 1851 1843 1839 1844
126,13897 13896 1859 1858 1860 1861 9832 12145 12708 1862
127,1867 1868 11704 8432 8346 9795 5435 7429 10201 1613
128,11065 13407 1873 13774 1872 6691 9700 9706 13773 9701
129,1875 1876 7695 14102 4012 3387 10711 7706 5133 7705
130,2950 297 0 23 1879 725 14953 10267 3152 3264
131,1884 1882 1883 11980 9026 13432 3481 9170 10976 14454
132,1888 1887 13662 3414 2980 8822 10388 6063 10554 6395
133,1891 7804 1892 1894 7925 1893 1113 5887 13547 8515
134,1899 1390 871 1570 1900 11138 7506 3922 8401 6200
135,1904 13807 444 1907 1906 1903 4336 14027 11026 11027
136,1916 5671 1914 1915 9665 4693 1913 2622 9662 9663
137,1918 10501 1640 14056 12995 13747 8815 1647 2128 4454
138,1923 1924 1930 1929 1933 1922 1925 1928 1927 1931
139,15232 1940 1941 8204 6297 1942 14012 11546 12214 2724
140,1946 1945 11467 7882 2942 6076 11771 6562 7889 12159
141,1951 1884 1955 1953 1950 1954 1949 1956 1952 3264
142,600 596 1966 1970 1962 1967 14583 1973 1968 1974
143,1986 1985 9890 13596 9371 13658 9165 5259 12359 10308
144,1989 13143 1990 12438 11935 5784 8188 5523 14274 3989
145,15137 15138 15136 15117 1995 1993 10287 14141 15116 14591
146,2001 2000 3709 3224 1263 2003 2002 2004 5469 5476
147,2009 2011 3005 10366 1357 2010 10365 2014 2012 4141
148,1093 2020 2023 2022 2019 2025 9169 2027 14621 13767
149,2039 2035 2040 2034 2037 2038 2036 3624 187 10391
150,2047 2048 2050 2052 2051 2049 14926 14450 2045 4881
151,2058 2059 14966 7345 2060 10787 4430 5435 11151 5978
152,1079 14130 419 875 15084 6568 15189 2062 7345 6861
153,2073 631 9609 217 1692 2344 13886 2071 2070 2072
154,2083 2085 2084 8370 3058 3053 3056 12711 3052 3054
155,2088 2089 2091 2090 2093 2092 2087 1578 2086 4131
156,2096 2100 2102 2097 2101 2099 5398 2007 14258 484
157,2112 2109 2110 2114 2113 2111 12501 2121 5990 2254
158,2121 2127 2128 2129 2134 2123 14586 2125 1744 2136
159,2161 2162 2166 2164 2163 2160 2165 5280 437 424
160,2178 2171 2174 2176 2172 2180 2173 2184 2179 2181
161,2197 1191 2187 2186 1551 2196 2188 2192 2190 63
162,2217 2212 2220 2213 2207 2233 2222 2215 2224 2236
163,453 249 8857 2462 8008 2256 2562 9621 15285 9620
164,2259 1987 2276 8329 13719 8328 2283 15204 8332 2272
165,2261 9405 13570 15285 487 12086 7925 2703 500 1902
166,721 719 718 720 13216 14561 7179 14268 11236 15225
167,2264 2267 2266 2265 2930 14235 12941 4794 14508 5889
168,2276 2283 2272 2281 2269 1594 2282 2280 2259 2275
169,3922 2035 2298 2297 6812 3624 3924 3928 3919 3921
170,2317 2315 2316 2308 2303 363 2310 2307 2304 2305
171,9332 2327 9335 9333 4237 10308 12403 7232 3224 5794
172,2344 2341 2330 2332 631 2349 2340 2333 2342 65
173,2362 1088 10501 4811 4810 14030 14904 5133 8281 5150
174,14618 2005 788 11236 3986 5133 735 11149 767 5150
175,2374 2370 2371 9663 4142 10366 4141 10365 1356 2369
176,2395 2388 2398 2386 2387 2389 2381 2390 2382 2392
177,2401 2404 2403 6985 2402 526 532 4837 9517 535
178,2406 2048 11874 5458 2691 3352 1112 367 15051 12141
179,480 2407 738 4324 6308 12200 9445 767 3502 3479
180,2426 2416 2414 2415 2413 2429 2417 2425 2422 2411
181,15208 2441 2443 2442 15209 12760 12632 4590 8814 4589
182,2446 7953 268 2447 11949 2445 10529 2468 4104 14240
183,4245 2449 2450 10735 11659 3479 5418 1032 3048 3559
184,2462 2453 2367 2454 2452 2458 2459 7054 11740 2456
185,12484 2465 4245 1841 2466 2145 7345 7526 2030 6658
186,2475 2470 2472 2469 2471 602 3833 2474 1164 2473
187,2526 2494 85 2508 2521 2537 2514 2481 2530 2524
188,2577 11455 15160 14497 13771 3212 859 8861 12234 1904
189,600 1621 13898 2581 2580 2579 12864 12305 1622 12307
190,7054 5792 2586 9204 2587 9318 1238 9207 12305 9209
191,2596 2593 2592 2591 2595 13780 2594 14780 2094 14527
192,2601 9049 4131 2602 7579 14310 2089 5762 8441 6767
193,2604 14167 14504 2605 14274 7468 1093 10209 11456 10755
194,2608 2607 2294 12359 2289 4813 11149 2291 2917 2290
195,2612 2610 2613 8632 2611 2666 4059 12268 13451 15110
196,2622 2620 1729 1730 2619 2623 703 369 2618 2621
197,15139 15137 15136 15138 10287 15143 8708 12469 15117 15142
198,2629 2628 7339 3147 9691 11140 4315 11413 2662 5800
199,2632 2633 12700 2221 1173 5879 5596 6589 12701 12703
200,2646 2647 2640 2644 2648 2639 2642 2643 5334 2638
201,2655 2293 2296 2653 2651 3114 2650 3853 2291 2294
202,2662 2663 1635 8214 2664 8632 13160 1996 8275 8096
203,2672 3847 9287 3849 2669 2671 2670 2673 9277 11740
204,2681 2703 2678 2687 1761 2685 389 2698 2677 2691
205,2724 2727 2728 2725 2726 2729 2723 5967 11020 3090
206,2733 7823 2734 12001 11998 1687 1602 3130 11995 4049
207,2740 2741 2738 5999 11418 12425 6416 13322 2742 13353
208,1815 1247 2748 2751 2750 4784 2749 4129 5758 807
209,2768 2773 2774 2757 2775 2769 2758 1962 635 139
210,2797 2786 2796 2793 2788 2794 2787 2790 2795 2792
211,2813 2811 2812 13920 13216 14877 13296 13293 6754 4837
212,2816 14457 13439 2819 13659 1166 2818 2817 14405 1535
213,2825 2826 10762 3748 11867 1086 1871 1103 3351 5214
214,2829 2828 2832 2831 2833 14845 1311 2830 11299 3813
215,2840 14352 13641 7650 2839 13176 14450 12518 12451 12521
216,2843 2851 2844 2853 2857 2855 2854 935 2850 683
217,2871 2873 9752 2872 8850 2874 2870 2869 9644 4063
218,15020 14618 8873 7494 11065 611 14621 8362 8871 11172
219,2886 2883 2885 2880 2882 2893 2890 2889 2888 11949
220,2903 2906 2898 2899 2905 2904 2257 2895 1898 2730
221,2916 2917 2926 2925 2922 2921 2607 2923 2918 2924
222,2932 2936 2933 14904 2937 13048 2934 14391 10417 2562
223,2943 2944 5262 2116 5263 7836 2657 666 337 5743
224,2950 0 1328 2946 2949 2947 2945 2316 2948 2199
225,2959 482 2957 15031 13431 2955 2958 6090 2930 2956
226,2974 2970 2966 2973 2977 2980 2972 2965 2968 2967
227,2985 74 3719 10214 7459 13168 5462 2986 4945 14954
228,4017 9602 2987 2719 2161 5280 7398 253 3544 10494
229,2988 31 2442 4590 30 8814 4589 12518 2441 2989
230,3648 3654 2257 625 12017 2991 14292 3656 12305 3650
231,3001 2997 3002 2996 2998 6807 2995 2999 3000 9643
232,3005 3007 3008 3009 13594 3006 3004 14147 12233 8497
233,14386 3014 9318 3015 1586 2024 3696 1093 10328 5538
234,3018 3019 105 114 13952 2131 3240 14898 13016 7121
235,3023 10348 10597 3024 10552 5420 298 3335 9693 774
236,60 3036 3031 3034 3025 3026 3028 3027 3032 3030
237,3044 297 10267 15006 10268 4869 3043 2560 4863 1752
238,3045 3046 14457 5193 2823 2816 11749 12816 15010 2745
239,3047 15157 4245 960 9820 3048 10791 6312 4164 8432
240,3058 3053 3056 3052 3054 14584 8370 15060 3057 2083
241,3066 3068 3064 3065 13439 3067 12900 15129 8734 15246
242,12218 3071 5594 12219 3069 12221 11885 10970 12431 3070
243,3076 3078 1314 3075 3079 3080 3077 1315 2996 11536
244,7804 3087 3086 3088 11076 3090 13547 13465 13470 11075
245,106 11065 3092 14843 13124 2204 11064 14100 10049 9604
246,3094 8983 8269 9757 3001 9439 4132 5778 13572 1780
247,3098 2926 14618 2236 3099 10268 3096 6974 3100 4121
248,3107 11104 11101 3106 3003 11100 11105 14267 1152 1151
249,3114 2293 3110 3112 3108 3111 3113 3109 15204 4972
250,12466 8234 3118 5646 10269 6936 5649 10448 4430 11152
251,1514 1547 3122 203 3123 1881 2945 3121 2649 3120
252,3152 3137 3141 3156 3150 3161 3133 3158 3147 2119
253,3197 3198 3202 7447 3191 3187 2366 2208 3193 3199
254,3215 3220 761 3186 3216 3218 3221 3219 3213 430
255,3232 3229 3231 909 3228 1298 2445 3227 3230 14586
256,3240 3019 3244 3243 3242 3241 8401 13058 4332 15235
257,15031 3141 3152 3137 13522 3156 11230 3147 3150 8599
258,3252 3253 3249 4869 3251 2468 3643 12979 5084 7862
259,1310 1311 3260 3261 3259 8913 1345 14845 2829 4585
260,3266 3267 11924 9829 7199 11985 10181 3268 11116 8611
261,2794 12420 3643 12979 602 5004 3269 3270 3252 3387
262,3330 123 3335 3333 165 3321 3332 3289 3281 3279
263,3387 3388 7695 10184 10125 9867 14173 14102 6202 10781
264,3389 15235 286 3502 3479 8989 5558 5915 7486 4159
265,3401 3400 555 3394 3397 14450 3396 3392 3393 3399
266,5792 3406 2187 544 3947 10268 3407 14621 5397 3790
267,3411 1652 11665 5261 3410 12296 12280 11733 9060 9577
268,3414 1887 3413 1888 3415 7075 15157 6447 12914 2980
269,3417 3418 4439 3362 12165 10022 13465 13470 1209 2851
270,3426 3422 2908 3425 3424 3423 3421 7942 6800 10118
271,3429 3428 3427 13403 13405 1121 13404 1119 8021 9393
272,3432 3430 3433 3434 3431 13476 13472 710 8969 13478
273,3436 14686 11581 5005 6706 7100 14864 5010 15157 5006
274,3922 1390 15217 3438 2221 6579 3439 7872 1415 3924
275,3450 3447 3448 6985 3445 3451 3446 3449 14348 5224
276,3452 8674 13476 13472 13478 13473 12985 12673 3264 13967
277,1445 343 3457 57 7054 3454 3455 3444 3458 15157
278,2816 13439 3464 3463 11052 13326 1166 14712 13651 13672
279,3467 3466 2672 11065 9098 5994 11838 5789 9688 11837
280,3469 3470 14240 11670 8871 6303 11125 6766 14361 6197
281,3472 2790 2750 1550 5469 3110 1982 9602 15189 11017
282,14842 2468 12431 1345 3477 1201 3478 128 7501 6222
283,3480 14222 8646 14369 15179 7399 14059 3018 7650 13939
284,3483 6395 3084 1720 9409 1703 12737 9752 13736 1708
285,1978 3487 3226 1243 8658 12004 6372 10840 596 11215
286,3489 3491 3490 9451 9327 13776 7083 13777 12299 12887
287,3502 3496 2129 2164 3499 243 3494 3498 3493 3501
288,3511 7345 3510 67 12864 9973 11956 9021 4511 14554
289,3517 3514 3516 2750 3186 3518 6367 3515 6663 6090
290,3528 3523 190 3532 1089 2357 194 3531 3525 189
291,3551 518 3554 3552 3553 3550 3242 15207 3240 13143
292,3562 3564 2636 3563 3561 3566 3567 2086 3565 2088
293,3574 1875 6911 3575 3638 5663 2462 770 10276 4215
294,3578 6985 11949 2468 994 9364 7670 3579 9254 13031
295,3584 3585 2233 3586 3581 3583 12785 3582 11215 1767
296,3590 3591 3198 3592 3648 12868 12867 3197 14356 7875
297,2738 3595 12086 3596 3597 3594 7580 10806 12420 42
298,3605 1765 3607 1019 543 233 3604 3606 3323 3601
299,3615 1171 4339 12493 12803 9544 7470 4400 10473 6812
300,3624 3618 3628 3626 3632 3631 3633 3625 3630 3156
301,3648 3654 3656 3650 3649 14292 3652 3653 6656 6661
302,4367 3667 3666 7078 2891 8154 8155 8400 9379 9536
303,3670 4066 4071 4070 3669 1345 3671 4064 4072 5639
304,14842 3677 3680 3681 3675 3676 3684 3673 3679 1008
305,3700 3696 3701 3702 1615 1616 3704 3703 598 1243
306,3717 3716 3715 3138 8085 3714 2166 3152 11866 3137
307,3721 3722 8274 8286 8281 400 8289 8276 8279 8282
308,3731 3734 3738 3728 3732 3736 1983 3725 3733 3739
309,1943 3745 190 3534 2911 1112 2826 3747 3454 3746
310,500 3753 14028 8400 9830 9324 9323 14839 13654 1667
311,3758 3763 1098 3764 3757 3761 9609 3759 1080 2682
312,3769 3768 3767 9544 3770 9049 12086 3771 13513 6588
313,3784 3776 3780 3783 3782 3775 3785 3779 3778 15115
314,3790 12004 3220 3406 3791 6991 11162 1225 12295 12447
315,13806 3794 3795 5261 736 477 735 13957 5431 425
316,3799 13239 2430 3798 9116 2434 2436 532 8871 14240
317,3803 3804 3805 3806 3802 3800 3801 3807 15157 4381
318,8401 1078 7954 6367 4129 3811 3810 7506 12089 6200
319,12545 3813 3263 14737 14845 3815 12194 3814 6998 3816
320,3833 3383 3828 3831 3823 3822 3824 14950 3830 3832
321,3516 3843 14218 3842 7506 11350 5450 1771 14518 6367
322,3849 3847 1878 11740 5702 3851 3396 2673 5469 3848
323,3855 246 5792 3947 9326 11141 9324 12212 14621 603
324,2831 3861 3859 13121 14527 230 2830 629 10488 14890
325,3869 30 3866 3868 3867 5482 9527 11138 8218 9296
326,3877 3882 3880 3879 3881 3873 1889 3875 3883 3876
327,3895 2043 3904 3586 3900 3905 3903 3902 3898 3899
328,3252 8171 996 3643 12979 3909 8175 6800 383 11593
329,3922 3921 3924 3928 3920 822 3919 253 3911 3926
330,3942 3944 714 732 3943 3940 3941 6911 15000 9693
331,3950 4367 5259 3951 8400 9379 273 13716 4445 6936
332,3954 3953 7953 14302 8098 8094 14398 9143 8093 8102
333,3962 3956 3964 3955 3961 1292 3957 3963 654 14851
334,3978 3979 11867 12591 9336 7473 14843 14216 729 4817
335,3981 626 3980 13113 2288 1178 8380 6509 3786 11148
336,11065 3985 6911 3984 3720 3837 6639 3638 11064 8618
337,3989 3990 14348 13143 12438 9181 11935 5523 13401 6861
338,3993 3994 725 5262 5263 3073 9364 15207 14169 3578
339,3995 14012 3997 3998 3996 11546 1789 15228 9973 12457
340,4005 4003 1817 12620 2332 11082 4001 1811 6861 5398
341,4012 13898 2269 12864 7813 13175 4131 7579 13279 7811
342,4015 12190 625 12017 351 15006 9081 5594 4394 4014
343,4022 4018 4020 4019 1442 4021 179 1263 12591 2928
344,4034 14409 4035 14038 10071 3442 10074 10913 9889 15189
345,4041 4047 4043 4044 4046 4042 4040 1372 1051 9602
346,3114 3108 3111 4050 4972 4051 4974 4049 12462 3109
347,4054 4434 12145 15111 4314 15237 13431 11991 3064 11225
348,4055 5356 11294 4250 4159 10273 174 15179 5004 489
349,4057 4056 2088 2663 12949 2612 4058 13451 13306 2666
350,1778 4060 4415 2375 11624 1322 1319 11532 2371 6364
351,4071 4066 4070 4064 4072 4067 3670 1844 4065 3669
352,4078 1908 4091 4079 4076 4089 4084 3664 846 1100
353,4112 4100 4110 4108 4098 4097 652 4109 4106 4113
354,4117 9287 4116 4118 15050 3498 3040 262 4119 11707
355,4123 5256 5104 5103 5102 5101 5100 5099 5098 5097
356,4129 4124 4125 14997 4128 15245 4784 8873 9829 12327
357,1356 4141 1829 10366 10365 2371 6320 9663 4142 1357
358,4149 4150 4148 4152 4151 10800 8770 5468 6534 9972
359,4155 4165 4164 4162 4159 410 4163 4166 3558 4156
360,4168 4173 4169 4172 1123 4171 6800 4170 2982 5198
361,4176 4177 12476 9424 437 809 3224 15042 797 1683
362,4215 4243 4237 4240 4191 3577 3574 4209 4210 4192
363,6395 4273 1176 4272 6397 12194 710 6396 14056 10109
364,4284 3637 4287 4288 4290 4277 4281 1766 5792 4289
365,4306 4309 4311 4310 4307 4308 4305 4304 15162 3947
366,4324 4321 4322 4320 998 4319 4323 8063 2352 593
367,4329 14408 10563 6990 2820 9785 9787 14803 12426 9795
368,2243 4331 5867 14636 5861 2184 7075 351 7313 4297
369,4333 4334 12951 7705 12954 12955 12958 12956 10448 13543
370,12476 4337 15042 4338 14172 13010 6401 14230 13551 2731
371,3831 4341 3289 3339 4344 3826 2488 4343 3833 4340
372,2468 4350 165 4351 12784 2305 14027 14185 10529 6072
373,3208 9405 4354 337 4353 4251 14359 5037 13047 2253
374,2614 11740 13320 12114 366 618 7224 13319 7433 6754
375,4358 1222 13905 318 1220 12804 1224 1221 6510 12346
376,4362 4361 13654 13142 12214 12985 8674 10197 6392 12215
377,4363 6572 6990 8494 2155 12403 7113 12593 4728 7830
378,4365 4364 2768 14396 13716 600 351 273 517 13048
379,4367 2916 8400 2930 9379 7345 4445 412 9829 11956
380,3920 822 4374 4369 3922 4375 4372 600 4373 4371
381,4381 263 262 11063 4380 10345 13641 10856 1452 12466
382,4394 4400 4388 4393 4389 637 4390 4391 4404 4402
383,4415 4414 9191 11346 3844 8982 11350 1780 11382 5845
384,4418 8815 13580 4417 11704 12563 5954 4818 7299 14602
385,4430 13017 4431 4423 3279 2411 4300 4427 4424 4432
386,4439 11236 4440 3719 5261 5762 4438 5954 691 8990
387,4444 11907 11047 13481 4443 14540 9700 6691 9701 9706
388,4448 4447 4449 4446 936 9290 12030 13901 934 4048
389,4453 5397 11789 7621 11905 4153 8008 2686 3208 14197
390,4454 2843 1827 2977 4460 4457 4456 2866 4458 4461
391,4489 4484 4471 4481 1455 4404 2698 4288 4491 2659
392,2741 13353 14405 4515 13186 4514 11418 6416 13322 12426
393,4517 5906 9165 2569 15160 13771 12234 1904 5908 2582
394,4522 4525 4520 4526 4527 4528 4524 4523 1947 1948
395,4533 1731 981 12484 955 4535 4532 4531 4534 7526
396,4540 4538 12491 4542 4539 290 4545 4543 4536 4537
397,3769 4552 4553 3092 4555 4554 541 4556 11065 544
398,4560 4563 2426 569 12951 4561 564 565 11744 12955
399,3098 3260 4575 4572 4584 4573 4583 4571 1265 4576
400,1829 4602 4603 1322 4597 4601 4401 2891 4596 4600
401,4610 698 10032 13534 5712 14377 4802 14230 6839 4277
402,4625 4615 4621 4611 4619 4620 4623 4622 4618 4613
403,2462 4629 4631 4628 704 4632 4627 354 2932 443
404,4636 14966 7009 4637 2483 12233 1275 1163 5260 187
405,4648 4646 4652 4647 4645 4656 4653 4654 4655 4644
406,4666 12330 11446 8326 7821 11140 4667 9371 9204 9207
407,11065 9890 4668 4669 10596 12269 1647 5712 11064 14591
408,4672 4671 8683 13947 7384 14696 14720 3264 14719 14847
409,4675 8188 10770 7633 14561 14433 13454 7871 1133 7180
410,4678 4684 4677 4676 4681 4686 4683 4685 4680 4679
411,4687 4689 4691 4690 2873 4132 4688 9756 6323 3443
412,4376 4492 2254 2121 4489 5261 4484 9686 11838 517
413,1699 4701 4698 4697 4702 4703 4699 4696 12282 4170
414,14183 4711 3121 13320 15097 3023 3257 5591 13186 13855
415,4713 4715 4717 4714 4716 4718 13919 13563 2018 11868
416,4723 15078 4722 14409 500 4720 4721 137 13095 4970
417,4727 4728 7846 7713 15160 13771 11982 12234 1904 11076
418,4730 603 8176 15222 14038 14344 14043 4110 4037 1317
419,4731 4361 4735 4734 4733 3891 4736 4732 4362 930
420,4742 4575 4741 12318 3252 13767 14005 6076 11467 1917
421,2161 5280 4077 4743 10628 5624 5846 11381 10627 4078
422,4746 4749 4747 7874 4748 4745 13142 1269 8008 2982
423,4752 4751 4956 4753 11005 7851 9839 6754 2277 4958
424,4759 1418 697 3181 2200 4756 2271 2319 4758 14386
425,2294 4766 2366 13920 11140 3197 8857 3097 487 10472
426,4775 4774 4776 12280 4772 4773 4777 1960 14966 600
427,7665 3525 7666 4781 7662 15022 7661 14891 10276 1243
428,4784 4785 4788 4794 4793 4786 4795 4790 4783 4797
429,4811 4810 11681 14030 8281 9741 14570 10265 9564 2362
430,4813 2607 4812 12682 184 3398 3224 3219 14240 8063
431,3110 4817 4818 3114 14243 7850 14239 4819 5527 10209
432,11458 15006 4822 9779 12086 9298 3208 4823 13143 4591
433,890 4827 4829 4830 4828 4831 1083 11299 5769 1807
434,4837 4840 4834 4838 4835 4839 4836 526 532 10348
435,4852 165 3262 4850 4858 732 4854 4848 2479 1191
436,3034 4873 2775 2692 4021 4877 870 7009 1687 4876
437,396 393 401 400 398 397 9756 6323 8983 9544
438,3238 1073 2485 4890 4427 4888 1029 4894 4895 1031
439,4918 3496 4915 4917 559 4916 2488 3331 2567 124
440,12318 14417 4924 8581 46 14935 3472 3066 8656 8440
441,4928 235 3396 234 4476 1688 15115 4927 4931 4930
442,4935 4371 822 3920 13058 4349 15189 7779 11773 7662
443,4939 4941 4937 4938 4942 2008 4940 4927 11593 4829
444,8581 11900 9170 4949 11424 2770 7815 13352 7110 3856
445,4956 4957 4959 4958 4952 2129 4955 4953 4954 4960
446,4974 3108 4972 3114 3111 3819 3109 4050 4975 8552
447,4984 4986 4716 122 4982 4987 4873 1159 3359 4878
448,4994 4996 4995 7698 3355 11150 8721 12202 9615 14518
449,4997 4999 4998 14621 89 3553 5001 9405 5000 9271
450,5009 5006 5008 5005 5007 7850 4381 13530 7660 9371
451,3208 4251 5037 2453 2253 5024 5031 5044 2006 5043
452,5085 5082 5084 5086 2222 5078 5087 5076 3370 5083
453,4729 5098 11473 5096 5097 13124 6911 602 15281 7083
454,5102 5101 5108 5106 5105 5107 5103 5109 5110 1517
455,5115 12825 10040 12861 7086 6291 9434 12672 10049 15267
456,3245 5119 975 5118 3121 3151 5116 3167 15031 12493
457,5127 5128 5125 11781 5126 7660 5124 11780 14169 13256
458,5133 5150 5151 5130 5160 479 5146 5148 2362 5159
459,5181 2714 3557 5182 4085 4495 487 3921 8815 14591
460,5185 4369 5889 5184 4021 14532 9648 7646 9890 10548
461,5189 5187 5188 5190 4038 1461 5095 5191 1816 14007
462,2699 5196 4784 5197 4456 9885 10491 15207 2681 2703
463,5198 10443 12484 5199 5762 10580 3719 4800 4737 15125
464,5204 4033 10468 5133 5150 13947 576 5151 5130 3885
465,5214 5212 3351 5213 3831 5210 5215 1477 4979 5207
466,5224 26 5223 5777 5837 5526 6562 4255 9985 8350
467,5227 5230 5231 5229 5232 3449 5228 1740 3447 12313
468,5235 5237 5233 10970 1489 5234 3526 5397 9544 5236
469,5239 5240 5242 5241 5238 4444 11907 14540 7430 13774
470,5245 5243 5244 1121 8008 5247 5246 10926 4784 1124
471,10824 10501 13543 5251 5250 13726 9581 2954 2903 13918
472,5254 1886 5252 5255 5253 3005 8085 11254 2088 4881
473,5260 12233 15162 10491 1799 351 10405 4306 15161 13258
474,5262 5263 2657 13563 3993 4274 6125 5264 1601 2944
475,5273 1489 299 4288 5276 1492 7447 15115 5275 3792
476,5282 2268 2276 2283 14005 2272 6004 8085 2282 8882
477,3950 5285 5284 4367 13874 10778 14540 5286 13875 8400
478,5291 5292 4409 5289 5290 8171 15118 7954 5293 5294
479,5298 5308 3019 5301 5304 2492 5303 5306 5309 12420
480,5320 5318 5317 5319 15078 12123 12126 9847 7851 11321
481,5322 467 5321 9544 14508 1807 14082 8241 4224 1391
482,5326 1882 5327 3482 5328 14026 3481 13002 8095 5331
483,5333 3794 2901 1979 5261 13699 2903 14039 11637 12518
484,5336 5337 5338 12868 14542 5335 12867 7257 7109 1451
485,3384 3385 7823 12001 11998 6020 11995 3130 5342 5343
486,2824 5344 5999 13926 2823 10040 15096 14331 13575 6291
487,5346 297 5347 8993 11949 7695 5772 10267 5348 12269
488,5356 5355 5358 576 5357 5352 5354 5353 7953 14865
489,14179 3428 5361 5359 5360 9049 8644 2139 3429 15084
490,5373 5377 5372 5369 5370 5371 5379 5363 6985 5366
491,5390 5212 5389 5388 3332 13491 13506 13494 13499 5393
492,5397 253 3911 5396 10572 3922 3990 13886 5523 7633
493,5399 15232 9455 14926 517 15154 15281 10804 7083 12230
494,11593 4937 11017 209 8497 3643 13645 12451 12979 6147
495,3387 5401 5402 10781 10184 9867 6202 7695 14497 14102
496,5407 5406 5404 5403 5405 13728 9944 8058 13959 8374
497,11389 2470 5410 11388 4878 4908 4992 4823 4813 6652
498,5417 5418 5416 8441 1752 4228 11659 10663 7698 7633
499,8676 1484 5423 5425 5426 14348 874 5424 1611 12451
500,5428 1249 2414 12650 11469 12555 2421 3004 3661 12554
501,5431 5432 13806 427 5429 3117 5433 2000 4202 5430
502,5442 5439 5440 5445 1153 5443 5444 5446 1776 5441
503,5448 2996 4139 1826 11624 9626 13443 5447 396 6807
504,5454 5459 5455 5452 5458 3352 5457 5453 1112 1104
505,5463 8326 991 5465 13363 5464 13095 13362 12909 13092
506,5469 5476 5481 3472 5479 5471 5470 1668 5472 5474
507,5489 7821 5490 5487 6471 635 8431 10304 5488 4183
508,5492 13719 13941 5493 13934 14904 2020 2116 12482 1897
509,5496 5495 11149 12344 577 9140 14359 5224 4341 14808
510,5497 9609 1345 5498 5499 5501 5503 5500 3909 13807
511,253 5508 5507 4547 3396 2702 13886 10125 1684 10910
512,5514 5515 13431 12388 5513 14904 13472 13476 13478 13670
513,5518 13570 5519 14222 14581 14204 5373 7085 14478 11221
514,5523 5524 5527 5526 5525 660 5528 4816 13143 15118
515,5532 1140 5448 5535 5529 5534 5530 5533 1148 4625
516,2768 5539 2774 4364 2758 5546 5540 5545 4366 5544
517,1254 5555 5556 416 2795 5557 14966 344 5554 8486
518,8456 5561 12403 2152 10348 7814 5988 2317 12420 10597
519,5566 5565 4644 4642 5563 14923 5564 4648 4646 4647
520,5571 5572 10884 5569 5568 2669 13058 5570 1553 5269
521,5469 5576 5475 14548 487 12466 5476 3837 5577 12403
522,5579 9576 2468 5578 1690 12614 12617 7051 9078 8902
523,5582 11213 8188 9966 14926 7964 5938 5616 9893 7398
524,5587 587 208 5585 5586 3224 2331 5588 5589 1345
525,5592 14356 1836 5593 14839 6863 11215 10910 7053 9204
526,5600 1940 5601 2905 5597 5603 5602 4750 4169 13216
527,15205 11047 5463 2081 5607 932 7954 13481 4301 5606
528,2930 5613 600 5615 2266 5619 5612 5616 5620 5618
529,5626 5628 11980 5627 12614 14179 5259 12617 8626 8632
530,4848 5632 1273 5629 134 5634 9609 5630 5631 648
531,14052 15032 5299 6325 14811 13851 361 406 12502 6863
532,5646 5649 4430 5645 5644 5648 5647 5643 5651 5650
533,5665 5666 12592 4737 7368 14730 7954 13010 4509 14260
534,5669 1773 14749 5668 5670 14748 11082 10214 5667 14746
535,5674 1337 5675 11781 5676 1748 11780 7660 12451 5009
536,5680 5434 12190 3101 5681 5679 3264 9081 5594 1830
537,922 5684 648 1093 15140 6754 10171 9021 6675 1758
538,11949 4687 4596 4132 5686 2887 4688 4134 6323 5687
539,5694 5696 5691 5693 5695 5692 10488 13654 7650 13218
540,5702 5699 5703 5698 5701 5705 5700 1654 5704 11740
541,5712 11446 5710 626 569 12484 5707 5711 5709 3886
542,2589 5721 5719 2577 5717 5722 5720 5718 4441 1638
543,5729 767 5731 4288 3803 5732 1402 5727 4312 1766
544,3532 14348 13807 5499 15055 3528 190 9442 3531 189
545,49 5747 2134 1273 5744 5751 5750 5746 13896 5365
546,5758 5759 5757 15118 6800 14240 8871 15129 4881 12103
547,3719 5762 3937 4481 5761 5765 13530 5766 450 5767
548,5772 5773 5774 5771 5770 12431 109 13563 212 13522
549,5777 5779 5775 3038 3028 5778 5631 5776 644 9371
550,14904 5786 5787 14404 7000 12641 13784 10403 14099 10564
551,3467 5789 3989 9527 9296 4763 9181 11213 9183 11065
552,5792 5990 5791 8340 9336 5988 4284 500 2415 5987
553,5796 4339 271 4099 4111 5798 5794 2857 5795 1668
554,2121 2112 4918 4640 5816 4341 5212 5820 2962 5815
555,5841 5839 5844 5842 5840 5847 1145 5846 5843 5848
556,2221 5596 5850 10362 8171 7393 10563 8172 12061 14963
557,5867 2184 5861 4297 5856 5869 5854 5864 5862 4512
558,5879 4410 5882 5883 5877 1175 2405 5878 5880 2633
559,2724 5891 5620 2930 2723 11546 6598 5177 3995 2727
560,5862 2993 3286 5894 11764 11765 13547 1760 6297 5811
561,5897 5896 5895 4964 4595 4710 9839 1753 9837 2907
562,5906 5908 4517 1464 1465 1466 2582 5900 5901 14378
563,5924 5936 5930 4793 5944 5935 3420 5931 5941 5939
564,10348 10597 5959 5956 5957 885 5420 774 5958 3709
565,5967 5965 5966 5964 2903 3125 5970 5968 5963 5969
566,1341 1340 3499 389 14356 9713 2129 606 9712 14260
567,14842 5975 5978 5976 5979 3681 5974 5973 1644 12985
568,5983 5984 4709 7846 6800 4525 12476 11413 11600 7612
569,5990 5988 5987 4399 1296 5175 5791 5792 5991 5989
570,5999 5344 5998 1534 13319 2614 2816 13320 12426 13960
571,1957 5324 7494 3213 578 3114 12086 11740 10934 5796
572,6006 6007 6011 6008 6010 6009 12663 5261 9169 14409
573,6020 6021 6026 5342 2366 3385 6030 5655 5343 6014
574,5065 5026 5072 5073 5034 14939 5067 6048 6046 161
575,6054 9169 12663 8431 1416 4129 1684 13058 5527 7872
576,6057 12233 4748 6060 6058 6059 13121 12867 13142 14047
577,6063 15236 7633 2082 5417 7621 2133 517 14359 5085
578,4687 11949 4132 4138 9756 4131 4688 14753 12282 7579
579,6069 6068 337 9972 13631 11413 14027 11780 11152 12282
580,6070 231 14890 7658 1268 4504 15232 6395 12981 3425
581,6072 202 5792 6074 6073 14130 594 6071 13919 4350
582,6081 6080 7874 7873 7872 6082 12545 7870 12966 603
583,6083 297 6367 6303 10267 7232 14141 848 4349 5489
584,6090 5434 6084 7849 3976 3514 4195 6087 6089 6091
585,15232 1898 6096 6097 6297 11244 2903 2257 7882 6180
586,6100 6101 6099 14066 12480 15000 14233 14781 9026 2613
587,3863 1471 5997 4367 9442 6103 2186 1470 412 6663
588,12327 3556 6319 13142 1238 11934 12030 487 6367 3557
589,6107 6105 3750 348 6113 3983 6112 6108 6106 6111
590,6123 6120 6121 12484 6122 7620 11236 6119 12431 7526
591,6128 6003 6127 5 160 665 13522 6129 8896 14005
592,6130 109 13278 6132 1282 6131 7709 3933 4674 2217
593,12190 2680 2681 9081 5594 1830 2703 3029 12191 5680
594,6136 6139 6137 6138 2018 8252 1451 4713 8759 3906
595,3312 4918 8260 12921 4912 9116 10666 3335 4763 3330
596,3692 11473 679 3602 691 4377 820 14091 12466 12753
597,6145 6144 9576 8917 276 707 14508 6579 13715 11027
598,6147 6150 6149 6154 6148 4496 6153 3636 6152 6151
599,6158 10932 11110 12816 11868 8808 14337 6996 12985 8081
600,6166 5445 6160 6161 6163 10534 1253 6159 6167 6165
601,11082 5396 6175 4000 6176 14003 4005 6812 2772 15196
602,6180 6182 4948 6184 6096 6183 1700 1939 1837 6185
603,6196 6197 6193 1186 12168 3145 5059 3396 3318 6191
604,6204 6203 6205 4877 11299 2352 13104 4994 2341 6701
605,6210 6211 1650 3499 3206 4184 6215 4475 1377 6213
606,6226 6225 6227 10970 10269 12030 6224 14507 13589 3837
607,6230 6233 6229 6234 3814 6236 1991 6231 6232 6235
608,5525 6252 5064 6241 6242 6254 6256 6239 1931 2104
609,2151 15078 5801 3876 3643 12979 7003 1586 9335 5794
610,6269 6268 8218 5758 2813 11281 14914 351 13019 14484
611,6985 994 1675 7670 1712 1673 10943 1672 3849 396
612,6291 1246 6278 6274 6292 6289 6272 6281 6283 6287
613,6293 774 6295 4532 9170 6588 10348 6294 10597 11424
614,6297 5600 15232 5894 1844 5095 6173 6298 1178 1841
615,11047 5828 13481 5401 3289 5388 3371 5825 295 3381
616,2221 5596 10362 2526 8960 2482 8260 2161 10125 8171
617,6308 6008 6312 3504 5869 6307 3047 6309 667 2659
618,9527 9296 1565 11213 6374 1564 1428 596 14926 9273
619,6320 6323 1861 6321 11536 3082 9756 6322 5686 5689
620,6331 4583 12089 6327 2831 4581 6329 6328 12090 636
621,6338 6339 6337 6344 6341 6342 1766 3604 10824 2689
622,6351 6350 13730 13248 6417 8905 10525 13322 6416 13701
623,917 6354 4837 13393 4545 953 13394 4349 934 290
624,1145 4596 11949 1011 1725 7078 2885 1136 5686 1005
625,8456 6358 6357 6675 5988 2152 211 8455 2317 13675
626,1778 6361 4415 6362 3758 2371 1278 1321 9191 1780
627,6367 3110 6372 6365 2467 5739 6370 5090 6369 6371
628,1019 2356 5737 1765 9469 3605 1032 3607 543 1057
629,6377 4774 6383 6378 1437 6382 6032 3931 324 6381
630,6388 6389 13121 13120 6392 14012 6390 12516 1076 13024
631,6395 1176 6397 4272 6396 12194 4273 10109 14728 12650
632,6407 6403 6405 6406 6404 2240 6402 7345 1304 6408
633,6415 2614 4514 6414 13320 13319 6754 12114 7224 11749
634,6359 6429 4508 6418 6422 1266 6420 6424 5664 6419
635,6364 6431 6432 10308 2624 7092 9191 11624 11808 9961
636,15020 1617 1618 1622 235 234 1619 14939 1621 13898
637,4250 890 815 4195 6438 10884 6437 6436 6049 2045
638,6446 5449 4625 5448 6447 15281 1135 7083 6742 5535
639,6457 6459 6456 6449 6461 6455 6450 6452 6451 6448
640,6464 11740 6465 348 5653 5654 5646 6463 2458 5652
641,5487 4639 458 2509 635 6469 5489 1807 6470 13269
642,3233 5195 6473 2607 6056 1608 328 2808 4161 336
643,6491 6480 6501 6492 6500 6478 6502 342 959 6497
644,6527 2258 6524 2055 6526 6525 6518 6523 3142 4797
645,6534 13547 13151 9370 4150 11621 12704 1363 11382 9925
646,6536 2969 6538 6540 6541 14012 6539 6542 6173 6298
647,1345 4357 6548 13667 1187 4802 10032 6839 14170 5712
648,6553 6554 6555 6551 6556 1914 6550 6552 1357 10366
649,6562 6558 5837 6560 6563 3446 6564 1297 5838 5223
650,1303 7 14549 0 14573 14398 1299 18 12266 14787
651,6570 13807 6569 6571 15055 12501 13143 10041 12505 1345
652,15007 6574 2445 6575 6576 6577 2468 14240 5571 2562
653,6582 6584 15192 6581 14950 5147 6583 7846 10560 9511
654,6588 6585 1479 6587 6295 4490 1591 810 6586 7203
655,3527 3943 2562 3944 3942 14431 3208 4215 3574 764
656,2768 11740 6592 3185 6594 2562 4366 6593 12785 12614
657,6598 1237 431 2724 2723 12545 6597 6986 10286 1563
658,2857 6602 6601 6600 2167 6599 5796 4339 10268 2065
659,6614 6609 6605 6611 6606 6604 6607 6612 6613 6616
660,6632 6627 6628 6631 6630 4465 11546 1110 11593 6626
661,6639 3773 6633 6637 5474 3985 6635 1453 6519 3188
662,6654 6663 6661 6656 6659 6655 6652 6658 6662 6660
663,6669 4368 7850 7200 12682 13269 13104 4785 13537 14001
664,6675 211 6677 6676 6672 6674 5894 6671 4555 954
665,341 973 8243 6686 7345 9187 346 11956 12691 10334
666,6471 5489 6157 5490 3635 3370 6689 8431 595 7821
667,1512 249 1428 6693 2453 1229 6694 6697 5184 5343
668,6147 6702 6700 11017 6701 12663 13645 4153 9169 11140
669,3076 3078 3077 3079 6703 2870 6704 3075 1314 6324
670,6722 6714 6724 6709 6712 6720 6715 6710 6718 6723
671,6729 6728 9204 9207 9209 2197 5095 5593 7053 12501
672,6732 4013 6731 950 15160 1841 13771 1855 7705 12234
673,6735 1015 6738 6734 2148 6737 10367 11424 3415 12145
674,6743 6744 15245 15117 15138 15136 15137 10286 1563 15143
675,6746 6745 6747 13216 6951 14561 3264 6573 10683 14147
676,14621 6749 104 9510 10209 15157 11213 15140 14620 602
677,5917 6985 12086 10125 6750 6751 2005 13967 5904 10950
678,2462 10276 6753 820 4771 2065 7830 4881 10417 12360
679,6758 6757 6756 6759 6760 2971 6761 2974 2970 2966
680,3926 3199 6763 7433 6764 751 14621 6580 4876 3931
681,6772 934 943 10580 6770 952 953 6773 8006 935
682,6778 6783 6780 6777 6776 4281 6184 6779 6775 6781
683,6788 6786 2221 1128 5596 6787 1093 8420 14012 2363
684,4646 4648 4647 4645 6793 4644 4642 4655 6794 5563
685,6800 10321 12386 11740 3906 2235 1429 7849 3909 6801
686,6807 2997 2996 6804 9643 9634 4604 13443 6808 9636
687,6812 14267 9049 6697 249 1512 1428 6693 1735 8652
688,6815 6814 949 12700 6816 14855 12701 12703 12699 5435
689,6818 6819 9602 1890 12266 4897 1869 2801 1911 11425
690,532 6820 536 538 531 530 535 534 14808 525
691,6823 6824 11065 6825 6821 133 6822 1888 12803 167
692,6831 6828 6829 444 6830 3728 4419 6826 2225 472
693,6836 563 2931 6837 6835 13920 2918 1263 10824 9832
694,6845 6843 6840 12089 6842 12090 6841 6844 12719 13686
695,6364 11624 9191 15126 7425 11532 11923 12739 12737 11801
696,823 5584 6848 3151 6851 6850 6849 8401 544 710
697,6853 2211 4715 315 3225 7004 14043 14396 9051 8662
698,5779 6861 6177 592 2065 1834 6700 6857 2097 2349
699,14405 404 6866 2816 12426 403 13574 12502 9784 14457
700,6869 6876 6871 6872 6873 6870 310 3312 6088 2955
701,4153 4251 6676 3648 4346 5540 3185 3208 5043 4717
702,12923 6883 13142 1789 6884 6885 12959 8204 12931 8033
703,90 6906 5316 6903 39 6904 5001 6898 6688 6905
704,9424 13699 6918 6919 1899 8581 9170 4208 2770 1071
705,6921 6922 10491 13258 3833 11946 11116 14950 10778 11552
706,6925 6926 6927 4922 5637 5484 5212 4918 8349 13563
707,6936 3220 6931 3950 6932 6937 6933 3133 6934 1388
708,6947 6946 6948 5877 6944 6945 6943 3942 6949 5603
709,6962 6953 6961 1966 14842 5778 6958 3932 5080 6957
710,6974 4121 6971 6978 3098 6980 1735 2994 127 4176
711,6989 14183 2815 13353 2816 13352 11749 13960 6417 13235
712,6991 4515 6992 13455 2744 3220 8810 11162 14799 5193
713,5194 6995 12884 15102 11541 13082 5192 14325 10040 14179
714,2151 7003 1434 5434 6998 6997 4471 7000 6918 7001
715,7009 7010 7008 7007 2483 14010 3497 7011 12233 4990
716,7014 7013 12803 7015 14753 13101 9308 9307 15155 12143
717,7017 7018 4952 683 7019 6769 1028 13142 11087 8394
718,7030 7024 7023 7026 7027 7025 7031 7032 7029 7035
719,4950 7036 7037 7041 598 7039 3697 5475 1389 7040
720,6588 7043 6445 465 5524 1093 9298 5523 10711 1393
721,7046 4834 7047 7048 4992 14243 6263 14239 4993 5887
722,7052 7050 7051 15000 10171 3947 4191 5398 5397 489
723,7075 7060 556 7063 5874 7061 7070 7055 7069 2891
724,4956 225 5183 3855 280 14635 822 6338 10405 4957
725,8188 7084 9287 5702 8683 4675 14397 14383 11050 7871
726,9436 7085 14726 13543 13666 9991 13544 14640 4191 13459
727,4553 7087 10781 3588 5010 10563 7989 12061 4673 10362
728,4776 145 15241 14518 10270 9169 8349 150 6407 4994
729,7092 7094 4687 2375 7091 7097 7093 9756 6432 7098
730,5978 7105 6163 7106 6159 7103 7104 6161 6166 6160
731,6196 14243 14239 7109 14247 14248 14249 14250 14244 14245
732,7122 7112 7116 91 108 7121 7113 2125 7120 3055
733,12493 3377 6973 7137 8401 3899 88 6974 4121 187
734,4979 7139 5452 3543 3546 39 3544 12789 7398 14462
735,3470 14621 3598 11670 15154 6303 4379 12593 3469 385
736,2662 7142 2663 4056 8214 1542 13306 10604 8275 1996
737,3764 14476 1990 1766 250 12809 2689 9609 7144 1688
738,1652 7875 3937 685 7149 3411 433 12545 5762 12789
739,243 3931 8759 6367 10276 2562 5624 3502 3962 6377
740,2720 2697 2799 3252 4484 13580 3358 10883 10273 3355
741,15118 2125 2507 2538 7153 7123 7127 7116 7154 7156
742,7162 7161 7163 7166 6612 5296 3997 7165 7167 5246
743,865 864 138 880 6568 876 85 882 875 862
744,3969 5095 9576 10806 7176 1647 6579 5085 12387 9685
745,7178 7177 11767 4307 1367 10913 13952 9549 7125 9409
746,7181 2321 7313 7311 5527 7307 7309 3149 8815 3152
747,2215 732 3881 6814 677 3944 5586 3942 7183 3943
748,1093 3607 2350 7191 7190 7192 985 7189 665 7188
749,7199 6985 14997 8873 9829 4129 13631 11116 5037 11114
750,3852 5511 6939 7670 3285 4354 5952 3208 7201 7821
751,7203 6319 7208 7205 6585 7204 7209 7206 8355 5819
752,7214 7213 1677 5483 328 1660 11236 14260 7612 11867
753,5845 7215 4596 10824 1771 14218 13565 10628 6447 1145
754,13440 6338 6572 7219 14882 6355 13693 14883 13166 666
755,6324 7221 6704 3076 3077 6703 3782 3078 11056 11057
756,7224 14579 7225 8414 12111 7223 7226 8419 12126 14503
757,6303 14621 14620 9768 15160 13771 13699 7230 12234 1904
758,7232 7231 5740 14636 14141 4027 6186 4496 10755 11253
759,6755 7236 7237 2791 12346 13296 10431 10874 12344 9075
760,9890 7240 7239 7242 7241 4859 5755 1830 3643 7243
761,4454 7821 12361 7247 4920 8960 7823 10505 2843 11867
762,6465 7202 7250 1873 1988 11065 7249 6691 9700 13578
763,7252 13616 7874 7251 2082 7253 6936 11846 15271 12038
764,7257 7259 7136 7256 5337 7258 5710 7260 5909 13898
765,1739 2300 7265 5491 3499 7268 1084 5823 7267 1407
766,4377 7282 6934 474 4721 3301 13919 679 10076 1334
767,6367 7288 3362 14386 7287 6014 7289 796 7286 3556
768,14934 7292 1470 1473 12720 1472 1471 15105 4454 7942
769,7296 3680 7294 154 1487 8 3403 6907 3723 7297
770,7313 7311 7307 7309 7181 7312 4558 2101 7308 19
771,1345 3892 8486 8085 12818 7333 14155 13614 12856 13908
772,15020 446 3676 7335 7336 2452 13058 14618 370 228
773,7345 4071 7344 6365 7343 2466 7342 15207 7346 1310
774,7352 7351 7350 7349 12565 10610 12564 8264 10609 13385
775,7354 4489 2143 5885 15118 7355 7353 6058 9386 14476
776,1916 7358 8008 15271 9831 8010 13131 8011 8017 6573
777,7361 7363 7362 7360 7364 6042 728 698 2760 6445
778,7368 7367 2282 7874 1540 15042 37 7370 7369 4088
779,4840 7375 7379 7376 7381 528 916 7380 7378 4836
780,2217 7384 7388 205 4712 7387 8063 7385 7386 964
781,4346 7394 7395 7396 7393 14274 2742 12714 13353 4153
782,7401 11692 7253 11637 9170 7664 11372 4755 11940 11594
783,7404 1778 1319 4415 11346 1780 4737 2375 3001 1321
784,7405 7406 4563 6528 5657 2427 2594 1844 2426 4381
785,3116 6644 1455 2783 4184 7416 7415 2989 1236 7419
786,6364 7425 12809 7426 1826 11536 4693 11624 4367 2869
787,15020 6471 14618 12030 7580 487 11740 8873 6157 5489
788,7433 7435 6763 7434 7432 7431 6133 6708 3295 12484
789,4864 7438 5613 90 7437 15084 7954 5990 3928 600
790,7440 7442 333 7441 10345 2068 15207 4005 13923 10672
791,7447 7446 7445 10572 3189 8674 5273 3197 8662 12985
792,7449 7450 9658 14923 14130 14548 7448 14480 12850 2887
793,7452 9287 13896 13897 14383 3005 15107 15225 14384 14820
794,5869 6909 7455 1517 7453 5792 5102 3055 4495 14091
795,6177 7459 4255 1061 7457 9609 3142 7458 7456 1188
796,7467 12484 15232 1892 10934 708 2013 7466 6297 7526
797,9287 7469 1549 9288 4445 8400 3040 14383 4336 6925
798,7473 7475 7474 7472 5799 2860 7477 1117 6669 7471
799,4346 4153 7492 14274 7491 6154 6153 3648 7490 6147
800,6463 6671 8329 8328 2706 8332 14541 8331 8330 2023
801,8063 7493 7355 12593 3593 13757 7283 12995 10505 8815
802,7494 15020 1618 235 7314 3213 14618 14621 1617 7496
803,5452 3833 3824 13570 5454 2291 2294 2462 12359 11646
804,7506 6200 7505 7501 588 4477 450 7508 7490 7503
805,3849 7517 3851 7518 3847 5889 7519 13197 14090 14091
806,7377 2313 715 5983 4525 6675 7379 7375 14680 8008
807,7526 12484 7524 6658 4465 5179 7528 2286 7527 6543
808,7541 7534 7535 7537 7539 7536 7533 7532 7540 4276
809,7545 6395 7546 13957 72 15179 9658 12057 2980 10388
810,7548 7550 7549 3264 4448 13256 8929 12719 7200 8913
811,7551 1867 8432 5435 7429 6472 1815 1514 2245 522
812,1827 10365 10366 2376 4454 4141 2377 9663 2370 2374
813,7555 7558 7560 7556 7559 4895 4899 4903 4882 4908
814,2981 7567 9516 9515 9514 9513 8128 8979 1094 13534
815,6768 1474 2081 7569 5609 2225 7954 14966 1310 12190
816,6186 7575 7572 7574 6779 7573 7576 7571 6484 5375
817,7579 7578 7577 4131 2089 13476 13472 5762 13478 13473
818,7582 6395 7014 9531 9409 12641 12122 11614 3483 7545
819,7584 7586 1700 7249 7585 9944 12346 13961 8037 14146
820,7595 7596 7594 7591 7608 7601 7599 7600 7597 7603
821,7611 14417 14935 3066 8969 8440 14062 810 11669 8770
822,7612 7616 7614 6453 7531 3622 7615 695 268 382
823,7621 6153 4453 4346 5397 11789 11934 11904 6072 4496
824,7627 7626 7624 7623 7625 7342 7345 14135 9338 7344
825,5225 14718 13596 7631 13598 12876 13599 714 7632 13597
826,7634 7639 7642 7636 7638 7635 7640 1595 7637 7641
827,1675 1250 7645 7644 226 13886 148 2750 12753 9060
828,1966 7646 1495 600 3751 6019 7647 6559 10560 6024
829,7650 7648 12282 13175 14039 7651 6165 10253 13654 7649
830,7654 8432 7429 4087 6472 10297 10306 83 4590 1547
831,7657 4530 7656 11592 14266 8033 14527 11704 1878 13716
832,6963 6962 6036 6974 6090 5462 4121 5794 6961 4945
833,7665 7666 7662 7663 7661 7664 7667 5715 4781 6744
834,7668 1375 4496 4012 4153 14780 7830 5777 2269 6147
835,7670 7677 7680 7678 5886 7472 6765 5146 7674 7681
836,13699 7684 2834 7685 5463 5607 1741 4301 7686 12785
837,4395 648 4394 10171 4404 4400 4388 6210 637 9504
838,4687 11949 4132 9756 4688 14270 6323 14758 8983 4607
839,1002 11949 1011 999 5876 6320 7925 13483 3107 1005
840,7690 14935 11767 4837 11344 6971 10848 13461 12090 8491
841,7693 7692 5468 8529 4152 8528 7810 6723 4153 8527
842,7695 14167 7694 6333 11456 4282 544 14102 3387 6367
843,14386 1418 3697 736 3310 7696 6821 6822 2067 1394
844,7700 7699 281 2700 8421 286 13675 11458 287 2681
845,1645 6812 9049 2930 6367 3220 6991 1434 748 11162
846,6 0 6395 7701 18 6210 2289 7580 5 11268
847,7705 7709 7706 7707 6500 9832 7708 12708 11389 8969
848,7713 4728 13121 7715 7712 7714 12867 14527 7779 13641
849,7717 4441 14541 14377 13407 7051 7345 1594 7718 7716
850,1191 586 9656 4974 5729 10276 4848 14197 2065 13570
851,3209 7722 10472 7419 15006 7721 11458 7723 5538 1259
852,2234 6906 14586 7732 3402 2535 154 2541 7727 7726
853,4653 4660 2804 7054 13022 11368 4663 11370 14409 7735
854,6299 7740 7742 7743 5522 6624 6615 7741 1985 7744
855,7749 7751 7750 7752 14966 10491 3264 15235 13258 13477
856,7755 7753 3017 7754 13548 12313 8508 11947 1343 12935
857,6998 714 7763 3904 701 6574 7764 11781 7761 3816
858,7774 7459 7775 6585 4997 7772 7773 7771 7769 2991
859,7781 7780 15000 2088 8529 5468 15243 9338 1555 7693
860,11536 3085 4611 1003 11624 10856 12368 13565 12369 5536
861,7797 7787 7790 7791 7788 7792 7786 7793 7794 7795
862,1329 666 819 7243 11027 7798 9581 2954 3252 3837
863,7802 7801 9097 2898 2903 15232 4881 7803 11845 4941
864,1804 6749 2266 2930 2672 13409 9098 602 2264 9051
865,7806 7807 2020 14003 12401 12792 3890 3508 7462 12400
866,4012 2269 7813 6500 7811 777 7668 7518 7810 1876
867,4687 3845 7817 1861 2875 4599 6323 2871 9752 2874
868,7820 2985 14356 2462 3922 6090 1341 142 4189 4869
869,1955 14043 7824 3784 1951 15000 1953 1884 5432 1954
870,7827 7826 2056 14171 10253 1754 11610 10488 5696 12451
871,11740 6406 6407 8329 11140 8328 7829 8332 12431 8331
872,4496 7830 6149 7834 5740 7668 6154 3530 6153 3918
873,7846 4727 6584 7845 6582 7842 14447 7843 14950 9658
874,7850 13530 7660 3719 1359 11540 5008 11542 5006 14001
875,14722 3863 7857 7851 7854 7862 7853 5295 7855 7859
876,7874 6080 7872 7873 7870 7871 6081 8674 7369 7368
877,7875 13596 1652 13598 14222 13599 7876 13597 1647 7610
878,7882 572 7889 7881 7883 7885 7884 7879 7886 1946
879,6861 1836 1079 3115 4146 7042 3529 13143 3989 4005
880,6210 2289 7139 2608 5002 7908 3545 7905 4395 7909
881,5592 14356 1836 1401 7913 10910 4175 5593 7246 12190
882,3908 12128 7916 9469 7388 8214 6857 4738 8211 7800
883,6399 7920 7335 7918 6042 7921 7919 919 6052 5082
884,2996 7094 6807 4604 11641 10090 2997 9636 13786 7092
885,6588 7927 7926 8243 9187 2178 3509 6585 13475 9285
886,7930 7928 3017 5580 12403 7929 834 7538 1078 10681
887,7804 3088 6085 6090 13547 11361 11408 13732 6084 637
888,7942 7944 3426 3422 7941 1108 7945 7292 6531 6257
889,7953 5105 576 5102 15162 2447 5101 11949 5108 7952
890,7954 5290 5606 12236 6813 11740 1310 8456 7368 3811
891,7956 3182 4841 7689 1977 7959 4187 6064 4422 7957
892,5206 5902 1607 5906 5582 5908 11732 1465 1464 1466
893,240 7965 11867 12759 10254 10501 5010 5595 4359 11447
894,2249 780 13161 8573 11087 7968 3387 8082 9271 3257
895,4869 7291 5054 7969 5202 1414 7970 7039 799 7972
896,7978 7977 6187 7976 5325 8234 11619 2672 10269 11615
897,7982 7981 7983 3401 5485 9830 12401 3400 15196 15065
898,7985 10534 13280 12529 14400 14185 8359 14423 2840 11536
899,4309 7018 684 7987 6774 7986 13162 6589 14062 13718
900,7989 7139 7992 4553 10711 7137 6150 8045 7991 2069
901,2023 13767 297 1093 658 14591 2020 3197 13161 8573
902,7996 4383 11140 7997 3837 5972 4382 10573 13048 8618
903,8001 2172 5920 8000 6838 13197 8002 7518 2653 7998
904,8008 8010 8011 8017 8009 4746 8015 4537 8032 8023
905,6471 8045 8046 2326 15228 2468 5482 11141 7580 7821
906,5962 8052 2806 2780 467 5311 112 168 8053 2041
907,10444 10443 8054 8021 8456 1121 8008 3429 12213 714
908,5021 8056 5408 6663 8057 297 2560 3208 13439 6754
909,8060 14397 7313 13058 544 14097 12469 13162 12691 341
910,8063 8064 8067 8062 7457 8066 8068 4089 7491 8065
911,6291 6277 8072 6274 1246 6278 6292 6289 6283 3114
912,6588 810 7611 12305 602 12307 6682 551 4926 767
913,10472 13143 14012 143 8652 600 12438 3209 3773 635
914,8075 5634 6128 13355 10077 9430 6003 1128 14636 14676
915,8082 8076 8081 3745 8078 8079 8080 12593 10755 4352
916,8098 8094 8096 8097 8092 8095 5560 8091 8093 8090
917,3552 4858 8106 8107 6691 9700 9602 15207 1869 9701
918,8109 8108 13409 14590 8110 12302 14325 5194 3551 12301
919,5259 5970 8128 6533 8121 6625 8131 8117 4008 8129
920,8146 1093 3500 3618 4250 14554 1205 243 14636 3935
921,8147 8148 12885 12821 3401 11270 13744 285 4003 4495
922,8154 8155 8149 8152 8157 8151 7055 8161 8156 8163
923,4384 12030 603 12327 5412 6319 5263 5591 11178 8755
924,8171 8175 8173 5291 270 8169 8174 8176 6765 8168
925,8180 306 8179 10348 10597 2005 2036 2039 5420 315
926,3986 8185 14618 2458 8184 11740 2749 3224 4214 2001
927,15205 8189 2111 12017 23 14953 1500 5990 297 1697
928,3844 8191 10495 3363 10496 10498 9130 12884 9520 10470
929,8192 8193 205 3631 2330 8194 3937 7838 2239 2342
930,8204 8205 5729 8206 8208 8209 8207 7172 7804 15232
931,1082 8210 13728 14666 7868 9026 995 9123 14787 10907
932,8211 8214 8212 8213 4655 7916 12493 6099 10604 7444
933,8217 5389 12868 8236 10184 12753 5390 3847 14504 7805
934,6107 3805 7915 6217 6596 2044 6580 6214 8018 3209
935,8221 8220 3937 6211 7875 2769 3675 3768 8222 1643
936,3109 3114 7042 8226 1079 3226 2276 6861 8658 5742
937,8230 8234 8235 8228 5913 7642 8231 1125 7980 8233
938,3692 8239 7953 2447 11949 11473 5753 11138 14003 820
939,4346 8241 6971 14274 8242 4153 5343 12493 6974 3648
940,1807 1687 1083 4911 13401 7774 725 11299 5594 4977
941,49 3251 7705 2556 2657 2121 14056 12143 4379 12593
942,8246 5388 2514 4902 2186 12403 6925 5637 2495 8247
943,12476 5802 14574 8250 8644 12477 12386 14636 692 14572
944,9832 7570 12708 1112 5454 8969 8251 2462 5082 11681
945,8254 5792 8253 8255 3947 3407 14621 9889 12803 10950
946,5256 8256 678 888 8258 8257 12199 13705 8936 9171
947,8262 5106 5105 5104 5103 5102 5101 5100 5099 5098
948,8263 3922 3924 3927 3928 3919 3921 822 3920 253
949,8274 8286 8281 400 8289 8282 8285 4880 8276 8279
950,3418 14591 12466 1993 3417 820 10171 9298 10448 4085
951,2363 8305 15020 8242 7417 1038 8304 7287 4632 8196
952,8311 8312 8301 8314 8313 15207 10171 13364 8098 10563
953,4447 8316 4448 8713 14353 4449 6755 12090 13101 11260
954,8318 12923 4707 7878 8317 14135 14134 14169 12926 13777
955,5985 8321 7436 6290 8322 6291 13601 9890 2950 1246
956,7961 8323 7249 1387 7345 14904 7960 12269 13578 10334
957,8329 8328 8332 8331 8330 8340 272 8334 2291 8338
958,14934 8346 8348 8347 3316 3380 3301 2510 1082 5220
959,10171 126 15007 6381 6577 8352 1210 8816 2562 1796
960,8355 8353 8354 7205 7203 10488 8356 441 6319 9187
961,8359 8357 8358 9452 9450 10534 5695 1910 14109 9454
962,15020 8362 14618 8188 13316 8361 140 7398 8873 13315
963,219 8365 4485 10824 3634 694 8364 3624 209 2100
964,8368 3055 1490 13454 8367 15205 7506 9692 6200 15060
965,3938 8371 9097 9049 5768 6691 9700 6854 9701 9706
966,8373 12303 10633 109 10625 12723 5555 10632 11711 9275
967,8375 6080 12330 2903 14904 6081 7873 6812 10501 12867
968,4848 14819 1935 9290 8376 4428 1923 4430 10276 9602
969,2288 8380 3786 8381 3981 8384 8385 7747 981 7810
970,4057 4058 13451 2612 2088 11095 10223 4059 15110 2666
971,15118 8394 6769 7368 7017 14289 13074 5282 6660 10394
972,7533 7541 7534 14289 7535 5114 7537 4585 3260 1841
973,5185 7646 4369 9648 5889 10548 14532 5184 1966 14839
974,15020 14618 8873 7494 11065 611 14621 8362 8871 11172
975,5468 2685 2681 3114 8008 578 5467 12086 5777 13677
976,8400 14028 4367 4445 13654 9830 1558 6614 13278 9379
977,8401 2329 6301 8403 8404 7021 1049 1701 1626 8402
978,8414 8419 6567 8420 8411 8406 8417 8405 8418 8415
979,1841 8430 5663 7954 1856 1849 249 1512 1842 1857
980,8432 8431 4444 11907 6054 10297 8434 10306 7822 7429
981,8435 8437 8436 8438 14409 13736 14397 15222 12090 13050
982,5261 3794 8439 11151 14894 12028 5333 6766 9989 4064
983,8441 5417 5808 5663 2829 6767 5418 10308 5924 5936
984,4071 1347 3224 13197 7345 1078 11149 6441 2276 8852
985,5845 8443 5536 14218 4693 10628 10999 9191 5846 10997
986,3928 4864 1216 6440 3531 189 1906 5100 685 8444
987,8456 5988 2152 2317 13806 5402 8454 8455 8457 5290
988,8471 8468 8464 8463 8176 8466 8467 8123 8470 65
989,8476 7016 8478 12550 8477 9170 7014 4605 11536 14753
990,1875 12403 7954 3811 4129 10348 5133 12420 12089 10597
991,8479 15205 8480 2808 15154 7324 14605 10651 8370 2161
992,5777 3834 5828 8483 10884 5207 8482 8481 6055 426
993,8486 8487 8488 5554 2833 14155 13614 12183 13612 6588
994,13920 3339 5214 5386 3831 5212 3289 3332 13720 10006
995,8497 3005 8494 8495 6590 8493 14147 8496 5804 7760
996,8501 8502 1290 12545 8504 6522 8500 2579 8503 71
997,5213 8301 14005 4836 3953 10491 5360 4295 1742 15207
998,8510 8511 14229 2100 9290 15272 1561 1032 8682 12392
999,1310 1308 7415 7416 8512 5145 1112 4748 3323 2989
1000,8514 8513 13955 14083 7630 7627 12904 3849 10093 11857
1001,1441 8515 273 1519 1894 5945 6682 337 551 5887
1002,4809 8517 8518 9448 6944 9823 5481 10787 14131 6718
1003,7717 2752 14618 586 4859 8521 6050 8618 8520 15084
1004,8523 690 2334 2344 15206 691 8350 294 5220 12331
1005,5998 13319 6722 6754 2614 10127 4840 13612 5999 12114
1006,5468 7693 8529 4152 8528 6723 8527 7810 7781 926
1007,7462 5090 1903 704 11082 4000 1867 1748 2932 4919
1008,2294 2291 8533 12359 2290 8418 9051 2289 11646 5452
1009,6986 1237 6598 9648 15207 1943 3351 1274 5342 5046
1010,8536 8538 1725 8537 4401 8541 8539 8540 11797 11801
1011,8543 8326 8544 5436 12 0 12093 14 11 14684
1012,1816 8553 6063 8550 8552 5188 3706 4547 1977 3354
1013,14243 14239 4470 698 14247 14248 14244 14245 14250 14249
1014,8562 8561 74 9779 3719 14591 3755 10214 14954 820
1015,8567 7862 4572 8570 1814 13017 8563 4804 8566 1092
1016,8581 7110 4957 8583 3013 8584 8585 8579 8582 14508
1017,5913 7518 8230 13197 14090 14091 7642 12212 8234 4012
1018,8452 5834 8523 2341 9269 5056 11149 4713 5828 15244
1019,8599 2740 8593 3183 4020 305 8597 8601 5457 8600
1020,8610 8611 8609 2224 8613 4084 3732 1552 6117 8612
1021,8618 6210 8620 8619 11294 8521 3837 5142 4185 4871
1022,8626 8632 8633 8625 8628 2947 8634 8629 4647 8627
1023,8639 4441 13719 14377 13407 13934 7717 12482 6658 8468
1024,8642 4854 5430 7846 4702 8641 9972 5431 3264 13409
1025,3079 6324 5873 3076 13483 5876 3078 15281 3075 10626
1026,8646 2182 8244 666 8645 2178 10071 11141 2171 13160
1027,8648 3038 6172 6949 8649 6947 5777 5779 14258 11139
1028,3696 8652 8656 4209 7288 8655 10884 5538 8654 635
1029,8659 7340 11740 12620 8661 5247 9049 9890 3139 6691
1030,3208 297 5489 2560 5027 10267 4251 10596 5037 5024
1031,8185 24 689 8664 3986 8663 13720 691 11735 14780
1032,3618 2118 2578 8666 2003 1689 2702 8667 594 3709
1033,8672 15084 337 10276 1345 13047 4869 12030 14391 4379
1034,7872 8674 7874 7203 7873 6080 6319 3947 2346 6222
1035,6728 9204 9207 9209 2197 6729 5593 7053 2994 4881
1036,4928 7363 7270 1600 8546 6340 8678 14046 14855 6974
1037,8684 8683 8682 8681 8686 8679 7652 8680 3858 8685
1038,8689 6087 228 10560 6090 2276 4496 2635 7345 9890
1039,1061 4245 15032 361 406 8691 7874 2044 6177 12784
1040,8695 8694 8697 5225 8040 8696 7437 4082 429 7896
1041,8701 6799 4659 4658 4661 8700 14923 7430 12682 14548
1042,9298 8656 8703 3697 11458 9301 5552 784 3015 11707
1043,13548 7397 14396 6642 12305 8705 2587 9204 9207 12307
1044,13095 8706 12909 8707 13092 13090 13088 13097 4723 13086
1045,8709 8710 12114 8713 10596 4840 9075 10731 13224 13612
1046,1095 8715 8714 8716 1520 2790 1591 4857 2750 3218
1047,2128 8721 7926 6522 2538 1621 6588 8723 2026 8243
1048,8725 4454 14686 1364 6921 7652 2065 15025 12451 10613
1049,8727 8728 8726 14457 2816 3465 14405 13352 13327 2817
1050,2040 2039 5066 10391 14243 14239 3922 9049 8188 11458
1051,8733 8736 8734 15129 7009 8739 8735 5929 8737 8738
1052,3707 8742 8741 5585 2096 1643 6594 6954 799 10824
1053,6325 14052 8748 15032 13851 5299 14054 8747 297 6326
1054,3232 4833 7192 3382 3231 3353 4873 8554 5821 8751
1055,8757 5277 15000 12182 12274 2807 3171 5653 5397 11594
1056,5527 418 9527 2667 9296 11095 11213 11985 1187 5214
1057,5229 1740 5227 5230 5231 15038 5232 12842 5228 14127
1058,4477 1642 849 14966 6366 2937 1967 8765 8764 2098
1059,8771 8770 8774 8772 8773 10491 10802 13596 13258 3833
1060,8775 7004 6046 3104 8288 7821 5488 6198 487 1093
1061,8779 7962 11087 3257 7470 1411 7815 8933 337 10473
1062,8780 14997 14718 1670 12061 6722 10933 14036 12295 14843
1063,8781 7238 304 13898 8782 8401 7835 4869 12864 9998
1064,6985 6500 7944 8784 8785 6750 8786 6728 1345 6626
1065,8788 12923 8318 7878 1896 10868 6613 7882 8291 3541
1066,7657 2163 13886 9060 7137 2072 8790 8401 2161 14695
1067,3969 2142 5187 8799 8793 8794 8795 7123 5095 8792
1068,8808 8805 8807 8809 14183 5192 8804 8806 8810 15210
1069,8812 8813 8814 14934 4965 8960 1661 11204 2094 11473
1070,7257 8432 7822 8434 6054 5417 10297 10306 8431 14243
1071,7294 8817 15224 7296 13455 6863 11646 3680 2576 12691
1072,590 13594 8146 6856 5804 2225 3553 1093 592 13920
1073,5883 7612 5469 5480 5476 5879 3777 3784 3776 5481
1074,6135 8823 11172 4495 14954 11866 3602 988 9553 14091
1075,13306 8627 3012 3011 8632 11980 8626 3010 1911 8624
1076,8829 8827 8832 8831 8826 8833 8830 3779 8828 14405
1077,732 11424 5851 6383 6266 8836 3944 9890 6911 3942
1078,5265 11781 8841 8839 8840 7660 12234 7519 5889 8842
1079,15020 7377 8846 3998 14618 5436 7373 2497 12435 2675
1080,8850 8848 1863 13712 8849 9752 13713 8847 4625 2871
1081,8851 544 248 6367 4837 5467 1093 11467 10800 8606
1082,7334 24 8664 8185 11270 13031 13593 9364 8489 3578
1083,8852 1836 4026 4957 7993 3244 2949 6127 4318 8853
1084,6222 14842 5074 14997 452 1766 6215 6694 7203 2468
1085,192 8328 8329 8341 8332 8331 8330 8340 272 8334
1086,8873 8871 14997 15020 14618 7199 8188 2185 4129 8872
1087,8621 2780 8878 2138 6044 6634 870 8875 8879 487
1088,8882 8326 4852 14005 8085 2727 11860 11980 2657 165
1089,8886 8913 11692 14090 8912 14091 8885 3387 5967 10125
1090,3929 6105 605 8893 8889 8894 8888 8891 2277 4512
1091,8899 7218 10824 7742 7743 6624 6615 1894 6165 6781
1092,6351 8905 8906 11112 13322 6417 13248 13539 13701 13320
1093,8913 8912 8886 8908 8909 11693 8910 8911 8236 12931
1094,8929 8916 8918 8924 8556 5712 8917 1225 8915 8914
1095,5558 5915 4159 805 7827 7291 491 6651 6862 8948
1096,4382 1242 4383 8962 585 8200 2278 9658 109 8963
1097,4793 8967 1936 1592 8965 6685 6257 8153 6117 8496
1098,8970 2752 8973 1256 6521 7187 8971 5028 8745 4378
1099,2600 3888 8976 11581 5680 8604 2440 11582 5106 333
1100,4238 4215 4243 15039 4237 12653 4194 4240 11867 4209
1101,8979 8981 6809 5889 8980 9626 12262 4407 8159 4603
1102,5858 6974 4121 6971 3928 8682 5867 6978 11020 4864
1103,3479 3502 8989 7486 8986 8987 8603 1494 2160 8985
1104,8994 7417 2809 1103 9602 4453 1484 5397 658 11789
1105,8995 10308 6013 6020 14591 6021 8346 12002 820 2352
1106,9021 6997 2341 5298 2031 8506 9009 3511 996 9014
1107,4907 1559 9043 4326 668 9038 4431 2055 9042 4548
1108,5558 1739 4162 8655 4155 4165 4159 4164 5792 8652
1109,7506 776 6958 9045 6439 15204 3203 6200 454 7971
1110,5084 3386 7392 5323 9047 2056 2227 15006 9048 1754
1111,9052 9051 714 518 2949 9054 9053 8999 9055 3611
1112,9060 9059 13886 253 4003 14762 9307 14869 1250 11027
1113,6648 8450 4488 9065 3020 9066 8447 3188 6594 598
1114,1780 4415 1320 2375 1321 9191 2371 1319 11346 12199
1115,1191 9072 11361 9071 688 637 5729 11408 4848 14197
1116,9075 9073 9074 8710 8761 8713 2088 10596 5254 10726
1117,6998 4873 12451 5425 7009 7133 4502 4875 5694 5424
1118,1536 9077 3721 9076 15042 8215 15021 13915 13914 6278
1119,9081 9082 12190 9080 2304 5594 1830 12191 8777 5680
1120,11820 9083 912 15000 953 934 915 943 958 924
1121,3837 8618 1668 8621 4253 9088 9091 9089 8442 3191
1122,7009 14010 9101 14795 9100 7309 15133 10429 9798 14255
1123,576 5204 7108 9103 10468 7953 13947 5358 1222 5356
1124,9116 9106 9114 4662 9105 8248 4663 9112 9113 8524
1125,2291 9122 3114 3111 3108 11138 2293 9051 2294 8329
1126,7868 9123 995 6713 2953 8386 3242 11949 8210 14476
1127,9127 7259 9126 1947 9659 6800 14352 10320 11771 4522
1128,2048 9130 10824 12995 9132 14012 14046 2047 2585 9133
1129,9136 9137 9138 7653 12305 12307 7874 8962 12682 10219
1130,9140 1063 3749 6195 9141 1032 6196 1065 5047 11256
1131,9143 9144 11458 625 15006 2294 12017 7719 2067 5552
1132,9146 9145 5582 11900 15006 11213 8188 7633 721 7982
1133,109 7709 2217 3649 3933 391 2282 2247 9149 4503
1134,8441 6767 4817 7501 702 9154 4491 9153 1048 9157
1135,4142 9172 6320 9173 14671 14673 10366 13488 5671 14672
1136,9175 9178 9176 9177 7960 6217 434 5617 2930 12190
1137,3989 9181 9183 9185 5789 4320 9182 4637 2485 2774
1138,10101 7433 9544 2476 3289 3906 3330 123 11111 11138
1139,7658 1631 9189 231 8027 9718 8008 9795 4504 9717
1140,9191 1780 2375 2371 1321 4415 1778 1322 1319 4060
1141,9204 9207 9209 2197 5593 7053 2994 9200 9185 2149
1142,11446 5339 9230 9229 11424 6266 9890 8966 11445 9170
1143,9236 9235 9237 4367 2371 2374 11346 2370 11349 8476
1144,9238 6877 9371 13658 13428 11444 14869 6724 4840 13596
1145,4129 9890 2856 4126 9332 14865 14542 5010 4359 2844
1146,9245 1735 9242 9244 9243 9248 4578 9240 8951 9246
1147,6278 9256 13364 11945 12884 14019 10040 15102 14021 13614
1148,9257 14342 5796 5990 7873 11293 6210 11883 14200 127
1149,5663 5962 2001 9269 5169 8464 5550 3574 7618 9259
1150,9277 202 14130 5792 2672 6072 1516 1193 109 10268
1151,9282 9279 6335 3357 9283 9280 154 3891 9015 5814
1152,9287 9288 3040 1549 2670 14383 8683 2672 14820 15225
1153,9290 9291 4048 4836 9289 7615 4446 4428 4448 4837
1154,3387 9293 13806 1430 6215 1218 7206 3918 762 780
1155,9298 8656 9301 4311 9308 4006 9302 9303 1959 9307
1156,2794 5004 13780 4853 9320 9321 10268 14508 8280 15069
1157,9324 9323 9326 1558 9325 9830 3855 12858 3753 14028
1158,9332 4237 9333 2327 9335 9334 9329 1455 8955 9330
1159,9338 9357 7626 7142 8897 2961 9343 9358 2796 5118
1160,2595 9367 14910 10690 9278 2596 113 10664 14388 2593
1161,9369 9368 11985 7779 9829 7199 4911 7662 5889 7713
1162,9370 8684 4404 8683 7430 10304 3858 4799 635 8682
1163,335 7234 8977 9375 9374 9373 2017 9372 10640 2015
1164,9386 9387 9379 9384 9385 9382 9380 9376 9383 9381
1165,3055 2562 15205 7716 15060 13016 7125 7122 7116 7121
1166,6020 6021 5539 5981 9389 507 4183 8447 9388 5545
1167,8647 9394 7796 5248 9393 3086 1119 8612 1121 9392
1168,9397 7327 2338 7189 5069 2721 1345 3607 9396 1093
1169,9400 9399 9401 9398 7432 14012 114 3996 502 9320
1170,13849 6663 7611 7210 6661 11815 6400 14417 2281 11142
1171,5198 11446 4800 9404 9403 9165 11445 269 4737 1310
1172,9411 9416 9418 9415 9420 9409 9408 9422 9413 2009
1173,5442 9423 5439 5441 5440 5445 5095 15140 5443 4552
1174,9424 7083 6919 14010 5508 3472 10478 4176 13601 2162
1175,145 15241 4509 423 6367 10270 8759 2462 5527 150
1176,7290 9427 9426 7821 3163 12571 2584 15226 3208 12569
1177,6128 9430 6003 13522 1271 8896 12816 14676 10077 2660
1178,9433 7086 5792 9432 9431 15025 4367 8243 8400 4284
1179,7816 251 8623 11299 11148 14267 8719 7051 4011 11149
1180,9438 8509 9440 6347 7462 7410 8550 2858 9439 2301
1181,9446 9445 6649 6394 8784 12708 2867 3814 9444 6125
1182,4071 9448 5292 9447 7345 1078 11149 4974 6921 7344
1183,9452 9450 8359 9454 9451 9449 9453 4375 7167 10971
1184,6020 409 8219 2750 1078 4784 6826 109 13548 7397
1185,14618 165 7051 10596 4441 14621 4852 13570 169 8468
1186,1735 543 2748 2356 4221 3704 13594 1046 6955 9457
1187,9460 15207 10800 7367 7181 1512 9855 8755 3088 13722
1188,9462 9461 9464 9463 5110 8069 5102 8071 8922 929
1189,5737 9469 9334 2768 9471 9474 9473 3702 9468 8715
1190,6675 2851 7684 2118 5610 8319 9484 3147 9483 9485
1191,7917 6678 6768 8714 1027 9490 9489 14586 8616 6302
1192,9498 7009 4900 9499 4905 3380 4901 2696 7496 4992
1193,2727 9504 7933 9506 4786 9507 9505 7881 7811 5765
1194,2415 3849 1878 3847 5792 14549 2426 14573 4284 13197
1195,1807 8137 4378 1810 14591 10276 5259 9944 6521 5558
1196,9512 15208 8850 8848 1725 8882 2727 13326 12488 5758
1197,9516 9515 9514 9513 2981 11116 9829 7199 11114 10534
1198,9517 5283 6081 7779 13407 14091 15105 10948 14289 1121
1199,3921 9519 9523 4456 9520 9270 2828 9521 9522 9518
1200,3370 9530 9529 785 9045 5321 1643 3623 6954 5528
1201,5663 9531 8604 5660 5655 5646 5017 1196 5649 2950
1202,6129 9533 15036 8171 10059 8175 8986 7630 8173 12823
1203,6742 5873 402 9535 9536 9537 9538 5843 1007 9534
1204,5508 796 3224 4785 1078 6367 767 774 5482 775
1205,2281 5604 13849 6952 6663 6235 2276 50 15172 2282
1206,3261 1789 9543 431 9542 1345 12931 12545 4551 13252
1207,8417 9602 8414 7494 4245 9545 8419 1869 6567 3213
1208,9549 9551 9548 3517 3774 9550 1475 9547 8268 1358
1209,14730 3894 14167 14043 9555 12858 13616 12282 14039 13175
1210,4644 4642 4594 14923 4652 9559 5565 11209 4647 4646
1211,4970 3976 9562 322 4166 1407 8716 1550 8559 13699
1212,2018 8252 1451 4254 9568 8777 9571 6137 817 9570
1213,4693 1153 5536 5442 10936 5689 10950 10949 7092 5439
1214,12403 2562 6579 10348 13570 2764 12420 8241 4379 10597
1215,5133 9581 9583 9579 27 14851 5831 9580 9586 7460
1216,1504 9591 1241 863 7348 2199 853 9061 3350 9592
1217,7515 9593 2361 5286 9170 3387 6682 551 11424 4926
1218,150 2963 5809 4910 123 7849 14179 2962 125 2121
1219,9597 6384 6337 9596 9441 9598 9599 9601 6341 4408
1220,5682 206 9604 9609 2722 9605 2736 39 4890 9603
1221,8497 9510 14851 14147 5461 8259 14431 3005 14003 10209
1222,1235 1236 10321 12386 7051 6019 11458 3762 3862 3758
1223,9509 1078 7779 14096 9610 2220 7662 5889 7713 11193
1224,2708 8008 9612 2681 1422 2703 9527 9296 11213 8010
1225,3252 4742 1917 15020 9139 9614 9615 3101 9616 5094
1226,9620 9621 6639 14450 11389 9150 1508 11388 453 277
1227,396 9626 11624 5848 9643 4139 395 9624 2733 400
1228,9634 9626 9643 9630 9642 6807 9636 4603 9635 5840
1229,9648 1943 3351 1237 5342 5423 3109 3114 5742 6986
1230,3833 9649 3825 11681 4810 4811 13256 2212 13529 6285
1231,14378 10125 7567 9650 12493 8128 8979 1094 13534 8235
1232,9653 7931 5402 6699 3387 3875 9652 3135 9602 14102
1233,9656 7689 5664 586 9655 4169 1841 6663 12296 1852
1234,8396 5934 10781 7849 10308 7232 5930 5924 5010 4013
1235,9658 9470 12719 585 9657 14923 10770 820 14130 5174
1236,9661 12858 5156 8008 7543 8372 6854 1178 7943 8010
1237,5671 4693 9663 9665 2622 2375 1915 5669 7064 1914
1238,9667 12961 10180 11790 10659 11711 13363 14963 2288 12090
1239,5526 9675 9677 8350 9678 5388 9670 5837 9676 6578
1240,2864 5246 4784 7051 1460 1789 9682 10276 6054 13137
1241,3028 8199 11867 5777 9060 5779 3467 5775 12688 10615
1242,2254 2121 9686 6651 9685 9684 8804 7337 49 1403
1243,14586 9691 9692 9049 340 3947 9602 9690 6812 2144
1244,9695 12466 9696 3963 3538 10448 5950 1267 9602 11077
1245,4019 6949 6947 1896 5737 2727 6948 6946 9469 7933
1246,8128 17 13121 9698 13767 2397 8474 2395 20 5259
1247,6691 9700 9701 9706 9702 8816 9705 4443 3999 8106
1248,1341 1340 389 9713 606 620 9712 9714 4455 9715
1249,6997 8304 139 7995 3942 7580 2762 3856 10711 11866
1250,9718 9717 9189 9716 9550 7658 9549 1631 13716 2655
1251,11389 8668 11388 6652 11971 3656 9719 5555 10401 12691
1252,9738 9732 9724 9722 9728 9736 9733 9730 9744 9735
1253,9752 6741 9747 3845 9748 4402 9753 6809 9745 9750
1254,9762 9763 9761 9760 1909 9482 9759 8096 12313 8362
1255,9768 9772 9767 9770 1263 867 2472 9771 9773 14621
1256,924 9777 9778 14240 3153 6303 11125 8063 14639 1093
1257,10534 13699 9780 10394 7732 11299 3598 9692 14142 2516
1258,9785 9783 245 9782 9784 9786 9787 10488 9552 14408
1259,3318 2484 8523 14591 2494 12331 2526 8349 13407 820
1260,8375 6080 12330 2903 14904 6081 7873 6812 10501 12867
1261,14865 7748 641 11408 4837 2088 637 9075 11361 14657
1262,9793 14052 13422 6867 9791 9792 12502 13354 14139 14183
1263,9796 9797 10428 14579 14391 9798 8960 10429 15133 8095
1264,60 9800 4503 4347 8512 7926 2012 6588 9258 8243
1265,6783 9803 9477 9103 6187 6781 6253 9804 6251 7940
1266,9890 7239 5755 1830 14935 9442 8659 7240 3643 986
1267,2613 2746 1543 9812 2612 8212 5629 13306 919 2666
1268,7989 4984 6579 14695 6304 11957 4774 7774 5947 517
1269,9820 4164 218 3772 3506 6334 3047 9817 9818 539
1270,14450 1467 9823 4274 3651 9825 10286 12484 9824 4275
1271,9829 4124 4129 9828 8613 7199 4367 13631 11472 14521
1272,9837 9839 2907 5800 4967 9833 7575 5904 14378 6855
1273,7851 9845 9847 573 9844 9072 13162 9846 6566 8657
1274,15020 14618 12784 9849 7397 10348 8873 10597 487 6642
1275,11949 10366 10365 9850 2376 4036 4141 9851 1357 7057
1276,9855 9856 12591 5469 12451 14094 4502 11488 11344 5694
1277,9870 9871 9867 9866 9864 9865 9872 9858 9863 9873
1278,9876 3031 4166 3027 13699 7336 3124 193 8922 201
1279,1145 1136 5841 1156 1725 1146 5839 2885 4596 1142
1280,2416 5948 9878 1736 8753 2344 2336 9561 2426 9602
1281,8239 9880 961 9879 938 966 4589 4590 3007 8263
1282,3868 11138 11681 4811 4810 8260 3869 9122 10666 3287
1283,9122 7282 9881 6802 319 7595 7596 10076 7591 7594
1284,9883 5060 9529 3708 9884 9268 2324 858 1503 9882
1285,2562 4215 4243 4237 790 3574 4233 4240 6767 4191
1286,6912 7514 5038 9887 8065 9886 9669 7193 5725 3943
1287,1415 2075 1540 6870 2077 5035 1440 9888 6381 8766
1288,9890 14348 9411 8708 9414 13499 9422 9416 9418 9442
1289,9892 9893 9220 4576 11140 14003 5582 12945 5224 9966
1290,297 10267 5275 3044 2270 337 10268 10612 13513 3043
1291,174 8502 2514 5568 9915 8724 1290 9910 9914 7153
1292,8599 659 8305 5940 9933 13522 314 658 2597 15031
1293,30 27 6020 315 8644 5133 9581 1239 9098 11236
1294,9944 6210 5994 9938 9563 4163 9941 5404 9272 2828
1295,14267 9951 9952 8382 9950 9949 9948 14274 8380 13835
1296,5078 9953 5082 5085 6899 3160 5079 14012 602 1345
1297,1512 1613 8482 874 8932 11204 9954 8931 15115 8929
1298,5463 2254 9956 5607 4301 9155 12785 3533 14082 351
1299,9191 1780 9192 4415 1779 2375 1321 1778 2371 1320
1300,3055 15205 13016 9957 7122 7125 7121 12810 15060 4436
1301,9958 9959 9814 12183 5329 5524 12695 5523 6568 5527
1302,2624 9961 1726 8255 6431 4454 9945 4574 9962 13673
1303,9964 9963 14046 8145 8414 8419 2161 5280 6567 8420
1304,1151 9968 9969 9967 1709 5129 13573 3107 1156 2885
1305,10501 9970 2285 9170 9218 10500 2006 10502 9169 11424
1306,15078 2923 5319 5320 8002 7808 13197 9971 5318 7518
1307,6125 2268 12161 9446 2276 5262 5263 5912 2283 13445
1308,8581 9170 1164 2770 2361 11424 6629 6627 8759 10269
1309,5794 9335 9974 3731 9294 9471 696 3050 3809 1614
1310,5463 5607 9993 4301 3627 12785 3624 5824 3628 3618
1311,9924 10171 2464 9504 10174 7505 1489 11250 105 5567
1312,9998 9999 7205 4585 2282 9996 5969 1265 4631 9997
1313,12931 10000 1789 3644 12693 12305 13641 12307 6945 13252
1314,10003 6772 10002 5898 10001 6274 6289 6291 9831 13113
1315,5214 3756 10006 4986 10004 5386 10005 4981 10133 3834
1316,10008 10007 2391 1713 5505 1607 12466 6125 10009 11204
1317,10012 244 3472 3502 3479 8989 425 419 7486 2001
1318,5187 2128 9922 3145 10015 12995 41 2496 2535 10013
1319,7633 253 10024 8936 10021 10022 12620 1811 10023 4183
1320,10026 10101 11924 10025 8960 8979 1094 11111 8128 9687
1321,10032 4802 6839 5712 4610 7963 10030 10031 1676 4277
1322,10035 10529 8772 9706 13767 8431 2603 7054 8025 12457
1323,10037 10039 10038 10036 4379 11458 14795 15204 11308 12617
1324,2816 8808 13439 14457 14183 13635 12501 10040 14405 12535
1325,2655 3853 10044 9442 10042 14005 4023 10043 12017 13548
1326,10045 8622 7397 7054 8243 3732 7494 5792 7496 4284
1327,2288 10046 10049 10051 563 10047 10050 9658 10048 5174
1328,10057 4834 10056 7687 9896 4837 8440 14377 691 3245
1329,12190 10061 10060 10391 7580 7299 9081 14382 5594 12346
1330,4837 10063 7203 10062 419 6319 7209 248 7208 544
1331,298 3023 10065 1491 7385 6686 2319 7840 3256 8243
1332,4818 9562 10066 2758 3110 1192 6654 4817 2768 4970
1333,10071 10074 10068 10069 8645 4035 10067 9625 10072 3442
1334,12966 10076 3551 7282 11955 14590 6407 12781 12772 12778
1335,10080 2662 8812 10081 8276 10082 10083 10079 2088 8214
1336,10090 10074 671 7094 10089 10091 672 4037 5868 10088
1337,7043 10092 11270 13593 9298 10711 6588 8656 9936 6150
1338,263 262 14167 1556 264 12858 13616 1263 261 1555
1339,1850 1841 881 12708 5089 13048 10364 864 8236 1842
1340,7627 342 8514 10093 923 9097 4381 666 6722 13395
1341,2657 7347 10094 1250 8224 14082 13886 9060 8780 1675
1342,6280 6291 10934 10095 6568 708 1246 6278 13737 6292
1343,8808 14183 13635 12501 12535 11110 10041 15210 8809 5192
1344,6706 10098 10096 10097 7059 7099 10099 4332 10628 10989
1345,10101 5192 11111 11541 9687 406 10665 5194 2475 14179
1346,14003 7402 4365 2468 5906 13716 345 6395 351 273
1347,10105 10104 10110 10109 5126 4803 10107 10108 10103 10111
1348,341 10113 10112 13594 6516 5960 7482 6974 4121 15033
1349,3240 3244 101 14898 103 14547 13952 11444 3019 2142
1350,10118 6262 3425 2908 10116 2894 10117 10119 9806 10120
1351,7302 4966 9998 9517 13285 127 9999 14452 5113 7205
1352,14378 10125 5904 5917 12086 2161 7506 8880 2324 351
1353,12190 10129 5206 10127 7685 10130 5680 5681 10128 1830
1354,10133 3834 3835 85 2292 2222 9330 4986 4894 4344
1355,10144 8047 1451 10142 2293 3911 10143 10141 11934 13161
1356,2426 10145 10146 10150 10148 4560 2427 10147 10149 8229
1357,1489 10159 10158 12719 14868 2464 12720 714 1493 5454
1358,2161 5280 1559 2162 5520 6342 10160 662 685 10164
1359,1617 1618 1622 1621 4902 13898 11389 235 1620 1619
1360,4415 11949 4060 1780 9191 7427 1778 2375 1321 1319
1361,10171 9504 10170 10173 8858 3796 10174 10172 4202 8840
1362,10181 8432 5161 14222 7429 5133 5150 6472 13898 5151
1363,5054 10182 600 4869 15084 6960 11593 500 1972 1966
1364,14542 4869 4574 10183 7946 765 11149 8037 13479 12591
1365,10184 10185 10034 12212 6090 8236 12719 12753 575 6202
1366,7200 10186 10187 13195 9972 273 14027 13767 11780 12282
1367,8430 10189 1857 10188 8001 4518 4881 1678 10185 11900
1368,2622 10191 10192 9665 5897 1722 1915 5671 6542 9662
1369,10195 10194 1365 10196 11508 11496 12214 1364 11516 1794
1370,1708 10198 7427 11949 10199 7785 6707 4415 1710 500
1371,3605 10201 10202 10200 6340 9476 2100 13898 6974 11017
1372,262 10345 10205 4381 11849 10693 9098 7605 8957 7606
1373,10206 4330 2744 11418 12747 12426 13326 12425 13651 13574
1374,9510 10209 7162 3823 1186 2659 14851 5163 7362 3557
1375,5195 10216 12545 14737 13522 10217 1028 12194 15207 7670
1376,10221 14821 8217 710 8218 11204 13197 11767 4273 10731
1377,10182 9217 10222 12785 15042 1004 5906 15021 1537 1536
1378,6354 4545 13393 4349 10755 13394 5248 15285 917 10188
1379,9363 10228 4245 10572 3303 10711 10227 6150 8045 4324
1380,2989 10229 14723 7416 7415 3116 12518 7712 9049 2988
1381,6400 10231 10233 7961 7960 2607 3892 7049 6563 10236
1382,8518 4809 12296 7939 9170 14623 13109 7942 9568 12890
1383,10824 2408 3419 13699 6873 437 2161 7051 1807 12086
1384,10242 10243 5634 10169 12678 14091 14179 9026 10171 4738
1385,5047 4907 4326 1559 9043 3749 668 10459 9038 1032
1386,10184 7203 6319 5819 6090 8236 7527 2413 14292 12753
1387,10245 666 665 1093 5280 12280 3607 2350 6128 6003
1388,10246 1156 2882 1721 4407 1145 1146 5440 1136 5442
1389,5280 3523 666 665 2161 1093 2162 10245 7805 1559
1390,10248 9427 5926 7761 1535 12816 3910 5924 445 5936
1391,10250 10251 10252 13898 14118 12864 266 13280 14171 5695
1392,1253 6225 10255 1269 5781 5783 7459 5198 2982 10970
1393,411 7804 2274 10259 10260 4094 10258 13547 2276 2283
1394,10174 6358 3604 9472 1202 8455 1487 9994 9028 9367
1395,4970 190 4146 4147 5184 3527 3718 11389 3528 10212
1396,7821 10266 8045 6585 7203 11446 6588 6319 7357 12571
1397,7398 253 3544 5766 7021 3543 3546 39 9602 6260
1398,10270 10269 10271 10272 10273 2000 14386 6226 3224 7848
1399,9861 3377 2961 15118 294 10274 122 9858 9867 9871
1400,10125 10348 13197 7925 3942 10597 5140 1078 6090 6086
1401,10279 10278 9366 10277 13125 13316 9517 715 13589 8362
1402,600 10282 5613 4493 3792 5616 4372 4074 10281 3408
1403,10285 12530 8353 6690 8354 10755 12951 11522 14352 7430
1404,3989 10142 1836 6861 5523 13143 10144 4005 8047 3990
1405,10286 10287 15137 15136 15138 15143 15117 8934 6743 15245
1406,2114 1675 7705 755 1673 1672 12493 3264 767 10943
1407,14934 12545 2074 10289 8415 8414 14141 8419 14348 8420
1408,8601 2105 11817 11087 14356 8599 8852 6407 6210 12781
1409,9442 15207 9283 11140 7346 8857 7345 5143 11148 5133
1410,6863 2963 10290 10291 3214 8480 12691 14493 10292 5096
1411,10294 1347 3224 3510 13197 7345 6142 2276 10521 11956
1412,9702 8933 10295 3120 10334 6691 9700 7429 9701 6639
1413,635 8431 8434 7429 9370 10304 5489 10300 10297 10306
1414,1073 9039 7388 1029 4907 2341 4326 223 1032 3355
1415,3366 4808 8345 5618 3190 4784 600 434 4789 4785
1416,14842 714 2468 559 1201 3944 3942 3152 6222 1078
1417,10318 10319 10312 10315 10313 9543 10316 10314 10317 5903
1418,10323 5605 4750 3152 4881 3541 13919 14609 14904 6435
1419,10324 10325 10326 10950 10949 10937 10955 10942 8188 10952
1420,10328 10329 10240 3117 2691 10327 2468 1833 14695 6663
1421,3224 2035 2562 3624 8644 2039 11659 2684 2681 11087
1422,10331 10330 6985 7670 102 6515 7671 11114 10929 2276
1423,10334 2416 6639 8933 10335 285 10337 4694 10239 7961
1424,793 2307 4496 2139 1807 11764 7954 767 7429 8861
1425,7263 10546 1178 10341 9209 11050 3461 10547 12466 6297
1426,3387 7695 10184 10125 9867 14173 14102 6202 10781 14497
1427,10345 2603 717 262 10344 10343 4381 11910 11909 10693
1428,14618 7814 5561 10347 8456 12403 3709 4379 1409 12168
1429,10350 10351 10349 10352 641 10353 10354 12229 14997 4070
1430,11949 6364 7427 13443 11624 3844 4415 9752 10597 9191
1431,10358 10360 8891 10357 14052 3357 5953 10356 5361 911
1432,12086 10308 12403 4441 7232 3224 4385 165 11820 8401
1433,6932 600 1762 10363 4069 1754 6936 14504 6202 6931
1434,4142 10366 6320 10365 4141 5671 10367 2376 9663 1829
1435,8567 155 10371 10372 10373 8501 153 9375 156 7764
1436,13594 5507 10386 12102 10385 7918 10387 9612 6052 7198
1437,2023 10388 1393 6651 3362 9259 5018 2301 1231 6519
1438,10391 10225 2834 13699 10289 2237 2040 7266 10060 10390
1439,10393 10394 10403 10399 10400 3654 10401 10396 10392 6668
1440,8275 2662 10407 8393 8214 2663 8215 8216 13810 10604
1441,10409 3998 500 10408 7433 14636 3995 4970 2184 978
1442,2823 2824 10410 14457 13926 14331 13575 2816 13260 3045
1443,8948 7972 7503 13563 4869 5545 5558 7506 7291 5915
1444,10412 2468 5095 12901 7051 2065 13428 10852 10875 12387
1445,10276 2065 10417 8619 10420 2053 854 10419 4848 9167
1446,10427 10426 8900 8236 6504 10425 13898 7895 7494 7076
1447,10428 9797 9798 10429 14579 14391 15133 13513 13620 9100
1448,4784 3857 4785 7821 4789 10181 4794 6020 5489 13048
1449,10884 8346 10430 1037 6013 5417 488 9249 6020 10308
1450,10431 7556 8960 7555 12226 13257 11208 13064 6755 638
1451,1986 9890 13596 9371 7051 13658 9165 3224 794 12359
1452,2294 691 2289 7931 10434 8990 8467 6130 10436 1430
1453,7429 635 8431 10297 10306 7357 8433 7821 5489 10300
1454,8329 5259 8328 8335 8112 8331 8332 11855 8330 14046
1455,14052 9170 5299 15032 2519 13851 11424 6863 6325 14053
1456,10443 10444 10442 13278 7888 12236 7882 6094 15139 7889
1457,12867 10447 10446 13197 5481 1672 6094 8695 7840 5434
1458,20 17 9314 437 2468 7397 4977 9068 10451 12086
1459,13616 7253 8141 7401 11692 11637 11940 8604 11076 8374
1460,1836 6676 15245 7054 4153 5792 9264 286 4129 5592
1461,5282 3009 10456 3482 10455 3005 2438 6278 109 13364
1462,5910 1347 1601 3224 5906 4740 3017 13197 5908 7823
1463,249 2699 14003 8857 1310 1512 7954 1428 4456 9885
1464,7009 3497 4906 2474 10276 11868 1207 2212 15217 7774
1465,2689 339 11181 7398 11182 2681 346 341 2703 6338
1466,6758 6757 6760 10458 6756 7698 9204 8260 9207 9209
1467,9944 2291 2055 975 640 10460 8524 945 8670 1588
1468,4348 3298 2221 15207 5596 7580 10362 13720 4341 3332
1469,6364 9194 5876 9191 6705 4415 4063 2890 4134 2371
1470,1101 5359 2063 3300 9049 1192 8644 14591 9944 820
1471,5482 450 9570 3866 1198 7238 11141 811 1217 4929
1472,10465 10463 13767 10466 7410 10464 13601 13598 2023 5985
1473,10472 864 10300 14842 10469 10470 10471 5981 1981 1271
1474,1317 9851 15217 12663 15126 12282 10365 603 9756 4142
1475,9568 1089 8501 8502 132 2569 1508 10534 3323 7156
1476,15139 5151 15115 15143 15137 15138 15136 10287 8708 10481
1477,5792 2575 3055 3947 12995 2519 3407 14621 15205 6642
1478,2099 2096 10137 10439 10485 13807 4485 10824 3342 10484
1479,3007 3005 3008 3006 3009 3004 961 3664 2100 10222
1480,7821 5489 7357 10487 11446 5488 8431 5726 4784 7247
1481,10488 8354 1362 8355 10489 8353 9782 9785 1364 13848
1482,10491 13258 3833 11946 14950 11552 1818 9405 6921 13596
1483,10495 10496 10498 10492 8407 10497 10493 10494 1310 9579
1484,10501 2285 9218 10500 2006 2362 10502 567 5478 980
1485,8837 10507 4774 12280 12392 10508 14904 5986 3107 7989
1486,3819 13143 4181 12438 500 14396 4974 11935 5523 3989
1487,10511 2810 10512 10514 2118 1990 10513 10510 10515 6049
1488,10521 10518 10520 10294 7708 10519 1016 5261 7705 1076
1489,14718 5261 10522 2428 3017 8798 8241 15021 4818 2426
1490,10523 14450 10524 1532 14405 11112 13439 12582 14684 14106
1491,3819 10236 5102 1517 3820 222 3643 5101 12979 6691
1492,1187 3799 3869 7191 247 10526 9355 10527 2155 416
1493,10529 10530 11294 7345 8756 11956 11295 4963 11293 2916
1494,6651 10531 5082 5951 8854 8447 8401 5085 7500 12431
1495,2938 6651 6242 4869 2221 9396 3556 12431 142 3253
1496,10534 10533 10394 14185 13217 8414 14749 4108 3797 14435
1497,10536 7994 2931 15118 4427 6106 10535 9134 12995 4426
1498,10542 1162 10054 88 4901 3237 3377 4813 4900 5527
1499,10238 10430 7189 5362 10327 8303 10328 4831 1017 3607
1500,8982 7449 10355 10628 10994 10627 6805 6804 11923 4415
1501,3731 5185 10548 8368 8724 9389 161 1018 10546 3505
1502,9221 10237 12592 1098 4928 4454 5666 10235 12493 6971
1503,7178 5815 13258 13607 10553 10913 2658 9549 13025 12214
1504,10554 1828 4596 14363 1438 9424 1887 1724 4602 11437
1505,6361 4415 1780 14753 1320 1778 2375 2371 1319 11346
1506,10557 10150 5343 4346 8241 2426 13986 6971 6020 5342
1507,9439 10559 1738 10934 6036 10572 3989 10227 6395 14410
1508,10560 2635 15192 10561 6582 9511 2634 14310 691 228
1509,4329 10563 10562 14408 6990 11108 9795 14217 12882 9785
1510,11740 10564 586 1701 1100 12387 12545 8401 12392 6434
1511,10567 9075 7397 6642 2088 8662 6588 11707 7232 14141
1512,5871 10569 14749 14746 14748 10570 14747 10568 12807 14750
1513,10572 3911 13143 10571 6032 5523 10144 10142 8171 1480
1514,10367 9752 9626 5849 5848 1824 10577 11624 4139 10575
1515,9296 12784 10579 12420 4509 13849 10321 12386 5142 6663
1516,10580 8006 4518 5918 10583 2657 1581 8005 10581 2181
1517,208 8960 413 4245 7816 14267 1310 1093 8719 7954
1518,10469 10472 4513 5463 8662 3209 864 13594 8770 10300
1519,3224 1411 10586 1693 10585 5585 8951 1347 1591 2000
1520,7070 10589 8598 7075 7066 10590 12431 500 6123 7060
1521,6649 2468 487 8662 3248 9446 10711 3253 7834 9171
1522,14519 9943 10591 10348 500 10597 745 6210 9944 774
1523,4381 263 10335 12985 5916 262 2284 11063 10345 12305
1524,4479 10268 14548 4930 1192 12403 149 7430 10834 10473
1525,2562 11740 7716 618 7433 9544 7872 2703 11458 9469
1526,10348 10597 5420 774 5962 447 4835 10598 2748 6970
1527,2294 9051 2291 12359 846 8418 2290 11646 2289 7341
1528,4153 11740 4346 7491 9389 3648 8063 10602 3696 6020
1529,10604 10603 6793 13472 13476 6140 13478 13473 8211 11659
1530,10606 336 12218 4978 5594 12219 7838 15217 8815 2224
1531,10492 10495 10498 10496 8407 7088 13025 9579 10494 10493
1532,7416 7415 3358 2989 2353 5145 3116 3252 11589 2988
1533,3445 3450 4532 4533 3447 10268 6293 3448 3451 774
1534,3472 10607 5469 4286 4496 13641 5623 5476 10308 12868
1535,7274 6591 933 8925 15032 361 1767 406 11215 8929
1536,10609 8264 3838 10610 7352 12518 5095 13385 13386 7755
1537,14934 14939 2224 10611 3202 4902 5398 1619 336 7906
1538,3467 5994 3028 4880 10615 9501 3715 4037 7856 1623
1539,7470 10473 1820 10622 10620 9203 1411 1171 9091 8597
1540,5873 10626 3079 10627 7215 2996 6742 10824 7494 10628
1541,10633 922 4744 12303 10632 10631 5436 578 8373 2675
1542,5864 14997 6546 10634 5597 6694 8873 15232 4129 6222
1543,4941 7801 10638 10637 10113 10387 9234 13095 12909 13092
1544,1317 10072 7818 15217 12663 10071 6323 9644 4037 603
1545,5494 1818 10639 12790 12789 6642 13784 8051 14216 7125
1546,7234 10640 8977 335 9375 2600 9374 14857 9373 2017
1547,2375 1321 9191 2372 1780 2371 4693 2869 14218 7092
1548,7494 10824 7314 4485 7456 7313 6177 7311 11087 7307
1549,9088 5990 5777 8067 3837 6303 315 8618 7004 4864
1550,10643 15069 5962 4717 2088 3253 7914 6509 10787 14951
1551,5969 13121 12867 10644 9521 12484 14348 5967 7848 5965
1552,10646 11666 14260 7755 15043 12673 8779 15073 14609 9790
1553,3837 8618 14586 8131 2411 10647 4848 1329 6227 1800
1554,5435 10650 9878 4841 2340 6814 5433 3967 3516 1867
1555,10656 5169 6880 9685 4959 9474 5743 2962 2349 10658
1556,10669 6625 157 10670 2074 10667 10289 1445 5116 13594
1557,8246 2129 4902 4954 8504 10674 2506 6916 502 3302
1558,10679 203 10678 964 9049 197 6925 9440 1528 6377
1559,10681 10683 3660 10682 10686 10689 10690 10687 10688 10684
1560,6735 4414 4415 3844 5876 1826 12257 8538 6742 1710
1561,10693 262 10692 10345 4381 9098 10205 7605 7606 8957
1562,10694 10695 2562 15089 3849 12392 6276 8218 6268 5758
1563,10711 8045 6150 10705 10706 7435 6649 1836 10707 7710
1564,9968 2893 11949 1011 2886 2885 2882 2883 5876 2880
1565,1345 2328 6569 7501 3261 3619 3026 2360 9429 1327
1566,6135 4879 3041 4269 10717 4660 3613 456 14348 6477
1567,450 191 1377 6854 4332 3719 14549 14573 760 5762
1568,3104 15007 6905 9715 5792 11868 5082 3920 2220 1341
1569,10720 5776 6974 9049 4121 5777 5259 5779 6971 11294
1570,10726 9073 10722 10721 4051 10725 10723 10724 6274 12722
1571,10824 4414 7218 11949 1826 4134 3844 11536 4415 5876
1572,2251 10727 10579 685 10728 8445 3099 3103 4869 3941
1573,1331 10730 13439 7050 15224 15157 13650 13351 9170 15271
1574,14183 8808 8809 15210 5192 10733 13441 13635 10041 14328
1575,7196 1501 10737 9474 10735 10736 388 7327 5951 10739
1576,7815 1069 14386 10621 5500 544 1412 7470 6367 10473
1577,6812 10741 9049 5192 12534 8811 15271 8362 8805 9187
1578,10171 8816 1210 10742 6046 7974 9888 4085 5437 5303
1579,10745 10744 6490 14865 8051 6642 6800 9104 14869 9890
1580,3831 10751 10747 9538 2891 2878 10748 5393 7059 6905
1581,10755 8082 10032 12591 14504 7232 14141 2672 1816 9277
1582,5334 10311 2647 2644 2648 8967 6478 10756 10757 1227
1583,9271 1575 4778 10759 9463 2691 388 4779 2335 7279
1584,10762 3748 2825 1103 1093 2826 10328 11215 8456 2024
1585,9442 14934 2925 10764 10763 12545 11303 14737 9170 8052
1586,10770 10775 10768 10773 10777 10774 10767 4524 10771 10776
1587,7489 9789 5180 3864 7779 5259 7662 14829 5889 7713
1588,388 3328 9944 7840 7196 9271 10739 3330 3333 6210
1589,7501 543 2783 7490 6957 3943 7506 6200 1345 544
1590,4020 432 4015 14179 13570 5361 12190 15084 9081 5594
1591,2276 10781 7830 10783 10784 1346 10782 3109 9085 1392
1592,10787 10789 8759 5370 8598 10788 1660 888 324 344
1593,3761 4827 3758 10555 12267 9985 223 8294 2916 1098
1594,10791 10795 10792 10794 10796 10793 14274 15157 351 10901
1595,5624 9990 8937 243 9490 5625 15140 7433 6708 4077
1596,10800 10801 10799 4149 12867 14902 103 3750 9722 5262
1597,10804 10802 10805 10803 14082 8770 10491 11900 9296 12457
1598,12809 14749 5442 1723 10807 2881 1888 12784 14746 12261
1599,7650 7651 6165 10810 1665 7648 2655 4674 4400 3615
1600,4603 5875 9626 9889 9643 10988 396 11624 1829 9634
1601,7092 9663 10813 1710 10816 10811 2370 10812 10814 10819
1602,14579 3055 15205 10820 13016 7121 7122 11440 7125 9119
1603,10823 8948 10822 7187 1235 3186 4862 8946 796 6018
1604,10826 10827 10830 10828 10825 7476 10829 6243 14966 7473
1605,3947 14476 12809 9609 4310 7144 5737 9183 6663 9890
1606,10834 7849 9511 10833 14618 6090 10835 7848 13616 15192
1607,15020 6372 10840 2477 10061 8616 1978 7760 8782 14618
1608,2236 10579 7820 10841 2583 5504 10023 1021 4485 8791
1609,2433 10842 15192 10145 2434 2432 13769 2436 8228 2426
1610,5224 26 4467 544 6367 3910 3922 5467 12634 8644
1611,1778 6361 7064 2375 4415 9192 14753 5876 3667 2371
1612,10845 10844 12676 8085 12677 11636 13703 11985 14679 12641
1613,10847 10848 10846 14935 13461 9081 1446 864 4493 12890
1614,10852 10853 10851 10849 13601 13658 10850 5985 13598 260
1615,10856 2374 4039 10854 1009 10857 2891 4380 1318 3668
1616,9702 10862 10861 10864 2868 7614 10863 7987 8854 10608
1617,5914 10868 7804 5597 7172 1177 2045 4339 15232 1178
1618,15020 4817 1474 9491 10308 3172 1572 8303 14618 6576
1619,10874 4719 13780 14591 10873 10872 820 14780 2094 12331
1620,8362 14934 4602 10875 10879 10878 10876 10078 10790 6535
1621,10029 10881 6545 8966 3811 12581 4802 10032 11446 7954
1622,3920 4159 3738 3557 5801 9981 9049 10882 3724 6343
1623,1345 6569 2328 3619 2360 9429 3543 3096 13807 5501
1624,7263 10887 10546 9900 8718 6889 9921 10544 12476 6888
1625,1079 8552 5046 3352 12462 1014 5454 8553 1816 5458
1626,2281 13849 6663 2276 2282 103 6658 7526 14915 1594
1627,3881 15022 15021 1300 13957 1299 3877 10439 11151 1094
1628,4604 12257 11641 12256 6807 11437 1829 9634 8267 2997
1629,7847 2928 15160 13771 2178 13558 12234 1904 15272 12867
1630,8083 11781 7660 701 11141 11780 12867 3395 5918 3855
1631,14618 14926 10834 10348 10597 495 2262 3643 12979 10833
1632,4837 6104 10896 10239 917 10895 1622 10788 10894 1621
1633,5043 10898 4153 7685 6519 2 3648 8278 600 4346
1634,6005 286 7633 4303 5417 11458 8349 287 3906 3615
1635,10950 11473 10949 5367 4605 10937 10942 10952 10955 4381
1636,10900 9814 9958 9959 5527 12480 5329 10934 11985 6642
1637,10473 10902 3098 10268 9981 3099 9049 6974 7430 4121
1638,5679 7628 9204 9207 9209 2197 5593 5434 4627 7053
1639,10905 10904 6004 6407 12780 12781 1951 12772 12771 12778
1640,10907 7855 8987 4784 4787 569 564 4785 565 7853
1641,12017 625 286 15006 11458 3906 3615 11707 14926 287
1642,10909 6382 10908 126 8836 8449 11740 1078 4211 7357
1643,7357 1345 7821 8063 8065 10885 8064 11867 8067 666
1644,2582 7681 3881 14185 4335 7054 5576 666 7670 5906
1645,1989 5784 10911 2659 931 13556 14274 9510 10209 14763
1646,8458 2602 14046 4949 10472 1606 11900 6214 3209 486
1647,10916 10917 9374 11980 335 7234 9026 11188 8977 14844
1648,4209 6211 11707 9097 3696 3209 2766 10472 7696 10305
1649,10924 10926 10923 10928 10922 10925 5245 2865 3088 10921
1650,10934 1738 2459 708 2462 3989 7680 4852 7467 2001
1651,10950 10949 10937 10942 10952 10955 10936 10940 10946 10939
1652,2142 9901 10549 2500 7374 5234 6179 5187 5568 7153
1653,2916 491 10960 1518 8584 5956 6463 10453 39 6973
1654,10963 2113 2116 14397 12805 6113 6107 9050 10731 2112
1655,10270 8349 3962 7969 9619 5453 121 5209 145 3359
1656,13686 13687 13689 10969 13688 13776 13034 12827 13678 6841
1657,15137 15136 15138 10972 419 15117 13570 3984 1995 4717
1658,8684 8683 8681 8682 8679 8686 7652 8685 14260 8680
1659,8644 6589 5802 5172 8716 10453 12476 5359 7543 4861
1660,13806 10976 1884 10975 9342 13025 725 11980 3330 14785
1661,9049 6812 8652 10983 197 13807 10982 6175 1654 10981
1662,10443 11781 12484 10986 5199 7660 5676 9830 11780 5198
1663,8152 1153 5442 10950 10936 10949 1156 5439 4693 10952
1664,10628 9191 10988 6804 5846 8900 10994 8982 10995 10630
1665,11003 11004 13720 9787 9785 13019 4329 14408 14374 6139
1666,3636 3624 9978 6588 6147 3628 3618 6150 3626 6149
1667,11005 11007 6483 11006 6621 7051 6623 4753 13385 11780
1668,3387 10266 7515 3690 11855 7821 8943 2361 7695 6812
1669,500 4970 2184 978 11009 11010 10409 11011 11014 11013
1670,7122 7123 13952 11440 7112 2142 14898 3969 108 7116
1671,11020 6936 4445 2724 7430 13116 6845 14251 10448 5492
1672,3635 6066 11022 6471 3624 14274 12803 351 6157 4349
1673,3849 3847 8962 15140 3850 12305 11023 12307 5133 5150
1674,11027 11026 4336 1904 11025 7881 8168 8760 1769 15160
1675,3240 4627 14218 11028 3241 1356 2462 2288 9663 9850
1676,2599 12753 11030 1675 7643 9781 10596 7650 12387 5476
1677,11032 11033 11034 11031 5872 4174 3758 12269 6784 5157
1678,7815 8779 2129 10050 7184 10910 15232 4303 544 9954
1679,6303 9088 6083 10659 11036 8853 9778 10564 11030 3470
1680,4015 10440 6437 8171 12190 3685 2314 2216 11017 13645
1681,2360 6383 4307 2468 1345 109 2223 472 2217 13580
1682,7054 5792 10910 11065 2462 14243 14239 2415 2457 9442
1683,2676 8266 8274 8286 8281 400 8289 2681 3296 2703
1684,6549 11038 9071 12708 9202 2912 9837 4332 14615 11361
1685,5802 11044 9614 12476 14851 5604 5457 9579 2338 9107
1686,2020 3890 3508 7462 7669 7807 7173 5493 7588 355
1687,12086 5469 5477 5476 632 10125 5481 12753 11867 5906
1688,6326 14052 11052 11053 11051 13346 363 13347 1532 11112
1689,3782 11056 10863 7069 3077 6245 7221 11055 11057 6537
1690,3743 3055 15205 15060 2100 13016 7125 7122 7116 7121
1691,286 11458 3906 3615 14056 287 10596 15007 9116 7700
1692,2154 11058 10806 8370 2083 1647 10651 7116 13134 3056
1693,263 4381 262 11063 10345 11027 264 261 10335 10693
1694,11065 11064 11068 10965 10139 11067 11066 15020 3092 1873
1695,7511 6828 14583 1048 11072 1031 7510 3642 803 3947
1696,5046 9544 3208 8432 3526 7429 7828 6472 2453 10297
1697,11076 3090 3087 11075 1327 11074 6546 9838 5899 3086
1698,11079 736 2577 735 1638 10276 8913 3226 2161 5280
1699,10884 488 5777 774 767 3252 3834 15222 735 4484
1700,10716 11638 4674 11640 6244 6539 1155 4072 7218 12082
1701,487 8775 8621 4210 3373 2748 3557 8863 9491 6954
1702,11082 8434 14540 14352 4645 12682 4000 635 4005 1832
1703,9130 3363 9520 11083 2348 9097 8069 8191 2344 7397
1704,7474 1036 747 3421 13239 1707 11085 6240 1032 1226
1705,9170 4867 11424 3348 5836 5887 4918 8349 8350 8523
1706,11087 3257 8933 7492 7017 2355 1411 8779 4805 450
1707,11091 4596 4407 5442 5440 11437 1829 13573 1156 1145
1708,15020 11092 11424 14618 9170 9 10375 8873 7433 9544
1709,9191 2375 2371 1321 1780 4415 9192 9080 1779 4060
1710,3543 1345 4773 3544 3546 12789 3547 4979 7139 1085
1711,14865 3955 2362 5740 12387 7054 6872 7232 14636 5792
1712,8490 926 8329 8328 3643 8332 5468 12979 8331 8330
1713,8759 11093 10149 2426 14798 3350 12431 11094 12614 6863
1714,10746 10031 13957 6839 5010 4802 10032 4359 7963 10030
1715,3107 11104 11101 3003 1152 11105 1151 11100 10543 8156
1716,11110 11108 11111 10179 11109 6990 6352 10563 9795 12006
1717,8432 8434 9370 10304 10297 10306 3992 7680 3991 6644
1718,7505 735 4471 1202 754 602 736 1981 1684 767
1719,1717 1150 1708 1703 1710 1156 1706 1142 1722 1705
1720,11114 10929 11113 10331 2277 7864 3866 7364 3891 3948
1721,7893 3997 9973 7899 2848 10320 13460 12868 12927 2843
1722,3693 11118 6738 7222 11119 1776 8160 8152 11120 1721
1723,11121 12535 13452 8827 13334 13628 13574 14123 1166 13959
1724,11125 14240 11124 8999 14851 14639 1367 103 8871 13919
1725,9078 14795 11128 13563 7309 15007 9101 14231 9287 4250
1726,9658 9470 4018 11129 820 9473 4022 4019 5737 9445
1727,9563 6814 2242 15118 11038 13058 5294 4222 5082 5435
1728,12682 8820 9098 13588 4504 14278 11053 10623 14275 1425
1729,1310 10470 2785 2333 10661 191 3353 2344 10649 8191
1730,1243 10786 2149 5225 11131 11132 11133 11130 6879 1190
1731,11141 11143 2174 11142 2644 2648 11144 10909 4101 2933
1732,5010 7980 9837 11146 12591 10781 14843 11619 4359 11615
1733,9602 5218 6304 2018 8252 1451 517 7398 8829 388
1734,2047 9712 2045 1341 2048 2050 1340 4250 9713 5914
1735,11148 7361 5466 8623 2575 11740 8419 3017 7816 11149
1736,4063 2890 4134 9194 5876 11949 6705 12809 1777 1826
1737,1446 5315 1439 11834 5853 14417 1646 7954 14935 5663
1738,11150 3719 3124 4978 7290 13580 3488 10203 15217 8286
1739,11114 9829 7199 10929 3264 11116 10331 11113 12212 2277
1740,10781 5010 4673 3246 5498 903 8012 238 12809 3242
1741,11157 5746 2 0 8759 8285 18 13898 5747 7685
1742,2462 7830 11160 7820 10579 4210 5452 5683 2752 4335
1743,8638 11166 6794 4661 11163 4647 11164 11165 9012 5557
1744,5769 7565 8936 8066 10742 8339 5922 11171 1401 10437
1745,2043 2825 10841 10510 5148 4772 5000 14966 10511 11867
1746,6521 4378 14591 10276 8970 5259 2055 9944 10328 820
1747,2285 10501 5098 4729 602 9218 10500 2006 1807 5240
1748,11178 11180 11179 4384 5699 12030 14147 8497 8236 10184
1749,11181 11182 10114 11183 12190 2689 2399 913 9081 5594
1750,5623 5573 6702 5398 10607 5080 10641 5085 12663 6147
1751,7116 7113 7134 2083 7122 7112 3055 7125 8999 11184
1752,11185 8999 14851 7974 15228 10171 3063 14865 91 15226
1753,2980 7448 9562 6654 7449 11148 2974 7450 2970 4970
1754,8759 2593 13780 8100 11187 14780 2094 12614 14798 12431
1755,7869 5622 1403 4001 1734 11190 6904 8461 9097 11189
1756,11191 4571 9576 2953 4343 11949 1760 12531 11095 1754
1757,13806 10976 7954 4129 3811 12089 3719 3330 14785 1884
1758,4210 2718 3251 14591 487 2462 820 14056 5591 12143
1759,11194 6829 5065 5073 5072 2774 7089 13699 5033 11083
1760,11204 2094 8758 8812 11208 11200 8903 11199 5331 11206
1761,10308 6434 7698 42 14508 11148 10596 10901 8419 13407
1762,5018 10459 1232 6688 1032 1034 6237 1017 1035 14431
1763,11215 1767 11216 6980 7361 3581 14476 11214 893 7274
1764,10468 11217 13947 3885 11218 6537 1435 13901 4820 13948
1765,1446 8990 8566 8391 5077 11161 8530 11222 11236 544
1766,2371 11224 2374 2375 4142 12282 2370 1356 9191 4141
1767,1663 1662 6253 1094 109 8979 1126 6784 2438 8128
1768,7698 10901 15020 14851 3471 1752 15006 14618 1965 6434
1769,11231 11232 14469 11418 8362 14325 3755 15157 9693 13219
1770,5882 11083 7397 4767 15128 8243 5879 12199 8695 12001
1771,14934 3383 14851 10736 3316 11233 12190 3833 3022 7125
1772,11236 11064 11238 11237 4288 8990 11235 14842 3681 6267
1773,2100 3605 2096 3609 2102 2779 13898 12864 9049 1765
1774,7620 8343 1676 11239 250 6122 12809 238 4286 8401
1775,10824 2408 1520 3285 7778 11740 1093 1436 7954 5794
1776,11241 1699 8788 4701 7849 10868 6613 13616 14377 8291
1777,13919 9544 15154 188 4717 5418 11659 12868 3615 2703
1778,11244 6097 1422 9527 9296 11213 1415 6499 7882 1434
1779,7892 11245 11210 13641 6795 1524 6090 9558 7739 11209
1780,9318 8799 2586 6198 336 3015 9298 3696 603 1796
1781,15217 11252 11251 351 15219 15170 15169 15218 13684 14274
1782,11253 7232 14141 1742 14268 13548 10755 11980 12313 14400
1783,11216 12620 2475 3109 185 3114 3476 4813 1371 1767
1784,9079 11171 8275 8213 15042 7824 14043 15021 8960 13720
1785,1596 7527 12030 10184 9277 3017 5469 11764 11204 4456
1786,3367 3531 189 11258 10359 1419 11146 7770 15204 3528
1787,9885 11260 11259 6563 3397 4568 5425 3242 3017 10210
1788,11262 4334 4503 7168 5639 4481 7277 10548 11214 4547
1789,1266 11263 11264 6359 6429 3152 10467 6418 10323 4508
1790,11268 276 11267 7440 7736 2119 5607 5038 1600 5463
1791,2374 2371 7064 4142 2370 2375 9663 4693 1356 9666
1792,4839 4837 4844 525 4834 4840 538 12654 4838 532
1793,8808 14183 13635 1752 12501 12535 11110 10041 15210 8809
1794,7545 6182 11272 2878 10204 2297 6071 11154 6072 11740
1795,8153 3781 2048 11274 8154 3784 8155 9539 8967 6395
1796,11275 11277 11276 11116 9829 7199 4367 8062 7608 11114
1797,11281 9620 11279 11280 11278 6790 4040 8960 351 11855
1798,934 11282 7409 11283 914 11285 5898 947 11286 528
1799,2692 1030 2826 3358 5501 1345 2681 2697 2703 11764
1800,11294 8756 11293 11295 596 8620 10530 11296 1781 11292
1801,10218 11043 6826 1093 12218 3017 109 2747 5594 5769
1802,3017 7900 2462 3095 1093 7388 5435 7830 3098 223
1803,11299 4011 251 7465 6203 8623 11298 349 4494 9780
1804,9693 11301 2349 11302 6560 589 8495 3729 3723 592
1805,6985 11303 11304 12545 10764 9170 14737 12194 11424 14845
1806,1789 10000 1795 11305 1792 12931 2627 1791 1841 1794
1807,2920 12901 9944 2917 14527 7470 2916 13428 10473 2435
1808,4379 11308 11309 2803 11307 11312 11311 11306 6674 8455
1809,5864 8937 8971 7494 7496 8970 10505 11317 7774 11957
1810,11318 11319 14286 5876 4693 14952 4063 12756 6735 7092
1811,6568 6410 6280 11320 1426 12420 1841 6291 14243 14239
1812,11321 11322 7175 12282 6084 5320 12890 7851 6464 2921
1813,7669 3047 6369 9407 600 9112 10691 11324 10281 4799
1814,467 12438 10296 1586 635 10303 14431 4468 8188 1243
1815,5462 4945 11334 11329 7484 9142 11337 5583 7669 11331
1816,4415 11346 1780 11350 7404 2375 3001 2371 5450 8982
1817,1415 11353 5717 11354 11355 12387 12392 3643 10565 12979
1818,4971 11357 11358 11356 13239 6170 1124 908 13978 6240
1819,11361 6035 416 4027 7051 7232 11817 171 11087 812
1820,245 9570 8891 5556 3721 3985 11362 9785 9250 4245
1821,14274 14621 1078 5273 15154 2018 4379 12593 8252 4837
1822,4663 4660 11368 11370 4662 11369 7054 4650 13022 4653
1823,1475 2614 13353 12672 13320 13522 12114 8892 5345 13319
1824,3700 6020 8652 11372 9259 9529 186 4252 3186 6975
1825,11373 174 197 8793 1290 6788 7769 7113 3145 11374
1826,11381 10627 10628 10999 11000 8982 5846 14218 10994 6804
1827,6365 1186 12086 12168 6191 10209 7345 3942 14621 6367
1828,4817 8619 3122 3604 14966 694 3550 7972 4869 11767
1829,1315 10824 7218 1157 3082 11536 6321 9645 12737 8850
1830,4869 2251 479 3249 7676 5527 6408 7670 5133 11236
1831,4615 4619 11386 5537 4625 4622 4621 4618 11385 4611
1832,4324 4374 8865 5539 5766 2345 6834 6859 9602 1345
1833,11389 11388 6652 11971 3656 7709 10402 10401 9150 8668
1834,11390 4302 12506 11646 6430 2576 14904 15030 12507 12510
1835,11392 11393 2739 3063 3719 5999 91 14578 8241 12063
1836,11396 12468 11395 13256 2562 367 3877 11097 3264 2426
1837,11402 11403 11398 11399 11404 11401 1523 1745 11397 11400
1838,11408 11361 637 11407 688 7748 6085 3012 6483 602
1839,4939 6237 1078 2462 4765 1586 3226 2161 5280 15111
1840,11413 11412 7640 11411 10024 6069 11415 11414 11417 7499
1841,5602 12493 6620 8230 8234 14047 2894 4359 8228 4460
1842,4968 8188 8414 8423 7398 8419 13162 14425 603 6567
1843,1866 4329 4328 6447 8274 12914 8286 400 8281 13744
1844,11076 974 2672 5596 1387 3943 9567 9098 578 3114
1845,11112 1535 14457 2816 13439 13322 7203 13855 13320 1339
1846,10181 10656 5864 8684 4982 7387 8683 5776 7527 8687
1847,4724 11420 10071 11707 8645 12089 10073 7367 8524 15128
1848,6182 11421 7741 3887 1939 7528 6298 1840 4745 12858
1849,7005 1208 3976 9156 4797 7769 3030 3690 5540 5269
1850,11422 11423 4881 9170 8484 11424 13919 9287 3849 2047
1851,9171 8936 6649 7834 1279 9295 10377 11169 6048 10376
1852,11268 11427 11425 11426 8085 5071 12266 14549 10407 10456
1853,5401 10781 3387 10184 1022 2587 12305 6202 9204 14497
1854,935 11433 11430 11431 11432 9386 5796 9379 9387 5599
1855,11437 1156 5440 11434 11436 5442 11435 11641 1721 12257
1856,14586 11440 6857 1089 6254 7006 3606 11441 4437 7135
1857,11446 9165 11445 269 5712 5339 9404 14167 7695 15228
1858,11447 1387 11148 7345 6186 3643 12979 14904 5010 5887
1859,11456 11455 2634 11451 11452 11450 11457 11449 11448 11453
1860,11458 14583 15006 1782 10039 2936 2323 9779 5014 6019
1861,4454 4461 8542 10628 8982 5846 2843 1827 12199 10627
1862,13017 15020 1613 7850 10371 10372 13530 10290 10370 10509
1863,8415 13058 8414 11465 15204 8419 14348 6237 5460 6567
1864,6911 3638 6829 732 1734 11466 9085 9834 3155 3575
1865,4013 8933 11468 7707 8914 282 1592 10023 7705 527
1866,2741 11470 2314 12425 6416 13353 14262 2744 2742 11418
1867,11471 1015 11780 13597 9805 11143 4143 6735 1032 4640
1868,8748 6325 10171 8201 7815 5092 8816 1210 9078 126
1869,1323 14457 6352 1324 2816 13701 8526 11110 2823 405
1870,8525 15217 2358 1443 13050 15219 14214 487 3528 15218
1871,11473 15060 8853 7695 113 14493 14222 6303 13199 8852
1872,5491 1073 8170 1096 11474 8171 12305 4911 13258 12307
1873,5197 10491 6921 5196 4784 13258 7782 3833 11946 14950
1874,8045 8689 7821 9405 6471 9581 2954 10711 11957 391
1875,3152 10323 7804 1266 6547 1837 3948 6692 12403 1841
1876,2374 2370 9663 10366 4142 10365 2371 4141 1356 7092
1877,4784 7169 3017 11475 12083 11152 13137 10269 8234 7171
1878,6698 11476 9609 10190 9877 3231 6528 2588 1524 2077
1879,11482 5212 3511 15020 1296 9771 4894 11479 10292 6302
1880,13563 11137 1243 212 5772 7857 218 4713 10786 11132
1881,5461 8497 14431 187 3377 9510 7313 1243 7311 3378
1882,11491 11488 10449 11490 11489 11487 11492 11078 10971 13176
1883,10932 11493 14657 3643 12979 6094 3252 12984 11110 14337
1884,11508 11496 11516 11497 11511 11501 11502 11522 11495 11521
1885,4414 1826 3844 4416 11536 3843 6364 10556 2876 14105
1886,3372 7840 5463 2562 6579 14082 1438 13570 2764 8241
1887,1475 2820 13353 12426 13186 12672 13574 2742 5999 13522
1888,9832 11525 12708 11526 12864 9234 8969 9973 12523 4941
1889,11527 11530 4457 11528 2769 2878 2892 10582 11531 1778
1890,9939 7695 7694 9405 9944 11957 10852 9787 8045 6210
1891,11535 11541 14195 8362 15271 10040 14179 12821 12884 13326
1892,11536 3082 1314 1318 6321 2889 4617 4611 1315 4621
1893,11541 11540 11538 11542 11539 7850 10593 13530 14179 7660
1894,15078 11543 14798 9358 8759 11095 13306 11544 8899 13064
1895,11546 3995 1940 11548 5891 6631 6630 4710 11547 6626
1896,2129 10174 9042 3964 14591 820 9021 4907 10171 4326
1897,11549 103 15068 2325 15250 15249 14597 13174 15066 15190
1898,11949 3183 13806 3622 3624 7612 3628 3618 8599 5398
1899,11552 7670 7674 11946 10491 9405 13596 5887 15026 7677
1900,10596 11559 11557 2169 11558 11560 11554 11555 10127 7022
1901,8143 3615 1665 13385 4400 15022 14891 13205 6783 8118
1902,4911 4347 11565 9293 1262 11474 2750 3441 7488 7054
1903,4970 5169 5215 2793 11566 177 6615 7743 6624 1664
1904,5789 1850 3142 1841 2750 11569 11048 9527 9296 10824
1905,11251 15217 11572 11571 11570 11573 15219 15170 15218 15169
1906,6202 424 14893 11574 10468 4961 4956 14046 13947 3885
1907,1908 6768 10171 1028 7917 11576 4717 8352 7670 5082
1908,7345 9405 11577 7342 7344 11957 12263 4071 8045 1124
1909,222 3820 4997 10236 6974 4121 3819 11301 9693 3355
1910,2908 9652 1938 4633 12965 10118 3425 6511 4358 9653
1911,6553 4413 10366 12803 10365 3268 9851 2371 12801 7875
1912,14548 12403 9405 10834 149 7313 7433 2763 7311 7307
1913,5680 11581 2440 11582 11580 11579 11583 8091 11585 11584
1914,3491 7083 13777 13776 15237 15281 9384 11303 14568 14400
1915,3576 11588 10468 3224 2131 13947 3885 1616 1435 10423
1916,11589 2054 14046 8678 11733 12682 5794 9335 10286 11732
1917,11591 409 3709 9053 8218 11590 14173 14174 9170 726
1918,2562 15157 3802 13522 6593 971 3047 2082 13784 7633
1919,2009 9411 6099 4314 15237 9422 14546 9416 9418 7014
1920,4553 730 725 11977 12447 10563 12061 729 10728 12341
1921,11593 11564 6349 1110 11780 6171 12030 13597 753 3643
1922,11595 13124 4196 4483 3247 3991 1586 8188 10478 8662
1923,11596 11597 12346 12344 7299 3383 6678 12343 3758 12341
1924,15078 218 8350 7580 9820 11021 6471 7357 8349 4164
1925,11598 2622 2869 12493 11536 4693 7092 14736 7498 4063
1926,7612 5883 11599 11600 5984 11601 3851 11602 5483 1677
1927,11589 13641 2839 7345 11606 7580 12518 204 14450 10787
1928,2224 8563 10345 11584 6386 4555 11607 11156 6834 2450
1929,11610 13641 7650 8497 11611 14171 10253 5694 10705 12451
1930,11614 11612 11613 7702 6395 8362 9170 12122 13675 12119
1931,11619 11615 9699 11249 11618 11616 5880 11617 11620 7980
1932,9474 9518 4153 2160 11623 9478 5540 3648 2468 11957
1933,11624 11625 9627 6556 9626 2869 4626 9643 4139 4603
1934,11627 8622 3262 10436 70 2565 6903 1504 55 5312
1935,11628 11629 14142 13239 13256 3090 8882 2727 14173 7848
1936,4451 11630 14574 11631 15140 14268 15033 8211 10604 11186
1937,6520 8112 14865 5259 5356 5353 14869 11855 15055 6186
1938,11633 11635 13957 11634 3005 6281 11692 12467 2853 8679
1939,11637 5054 5864 7804 8515 7378 1979 13767 1895 8364
1940,11638 7218 10824 11640 11639 1155 1156 1721 10716 1142
1941,12858 1841 6493 12282 1840 9830 1558 14039 13175 4700
1942,12086 1728 779 3942 6638 14904 1078 12030 6471 1249
1943,1498 4939 9286 11038 9003 12784 4929 7397 10348 7310
1944,11644 11645 11643 5301 3179 10884 181 2531 2506 4721
1945,14003 8142 7402 11647 12403 3017 351 15140 12282 12359
1946,1420 11740 9923 742 9692 11017 618 9829 1415 7199
1947,11650 8650 1227 11649 11648 221 6185 1111 12858 14046
1948,8599 13594 11652 3006 11651 8494 11653 3005 4289 940
1949,5435 4864 3321 3158 4595 11655 2342 4559 10895 7104
1950,12484 12931 5711 7165 7526 7161 6658 7166 8354 10000
1951,11624 6134 1321 9191 4060 9192 1780 2375 4415 1779
1952,11591 11657 7874 7871 9883 9611 13699 6080 7523 7873
1953,150 11659 5828 2734 148 4987 2562 11658 3989 8780
1954,7885 7884 11660 11661 6085 6512 1696 9392 7882 3055
1955,8176 8707 11662 11663 8171 13095 12909 12420 13092 4723
1956,11666 11667 3856 1489 3366 9709 10646 5187 9154 11855
1957,9221 10273 1392 8857 13767 4770 2519 12403 14185 8940
1958,3990 9181 8047 10711 11669 14348 9741 10910 13143 7397
1959,11671 15006 278 11065 10308 6691 9700 3821 7914 11458
1960,11681 4810 4811 9741 11684 9564 8292 11673 11674 3554
1961,1471 11685 49 9922 5225 10371 651 2132 1964 3746
1962,11687 14012 6538 11305 8291 11686 9395 7880 6477 12923
1963,8340 9336 11689 3832 5792 3833 5791 15192 751 8329
1964,6364 11691 11624 9191 2980 13984 15126 396 12739 12737
1965,11692 11693 8913 14091 14090 8886 5967 9998 8912 6186
1966,11696 11694 11695 11697 11698 11195 14359 15246 11971 13597
1967,1653 3574 452 11699 9882 5509 749 7038 791 767
1968,11700 7962 11701 11232 3781 7470 14469 14046 12578 3784
1969,8255 11703 8254 10191 2624 8167 12297 9961 8253 6431
1970,6377 11704 9149 5323 11705 203 3127 6934 4472 1607
1971,11707 9708 2453 251 8464 10823 1411 3185 1231 8524
1972,6435 11075 2865 2732 11710 9589 5255 2901 6763 11709
1973,11711 7174 10167 5898 304 8401 9890 13543 6291 13113
1974,11713 5458 5454 3390 9411 3352 5459 6970 8432 5455
1975,7846 5984 4854 712 4727 8473 11665 4973 5983 8642
1976,11715 11714 13306 2666 2613 8632 9438 2612 8628 8629
1977,2514 9925 8208 6906 12995 8504 10390 5307 5989 14586
1978,1660 5022 5621 11584 487 8857 2952 10529 8851 10787
1979,8714 2578 9915 14450 8602 4792 3648 453 9121 1960
1980,9277 10166 3947 9049 2346 2672 8674 7527 14274 7143
1981,4602 11721 1828 11722 9755 11531 10075 2876 4416 11723
1982,10056 7249 10268 12269 13578 14325 10057 5194 8805 13455
1983,11725 2853 8970 14545 3616 12861 5115 7086 9434 15135
1984,2973 12218 11726 5594 2974 2970 12219 2966 2977 2980
1985,6026 3699 6029 12438 10268 11727 8656 14039 3209 3696
1986,11728 7478 7529 11729 6911 1809 1807 3638 7473 7475
1987,222 12420 1014 1051 12466 10448 6336 1076 3820 1053
1988,11733 11732 6780 2054 5206 11665 11731 14821 13601 3615
1989,11734 15228 10972 1785 1433 3359 3833 3931 13570 3827
1990,6021 8699 12966 11735 695 689 736 691 6020 735
1991,11949 2883 5448 2890 2884 5449 4693 2399 11723 5876
1992,315 7004 9051 4176 11175 11738 9563 9088 4261 9990
1993,11744 4563 11743 561 11742 564 1522 565 12213 4562
1994,10378 1202 2454 10663 3399 5417 2307 743 5418 1803
1995,6997 3856 11746 4858 8853 559 11473 5730 424 1684
1996,11747 2221 5596 14740 10362 10268 8401 1528 8171 10563
1997,5195 3262 13052 13522 11627 11834 14194 4852 8622 13735
1998,9985 26 3734 5046 3527 5224 3528 190 10552 1737
1999,9191 1321 1780 4415 9192 2375 1778 2371 1779 1320
2000,13439 2816 1166 13326 2614 14457 13320 13319 3464 13452
2001,3479 3048 9149 2239 11750 4245 6873 4419 622 698
2002,4163 2558 690 186 294 5812 9184 3493 4916 10959
2003,11752 11754 2614 11753 14150 3465 2816 13452 13352 2744
2004,7677 11756 3659 10907 7804 6547 7019 10107 990 11327
2005,11424 2838 1078 13161 4080 9170 8573 4079 2291 846
2006,7815 10884 3314 3315 4085 10171 126 7915 1993 8201
2007,6008 6680 6007 6006 11761 12431 5261 6011 6312 10612
2008,8816 13547 11764 13548 11763 11765 14090 6691 9700 11021
2009,11766 13397 7368 7954 14260 13045 13396 15025 6210 11967
2010,11767 11371 7177 3604 7178 15000 13269 11369 13513 4662
2011,4143 1015 1032 6735 11713 1053 1063 1076 1065 1069
2012,3803 1445 10858 487 5689 3107 15162 1001 7096 2622
2013,8063 12501 1905 7389 8064 1904 6863 8354 12505 12506
2014,11769 12479 11728 561 10593 4992 7382 8561 12158 10009
2015,5769 9593 8470 7482 9170 2462 15192 11424 8471 8468
2016,1121 2843 11771 9895 11772 8021 5244 4454 9393 11770
2017,8622 10170 1191 6582 5147 4178 5140 10171 7345 7718
2018,9327 3489 11773 7721 11774 13686 13687 13688 13689 7722
2019,2875 3688 1866 1003 10843 10857 3668 4609 7078 8167
2020,3001 11777 1778 4415 1780 7062 2371 2375 5876 11346
2021,9531 2950 7770 5663 9181 7774 4977 8604 7459 11704
2022,9535 7075 7078 6742 402 3667 5873 9536 1725 9537
2023,11781 7660 11780 13530 11782 11779 8992 7850 8839 7659
2024,10824 1761 1754 15236 2681 2703 209 8497 1758 12451
2025,9885 5702 5700 2699 11786 5699 3285 6477 6619 5703
2026,8604 8760 11788 333 3888 2600 11110 11438 11027 4336
2027,7037 7036 1062 4950 3528 1032 1059 1076 3523 1053
2028,11334 11791 8171 8178 8175 8173 5291 5462 4945 9142
2029,14519 986 320 10002 11792 8527 11793 9846 11795 11794
2030,7948 9602 900 13393 4545 13394 5248 902 4509 903
2031,11801 5662 11797 9747 6811 3845 9748 11802 4401 9745
2032,5489 251 9046 11803 139 7051 5027 7821 848 297
2033,4625 1316 2888 9547 11805 1135 1863 5449 1859 4615
2034,11809 3752 7054 583 5792 11810 10596 7354 10613 13754
2035,11811 11812 5812 5504 122 120 2041 5822 6791 6470
2036,7494 14939 1618 235 234 1619 1617 5398 13898 1621
2037,11815 5396 10203 9974 4166 13699 5946 7210 8258 7821
2038,2375 9968 11816 2372 12739 12738 12733 14218 12242 2380
2039,11087 11817 2768 8935 6648 5043 11818 7051 846 4027
2040,11819 3807 13784 8693 12771 12781 10677 6407 7186 12772
2041,11820 14508 10419 1414 912 4419 1688 12403 4869 10276
2042,6713 14476 8398 6722 9609 6712 11841 6709 995 7868
2043,11138 2716 11826 11823 11828 11825 11831 11014 6855 11829
2044,1100 6017 1345 2762 12030 10478 11215 2462 15154 10711
2045,348 1728 10347 228 6005 7633 9049 1807 4474 10560
2046,6843 6845 6840 13403 6842 6841 5009 2050 11182 13597
2047,15245 4129 2558 15204 7397 8243 14695 8708 14926 2161
2048,11837 11838 9688 6578 2109 4841 3128 9881 8671 3604
2049,4414 11082 1158 89 1007 6742 3000 9536 5873 6735
2050,11841 11840 6510 8236 11839 6513 8355 11842 12960 5887
2051,9648 5742 11843 6987 10308 10472 3209 1943 3109 1079
2052,11845 11846 11847 12368 12369 4454 6936 12367 13121 4611
2053,6706 13786 10098 10096 13565 5867 11641 5440 10090 1771
2054,4367 9434 8400 9379 4445 9829 3950 7882 4336 12861
2055,9517 10948 2402 6985 10950 10277 7583 10949 2401 2404
2056,11849 4450 8122 10113 1841 1846 15188 11848 8114 8123
2057,8513 6806 9752 14083 8850 2871 8514 13185 11850 7427
2058,6202 10737 4747 11574 6692 10374 8567 3152 249 6693
2059,11852 4449 11807 1084 4448 10753 8551 14431 1816 12030
2060,4374 11853 1388 10317 10005 2717 4324 1195 10318 5699
2061,10300 5418 14386 7969 6175 7928 5417 4007 10663 8856
2062,15078 8350 2477 4427 7531 121 11593 11323 3348 1110
2063,2663 4056 2662 11855 10604 13306 1542 13810 8275 13812
2064,2000 419 3224 7345 12387 4837 5431 11149 7233 427
2065,2096 6828 2099 2100 1733 2102 2352 7313 14518 7311
2066,11855 8442 6186 3837 8618 12085 1090 1668 5527 4253
2067,10125 2305 165 1394 4441 1415 9839 5904 6855 9837
2068,12484 4533 9890 4535 7526 11856 6658 2286 2465 1594
2069,5933 11858 5924 5936 5944 5930 4793 3420 5935 5931
2070,11860 11859 9782 14609 10488 475 9785 5991 8354 14005
2071,1103 3748 3351 4972 10762 1484 1413 7417 1038 2826
2072,11866 11865 11862 9091 12620 8823 11864 11863 12784 12858
2073,12858 1345 1178 11869 3671 7934 14047 12864 12591 5095
2074,6054 8431 5527 5550 9703 6689 10241 595 4505 5489
2075,8913 8912 8886 11693 11692 8908 8911 8909 8910 14090
2076,10943 6985 7941 6074 4965 11871 994 5792 1673 13919
2077,11740 8659 8640 588 10909 8319 9501 9389 6592 4203
2078,5450 14218 4036 3842 11350 2372 11346 1771 4415 11923
2079,2910 14052 5299 10209 15032 11745 6325 14811 13851 4349
2080,3632 7834 5398 1811 5400 2468 4422 9371 7633 3624
2081,1050 14385 1835 3351 1032 425 3130 7196 4120 1069
2082,11874 1345 5503 1835 425 2328 3130 4120 7813 3633
2083,7521 7517 9154 9097 9283 10152 9617 2547 6916 901
2084,11878 11879 2815 13353 13731 6417 13651 12744 13539 13701
2085,11882 11606 10176 7580 10171 5397 5236 11692 9504 11021
2086,11883 11884 11783 14521 15163 4719 12719 14973 12720 11911
2087,3882 11548 12501 8440 11546 3245 12816 12511 11749 3877
2088,10605 7757 1634 8960 13803 13800 13802 7014 13801 8813
2089,11887 11885 11886 2649 9942 8770 7874 5967 12218 13547
2090,11447 4784 4785 4787 6186 11934 6072 14447 12621 5010
2091,10068 9399 9628 725 6323 12350 12079 12078 14904 396
2092,7078 11893 9536 11895 11894 8405 8031 1005 11889 1145
2093,6990 11897 11898 8810 11899 5998 13730 14408 8805 4329
2094,11836 3202 13886 9060 7821 3197 6054 3922 10672 14012
2095,2213 8601 9619 14966 7039 14568 5720 7805 4869 14185
2096,2353 1575 2357 10709 10516 6591 2826 438 1688 3358
2097,1647 10417 5043 9570 9876 4153 7875 9993 1652 8223
2098,11900 11901 4154 8354 7050 10800 8355 9187 13352 14301
2099,11902 10824 10564 1476 13807 4308 2571 12995 2960 2585
2100,8857 249 4766 376 8891 10273 256 10436 9484 9619
2101,4453 5397 11789 7621 11905 11904 4879 8293 1283 10238
2102,11907 4444 11908 12466 1789 8432 12636 1178 13841 8032
2103,9140 11473 8445 3749 5096 3984 6911 11299 2251 3638
2104,10345 11910 12809 11909 717 12442 14003 10491 2603 13597
2105,2057 6369 4380 11913 6438 3690 1588 5069 11015 4381
2106,7802 7803 15232 7801 2898 6146 864 7312 14008 14981
2107,11916 49 6863 5225 7153 11917 363 11915 12691 14493
2108,10473 14904 2933 11141 10268 3922 11143 2174 15244 1093
2109,10628 11923 8982 9080 1769 14218 10991 8542 6805 8517
2110,6909 6540 14091 5325 8234 10269 6536 7455 14568 13004
2111,11929 11928 10677 11926 11927 236 300 315 307 321
2112,5906 5150 2582 10583 14842 11931 11930 14185 3681 2175
2113,10477 3911 805 9295 7717 6193 10585 1800 380 824
2114,3532 190 5210 522 5100 989 5790 2071 7133 11933
2115,9098 5225 14386 1218 4868 262 8317 2772 3100 14718
2116,2629 7339 3147 15031 3152 6675 1816 3137 3141 2851
2117,3418 3362 4439 10022 1209 8403 452 2748 5050 13807
2118,5397 6980 1817 2101 14476 1811 3557 3704 5642 9264
2119,11637 11940 11421 11875 10703 9018 7253 13616 7401 11692
2120,4382 109 10169 9002 14091 7709 9021 3933 2217 5972
2121,3523 2031 2786 4369 1633 11093 10039 9775 1293 11941
2122,1118 3659 3648 3498 13970 13010 14302 3654 3656 3650
2123,1533 2744 2741 13455 12302 14079 13353 12746 11955 13327
2124,11946 10491 11552 9405 13596 5887 15026 14489 13258 3833
2125,2996 9194 11346 4415 1001 9191 1780 6807 10999 3001
2126,7755 11947 3838 11948 3017 10646 10609 5336 8264 8779
2127,11949 4687 2883 397 7427 4134 5876 1719 1011 4132
2128,11250 7465 11950 4347 338 10437 9501 1977 4704 1768
2129,8896 13522 1282 6128 109 12614 5971 2207 6562 13526
2130,3055 15205 15060 13016 7125 7122 7116 7121 12810 7112
2131,11754 6990 12504 12816 1325 11752 13334 13333 8894 2744
2132,11956 8471 7746 14950 5887 11946 7345 10491 11552 15160
2133,3055 15205 15060 13016 7125 7122 7116 7121 12810 7112
2134,9405 11957 8045 11958 1813 10155 9939 6903 7923 1800
2135,4687 2375 1780 2371 4132 9191 4688 9756 11949 4415
2136,8457 8745 1200 3224 433 8401 3556 11138 5728 414
2137,10347 286 5777 1649 5214 11458 9322 3906 4153 287
2138,4441 11960 10415 8639 7482 11741 237 10478 14377 7717
2139,6500 1400 7705 544 658 7231 14591 4012 6367 13161
2140,6226 11964 1679 2722 11962 9475 11963 10269 11961 10596
2141,4701 8323 11967 3847 11968 13397 11969 1699 14310 1885
2142,11970 120 5220 1501 8349 5828 3383 6301 8523 13898
2143,11389 11388 6652 11971 3656 10401 10402 8668 9150 3654
2144,9020 8499 102 3579 386 2468 10348 383 10597 14621
2145,3935 6869 9274 6563 11190 10459 8445 2255 551 7779
2146,1878 2289 8033 4530 11978 11979 6884 6952 1179 9225
2147,3274 119 11095 13780 2610 123 14780 14508 8632 3332
2148,14003 2784 3100 13143 4223 12438 4215 3555 5085 4243
2149,11076 11982 4728 11981 6107 4586 6930 8131 2444 4579
2150,2886 11987 10989 7215 6320 14218 10824 12368 9663 10628
2151,11991 11992 11990 14433 10534 14571 14185 11463 14226 10489
2152,9544 6948 1552 2790 11993 5321 3767 942 188 1577
2153,7823 12001 11998 3130 11995 3799 11996 11999 12000 3384
2154,5742 4902 13124 7716 10540 11659 5418 8776 2562 1079
2155,7954 2750 5290 7506 163 128 3250 760 14039 7697
2156,4457 1260 1261 8291 3857 4454 9973 5858 7899 12927
2157,12006 13200 1168 13234 11418 13233 11881 13186 1529 13539
2158,11536 1318 4611 4625 3082 6579 4621 3085 4615 5447
2159,12386 10468 12009 8188 8423 12010 13947 8414 7398 4968
2160,7633 5508 3911 12015 10835 489 7849 12013 12012 12014
2161,6863 9187 9203 12018 7923 9188 10480 9360 8243 11094
2162,14240 3570 10014 6278 11125 13364 5388 14639 5526 11945
2163,3226 8658 12004 596 10305 1817 6644 2773 3773 841
2164,7605 262 5498 626 13654 10345 1746 12024 8929 7606
2165,4067 9848 8898 7580 7850 4478 6675 11141 7823 4066
2166,6588 11648 6586 11650 6585 1479 6587 8650 318 12804
2167,12028 5261 6414 12027 8362 9287 8486 14155 14561 8683
2168,8761 9073 9075 12842 15038 7393 9074 8489 7908 11472
2169,576 7953 12029 5358 5356 14003 10468 5355 5204 1225
2170,12030 6471 6045 8715 1065 12031 468 4016 6027 787
2171,14052 473 15032 5299 425 6325 14811 13851 361 406
2172,6911 6640 3155 3638 6991 6639 3152 3137 3220 6633
2173,12018 15022 6863 9187 15021 4901 13570 3066 4813 12868
2174,5885 7987 12033 6621 7939 4837 12296 10862 4104 11005
2175,9181 8246 8492 2472 7399 12034 3359 12327 12420 7397
2176,12035 11288 12036 2422 5224 11728 12861 3448 5115 9807
2177,7302 12037 13285 127 337 12141 12224 2406 12305 4525
2178,8236 11841 12040 12041 11839 9836 7641 1716 12039 2845
2179,10420 14583 8401 870 4085 803 10171 797 487 2456
2180,5596 7400 9044 11904 1584 6648 12966 974 13143 4473
2181,4857 9093 9567 15204 1963 136 2462 8940 14185 10834
2182,8676 5426 1793 8978 13121 13142 12700 5796 1789 6589
2183,6054 1411 9703 11073 8431 14348 5398 9700 3224 12663
2184,9693 7388 4322 10231 11296 6677 11083 11294 3299 3940
2185,11700 9966 12049 12047 1713 1728 12048 5621 14046 12578
2186,4183 6020 12420 2068 10321 12386 9296 4005 7633 3906
2187,2213 9088 9009 883 5719 8874 2755 12050 12051 473
2188,12017 12056 14377 13884 4441 8274 9227 13403 7717 6125
2189,2980 10388 6063 10554 1887 5854 3808 6810 7089 6809
2190,10563 12061 10362 5092 2330 1215 702 12060 699 4553
2191,4899 3009 3238 12066 7558 8627 3010 8624 4882 8632
2192,6990 11111 11108 14408 4784 9795 12506 4329 10563 14803
2193,12079 12078 12071 4687 12076 12074 12072 12073 9628 7074
2194,10348 14618 10597 5957 1252 5420 745 774 7051 2930
2195,6541 12082 3861 13121 14527 7625 7104 12081 2982 5198
2196,7658 7002 9795 7003 1631 12882 14143 11111 2151 11163
2197,14586 5828 5835 10379 13767 3872 2136 8505 9525 13124
2198,9800 5980 4092 9567 1051 15232 8243 4398 4454 9187
2199,2375 2371 6364 1778 2890 4415 4060 1319 6553 1780
2200,6417 5999 13701 14405 13352 3465 13235 13452 2816 8906
2201,12084 5971 10169 14091 10171 11149 14636 1830 9504 13004
2202,12086 14378 5917 10125 5904 632 2161 15285 437 7925
2203,4788 2582 3950 5078 9774 7570 4846 2188 1333 15245
2204,12089 12090 12088 6845 6844 6327 13218 6843 6840 6331
2205,7465 7549 12753 11473 2523 2468 1675 56 7548 11017
2206,2662 8096 8214 1996 4565 12092 12091 8216 1635 1883
2207,12093 11113 1184 10824 8617 8326 239 8544 8401 9890
2208,10472 3209 11669 12095 3773 10532 10469 6646 11843 1455
2209,11956 14950 7173 2020 7345 12420 3594 12593 15160 13771
2210,3377 10906 317 4637 388 4399 9496 10959 3318 4344
2211,5898 11029 6291 13113 8529 1246 6278 6772 6292 7408
2212,2742 2741 13353 14052 13320 14405 2614 13319 6416 13322
2213,8882 2657 14082 14005 7705 14493 14718 8085 10580 11860
2214,5514 5944 4575 12099 2807 4790 11750 2110 3925 4305
2215,12101 5036 3208 11982 11076 4728 11981 4251 14963 5037
2216,13594 7198 4076 3147 8603 1495 1476 12102 7232 14141
2217,4332 12103 8315 11652 681 7544 5377 2444 3019 191
2218,10612 11301 2332 2242 5323 7192 6680 3279 12105 3371
2219,12111 12126 12119 12117 12115 12121 12122 12123 12116 12125
2220,522 2245 12127 7551 2237 8666 6438 173 9478 6873
2221,3823 627 3857 12130 14950 6497 8493 11072 6496 13239
2222,5151 11672 3805 11236 5150 14185 12132 866 14568 11681
2223,8859 4410 10501 1877 5879 5883 12966 7612 15084 4869
2224,8228 12136 12137 10148 8119 8118 11590 5259 3709 2426
2225,7054 5792 38 14621 3971 14855 15154 11065 2462 14243
2226,3887 11642 9458 14170 4131 2220 5794 9335 7579 11193
2227,3048 7616 10100 11167 4776 7287 11158 13058 3553 7991
2228,12140 12139 116 11719 3814 575 3837 12719 10184 5696
2229,6367 517 544 3186 5467 3197 12784 7412 2462 687
2230,1268 11621 3487 3226 7106 1243 14890 8658 12004 596
2231,12143 12145 12147 12148 1705 12146 12144 3251 7743 1721
2232,11949 1011 5687 5876 7427 9752 7925 10367 6320 8536
2233,14934 7292 9502 12720 10408 2727 9336 7473 7933 9504
2234,9936 6911 3155 8401 6040 11270 331 3638 12302 13593
2235,5535 9548 9549 1779 10913 12369 9191 12368 1725 9666
2236,8349 12152 3692 6815 9498 5207 12153 4318 5275 6701
2237,6569 7505 11950 10822 8799 5018 13807 10908 3226 8658
2238,11021 12154 4456 12155 4695 4466 12156 1119 9393 13548
2239,10269 8234 6540 7978 3118 11475 6629 6226 1680 10271
2240,9259 8189 5544 5436 10268 14591 2500 2675 820 5084
2241,3240 3244 8971 11957 8852 8970 4026 9510 7993 4957
2242,9620 11235 12164 11236 10163 11424 5725 13570 11281 7705
2243,12165 9253 15157 9552 9785 13784 10711 3802 7775 12641
2244,4918 14934 3831 4573 4917 3316 3325 8949 3348 5085
2245,9751 3668 2874 9752 2871 10856 6811 1827 2875 2873
2246,3252 4994 600 9196 819 3175 1961 3643 12979 1078
2247,12966 4469 14718 1807 8190 4474 3615 10529 4489 4484
2248,1345 7501 3026 1967 3477 5082 10478 4869 2468 4717
2249,10572 6032 10649 10276 6967 5435 15244 11172 4495 1447
2250,11113 5466 7054 10239 5792 11148 10929 4837 1302 11114
2251,8326 12170 11473 9359 12169 14584 14056 11480 14508 8960
2252,3921 11811 11389 10402 6651 3105 9150 3289 14450 11388
2253,10057 8274 14377 8759 12171 13877 13975 4441 8286 8295
2254,1586 10296 3991 10303 11950 3773 6646 6647 9468 10309
2255,1076 1053 6388 3547 8404 1038 1016 9475 5790 3543
2256,3833 1936 7695 14102 3829 3387 4793 9602 1592 8967
2257,8441 2829 7497 10472 3209 3114 7696 4757 6028 5417
2258,8102 12180 5349 9032 12179 15204 6568 9350 14398 8825
2259,4564 4566 3380 14255 8349 14468 8780 1542 13382 14409
2260,14005 1130 8086 8085 8882 11860 7760 7306 11980 8497
2261,10762 2825 1871 5400 12185 8585 3583 2826 6248 9457
2262,639 6568 1896 12187 13145 11621 638 14222 9973 12180
2263,8396 7544 11330 8397 1630 8475 9365 4332 7698 5377
2264,12190 5594 9081 1830 12191 5680 6831 11255 8777 1836
2265,9438 2422 2414 3661 567 2421 12196 4787 2426 4784
2266,6150 2637 2118 1693 6154 6152 6856 3323 4830 12197
2267,12199 12001 8824 4602 5256 5119 12198 1780 2712 6809
2268,8721 3511 12202 9615 11150 10504 4242 4996 11080 2075
2269,12205 15022 13957 1300 15021 8581 46 1299 11151 3719
2270,1124 4971 9394 11358 9239 8291 11359 9393 6761 5243
2271,12210 398 6847 12735 12934 7077 12209 15236 12734 12739
2272,3224 7633 7504 2762 7506 6200 10478 15154 735 7501
2273,12212 6501 4309 6837 7518 10034 7808 6770 13197 15042
2274,11073 6054 13454 3278 3330 9338 123 3335 14215 12280
2275,12213 4784 8021 8008 4785 7896 11742 4796 3847 6621
2276,12214 1794 10197 12217 12215 12216 10735 10000 4361 1941
2277,12218 5594 12219 11885 12221 6937 6475 4546 5350 3071
2278,12224 12225 8127 5259 14185 8123 14568 4450 8122 8121
2279,1243 14431 3700 13048 1230 8656 3487 2066 11065 3698
2280,11473 6863 5096 11915 7295 12691 14493 3990 2576 11670
2281,10431 12226 638 8231 12227 3888 8378 13710 2600 8230
2282,10510 10511 2810 10512 11236 11820 2043 13570 12790 12789
2283,11250 870 4245 8953 6054 14621 207 8401 2703 8431
2284,12229 10350 4070 6169 10349 10352 12228 9478 6159 11438
2285,12230 14260 603 5062 6080 5956 1341 13710 5009 7924
2286,8861 14028 2275 14027 5922 2276 2283 2272 11757 11455
2287,3947 5737 9183 9692 1472 14586 1509 12231 12232 13548
2288,7954 10444 12236 8688 10443 12235 544 13654 1310 7368
2289,11436 12242 11225 12240 12241 12239 12238 12237 2096 14348
2290,2646 2647 2642 2640 2643 14005 2639 2644 2648 6126
2291,3834 12018 3833 1285 13240 15022 1760 8053 6863 9187
2292,14052 9049 197 11706 3017 6812 5360 14258 13851 14053
2293,9049 197 11345 10832 348 2601 10166 9981 5768 921
2294,8662 10478 10567 3701 6953 6700 6649 4209 10469 10471
2295,7804 13767 13547 1895 13732 2023 14038 11637 8274 10463
2296,8652 7288 8365 9530 2159 10241 7490 8222 9045 5321
2297,10335 9448 10584 32 12248 12249 12247 12250 4381 8197
2298,9174 7893 8291 2865 11988 1260 12791 3747 5246 1261
2299,8851 9297 4245 2252 109 10134 9298 7709 2247 10804
2300,11641 12257 11437 12256 11436 12255 1152 12260 9638 12258
2301,10439 9447 419 9388 2459 3556 3258 9569 10472 11593
2302,12262 8981 11802 4401 2375 7101 5662 8980 11798 11801
2303,4674 6244 10810 6539 12082 7651 12700 10716 13278 6785
2304,2275 12265 4705 633 11324 8861 3012 2005 2276 9769
2305,518 3968 508 5863 354 2879 387 2297 9975 863
2306,1997 2668 11095 12949 12092 15110 1998 14468 8638 10083
2307,12269 1336 11033 11913 10064 6115 5347 7783 5365 5745
2308,8185 2215 11256 2357 3749 9140 5022 3986 2353 3528
2309,11112 11365 2741 6416 13353 13322 13855 13439 2742 14405
2310,12273 12272 9781 532 13124 10806 364 2434 9116 13747
2311,12274 12182 15000 8757 14453 13608 5397 4643 11594 11844
2312,8152 4597 3075 9751 1721 1829 6324 13573 4602 8154
2313,12017 9209 9227 14448 630 3333 15244 5595 13884 2142
2314,9601 2059 12176 9441 12278 13293 13296 6711 6722 9597
2315,3502 12279 10634 2950 13258 4509 13607 8693 2658 3479
2316,461 6575 1192 2462 7506 10478 6579 4180 2767 14039
2317,12281 2405 4313 5879 337 5882 12442 12305 4410 5883
2318,12284 12283 14561 14433 8970 13216 721 7179 3616 5390
2319,1555 5308 3879 14167 14052 12858 13616 7780 6679 8950
2320,3114 1097 3112 2293 2291 3110 2294 12359 11646 2290
2321,12289 12673 12290 12288 12292 13381 12293 12964 12291 12675
2322,12294 7813 12295 6175 4012 15160 13771 12234 1904 8780
2323,8523 294 5825 187 3377 5834 3092 3282 6300 3302
2324,12297 7633 7504 7506 6200 10191 3098 11599 5508 7505
2325,10971 12299 13807 14267 12985 15055 10449 12599 15233 12388
2326,4017 9602 2085 45 9116 12605 2083 11304 7116 7113
2327,12302 12301 8109 13349 8110 14325 13767 15084 13734 5194
2328,1130 1078 9610 13658 14579 14391 4071 2851 8621 13263
2329,12303 8373 10633 10632 9275 3242 3240 2916 13124 8401
2330,10988 5667 4603 1438 5669 11624 6555 396 10628 6395
2331,4195 8179 10348 244 10597 4122 7733 6090 11867 5434
2332,12305 12307 5916 9138 12306 10219 1096 7212 2736 2257
2333,6678 836 4695 10295 173 698 442 3975 6088 2216
2334,186 4915 1082 3496 14377 12331 6682 3700 2116 4918
2335,12313 8508 1343 12315 12314 7753 12312 2636 9760 10723
2336,12318 9891 6063 8044 3111 12317 12107 4554 10258 5688
2337,7821 7357 83 6342 11930 7580 5512 1345 6382 10885
2338,8185 11732 7379 10044 12319 12047 11029 4627 5902 1713
2339,10747 12322 10857 10856 2891 10751 3688 14611 1009 9535
2340,6693 14904 249 1512 1428 2453 1229 6697 6694 5184
2341,2703 15154 4441 7051 2681 5417 10834 7717 14243 14239
2342,12323 1070 8693 12592 6754 1032 4840 13612 7186 7224
2343,7928 4195 5512 6386 5034 5067 9947 5280 2161 3223
2344,1169 8203 3252 4484 3355 8193 5043 8868 4778 10436
2345,12326 9398 9824 6058 11708 14090 14542 7946 14591 9400
2346,10498 10492 10495 4320 7088 10496 8407 9787 9183 4324
2347,5523 10142 6980 11904 3991 5396 2101 10571 14476 13143
2348,12266 11687 12328 2088 8712 14025 3013 2801 14373 14664
2349,11624 11949 4414 10899 11536 7427 1318 4139 1826 11347
2350,12330 4666 11446 7821 11140 4737 14730 6080 2903 6081
2351,12331 4899 4813 3238 7558 13719 12066 3009 3220 4883
2352,8541 1725 7222 7057 1721 11949 1011 11598 8536 12332
2353,12335 15139 14508 15022 7083 13570 9424 13601 3066 15021
2354,3717 9660 10678 2800 8085 14549 4905 12266 14398 14573
2355,6998 14851 9282 10371 178 3471 10370 10806 2580 5307
2356,6303 14508 12338 2273 14950 2276 11956 2272 2283 15160
2357,12346 7299 3383 12344 6678 12343 6755 11597 2315 12341
2358,8192 6880 605 631 2923 7267 7363 11484 5609 14621
2359,9181 9531 2950 7399 10661 12327 12420 7397 3990 7633
2360,12350 10068 8848 12809 8850 2373 12349 12348 2875 13712
2361,5897 5896 11032 4964 9806 12351 10122 13217 10785 15033
2362,2774 3708 4004 12004 2779 4238 6044 3226 4005 8658
2363,11523 12355 12356 12357 11342 11508 11496 13109 11925 15192
2364,12359 5434 2290 6676 7860 1329 12358 4888 2294 7287
2365,4454 12361 2843 11867 1827 2977 5595 4460 4457 4456
2366,10456 1953 11200 1951 11472 1955 1954 5282 1884 13399
2367,12362 1544 3114 9249 13720 14795 8420 12678 10563 6317
2368,1269 12363 500 5259 9789 6335 6329 5133 10856 14511
2369,12365 1 0 12366 11472 18 14659 7755 7 17
2370,12368 12369 12367 4611 11987 9437 11847 9547 1144 4625
2371,11140 425 6700 11740 11446 9087 8782 1284 7829 7821
2372,11467 2942 6076 6562 11771 4575 12159 10021 11105 573
2373,322 4178 10614 3971 6911 7823 1754 4717 11299 8929
2374,6323 396 12374 9753 9757 9756 14270 5848 11800 9626
2375,2885 1145 10751 4596 9629 9969 11351 5686 12376 12377
2376,5954 7299 5322 11117 12379 12380 4440 10138 193 1683
2377,11424 11235 10348 11236 10597 9170 9 7705 5961 5971
2378,7774 645 9526 12382 12063 2393 6817 11175 4780 8292
2379,12386 10321 3906 12388 12009 6800 11592 8188 13588 7398
2380,12392 12391 12390 4843 12389 6852 14615 12387 10508 10565
2381,3648 4153 10100 4717 4085 2044 3645 1686 5082 12466
2382,12394 7914 12393 12398 12397 11671 12395 12399 3967 7570
2383,9686 5735 13239 2254 2121 5794 9335 5288 9684 9294
2384,12401 12400 3113 7806 12402 7810 3889 5485 5706 5395
2385,12403 11789 6141 10784 12304 12404 11380 2335 1392 2468
2386,12128 9469 7388 6857 3908 7800 10579 3373 10236 1903
2387,5197 10491 6921 5196 4784 13258 7782 3833 11946 14950
2388,12406 8894 8892 5792 6329 14183 297 3947 3407 11953
2389,3906 2950 1374 15154 6297 0 4068 14056 2703 4066
2390,10088 3666 8154 8155 4367 10074 4533 10090 7094 13743
2391,12414 12415 12413 12416 12411 12417 12408 12412 15020 12410
2392,12419 2178 5481 3743 14452 14174 7174 5646 2928 12018
2393,1997 1996 13920 8214 12949 10604 12092 11095 2662 6793
2394,13920 11473 5096 5097 837 13124 8857 2562 5509 6911
2395,4245 3479 3048 1509 1061 10735 4833 11705 9588 9590
2396,11692 8887 14090 14091 5967 6186 11728 9998 7529 14093
2397,7054 12190 12784 10357 3942 5792 9504 9081 5594 1830
2398,14527 2591 13121 1181 2596 8567 7375 2593 14132 2592
2399,12422 2363 10531 7614 6786 983 10699 2680 9151 622
2400,3472 9468 4937 14348 11593 14267 5469 6920 1685 7397
2401,3833 5356 5357 7695 5355 14102 3829 3387 5358 11596
2402,3479 12476 4245 7483 15042 8188 3048 9149 9867 275
2403,1912 7781 10254 2727 2088 9504 7933 5468 9506 8529
2404,12425 2742 13353 2741 13327 14405 2744 2743 1165 13322
2405,7290 3740 11150 7645 196 11864 7644 3715 6260 5168
2406,1489 12428 9595 2790 869 3475 6897 12427 9924 40
2407,10560 15192 2634 6582 2635 9511 11456 11455 14310 691
2408,3079 3076 3077 3078 5873 6362 13483 6324 7494 1778
2409,8349 8523 4918 4341 8350 5220 3831 11970 8783 10486
2410,3903 44 8188 13952 3921 3899 7125 7398 5056 3901
2411,12432 6162 11780 6623 8471 1989 11005 14935 13597 6166
2412,3098 11599 735 11235 9849 3099 14618 4470 419 6176
2413,12436 12435 12433 12434 4881 8846 14865 14870 13919 14869
2414,12194 12437 12484 2286 14521 7526 6658 12545 12233 12212
2415,7399 12327 7633 9181 11707 12620 6980 9744 3577 1820
2416,11712 10023 11665 11900 7633 8581 10806 14891 8082 14046
2417,10934 708 7680 7467 10798 9169 7738 11961 10095 7670
2418,8995 9152 10217 3458 5636 5737 6278 14591 2116 9469
2419,9849 9954 12865 15281 7083 1512 7815 14568 11599 5902
2420,12809 12442 11909 12443 12444 12441 2405 12445 2619 12808
2421,3220 6991 11162 1225 12447 7834 8990 5078 6370 8804
2422,12457 12458 12452 12451 12453 12454 12455 12450 12456 7318
2423,11145 15160 13771 8844 12234 1904 15272 4522 7695 4540
2424,11968 7940 29 9336 7473 729 4817 4701 3048 10434
2425,12461 12460 1115 6262 13889 1178 12466 6297 11149 11007
2426,1079 12462 4902 3967 8552 5742 12280 6861 12394 12397
2427,11344 5511 600 9826 7821 603 1971 12493 8929 5591
2428,12463 12308 1625 6589 10266 9276 3590 12479 4728 11153
2429,12466 10448 12465 1267 11077 9696 35 5771 5505 9603
2430,4785 5508 4784 10910 796 12876 11215 7633 13161 2174
2431,5897 6985 12591 11432 6618 9225 6750 14843 6477 2622
2432,12473 12471 12474 12472 4409 5570 8892 11410 575 5320
2433,1835 425 3130 4120 7813 3633 410 8621 6062 11874
2434,12476 12477 12478 5802 7477 15042 14197 8644 13570 14230
2435,10447 12867 10446 10779 5481 6094 13957 11767 3590 15179
2436,13719 2916 12482 4367 12868 13934 12867 9029 14431 14695
2437,12484 7526 6658 2286 1594 2465 8858 5199 854 10437
2438,876 13780 7670 3691 2094 12868 14780 11161 12203 11299
2439,4836 2614 6722 4840 12114 4837 9290 7224 13224 13612
2440,5225 11473 5438 14718 14052 3403 10662 5299 6897 10488
2441,3942 9504 5877 8464 10357 12424 12490 8821 12489 10156
2442,3491 7083 13777 13776 15237 15281 9384 11303 14568 14400
2443,10471 11934 3283 6179 10472 7875 8662 3333 15241 864
2444,12492 8684 10194 8683 8687 8681 4696 8682 8679 8686
2445,10718 1090 9282 11855 6202 8559 14574 6914 14542 12995
2446,12493 2863 6973 15196 15065 14082 6974 6971 4121 2916
2447,9693 6046 12494 6044 5853 4322 7004 820 2462 7388
2448,12495 10262 5297 1293 8085 14119 5510 1341 1561 9405
2449,12497 14950 3396 7846 10125 3725 3849 8473 3847 11956
2450,12498 12499 5878 5879 13795 14152 4410 5882 12571 5883
2451,6361 5449 11346 4415 4599 3674 6806 11350 1778 7404
2452,12501 12506 12500 12502 12505 6571 10041 12507 15031 12504
2453,9890 8659 986 9422 376 2712 5296 8322 1986 7861
2454,1780 1321 1319 9191 4415 2375 1778 1779 2371 6362
2455,5099 3525 2693 3528 2681 2703 2357 3534 190 6829
2456,14174 14173 8218 2426 2439 10151 14507 5442 13392 10145
2457,10642 11781 3982 10336 5347 1755 10256 10488 5923 15115
2458,15031 10963 10731 10657 4837 529 14408 532 8713 4840
2459,4192 5469 5475 725 12466 5476 4215 4243 5481 4237
2460,9171 2922 9095 4476 7670 7589 11681 375 7595 7596
2461,8068 8063 7054 3140 8064 8067 5591 8755 3152 3137
2462,1489 3856 3366 5187 9709 9154 6074 11176 3145 1290
2463,4255 1675 6177 226 7459 1250 26 7458 7645 7644
2464,12518 12521 12522 12523 12520 12519 13104 14167 2839 9623
2465,12530 1791 12529 1789 1788 1794 6812 1790 13941 11020
2466,12531 12382 12046 12532 12533 356 4571 10699 14222 7774
2467,5192 12500 8805 12534 10041 15224 15102 11541 15223 12501
2468,5073 5072 5067 5065 5029 5034 5033 4366 3313 8859
2469,12536 2655 12168 2650 2293 15192 6582 2651 2296 15154
2470,10467 10030 11263 12537 3980 7670 7672 6839 13113 4802
2471,2212 646 12539 10493 11380 9602 11545 12538 12540 12542
2472,15020 12544 3586 2252 10167 969 5807 14934 3135 14926
2473,12545 14737 14141 431 6080 12194 6598 14507 14845 3265
2474,5887 8471 8281 8515 2911 7804 5237 1893 11946 6263
2475,3911 4979 10572 13143 3990 6863 3922 12438 6020 5214
2476,2877 12548 1725 12739 2885 5871 12729 7075 12737 12732
2477,2903 2902 9998 5967 5965 15140 5966 6080 5964 12330
2478,12004 12549 6912 9162 4778 494 208 2347 6213 4238
2479,9438 8036 13407 1872 13774 13773 13772 8509 13775 9440
2480,4037 12551 14753 14758 8850 2880 14270 1003 13565 11624
2481,1249 2414 11469 5428 12555 3661 3004 2421 12554 9007
2482,6274 3616 10625 12560 640 12558 11653 5124 10724 11022
2483,11704 12563 3732 3419 6116 11072 10061 14618 3945 1684
2484,10266 2341 7821 2344 3387 9021 12463 14100 4728 10715
2485,12565 12564 7351 11968 7349 5095 4670 6785 12296 7352
2486,9581 2954 391 8689 9089 1402 12568 1172 4579 10585
2487,7821 12571 12569 12570 2096 11446 8741 9426 5946 5166
2488,12572 2622 6758 6324 14746 13163 11598 7494 1670 5317
2489,11140 5719 11446 9097 4406 12573 7821 2739 6682 551
2490,685 12545 14621 3833 3214 14396 12403 14141 15154 10348
2491,12575 11970 9117 5394 7127 11814 2083 11058 6298 13952
2492,1501 4348 2470 3727 164 15207 4911 3383 9078 7313
2493,49 11919 2637 6863 12691 11916 14493 3744 2254 8693
2494,8268 487 5417 9549 14243 5577 14239 9551 10348 8441
2495,12030 4449 4448 12577 8258 4384 9224 2056 6471 1754
2496,12951 4560 12955 4964 12954 12958 10529 2426 12956 8770
2497,10672 12103 109 3662 14017 12784 3986 389 8067 7709
2498,11980 2097 2096 11169 14003 5889 12579 4340 5720 5832
2499,7421 14591 796 11140 3556 820 1284 2161 5280 797
2500,8362 7227 7045 5754 11556 11561 7702 15020 158 11562
2501,6161 12586 7108 7742 7951 11034 11228 7743 7103 6624
2502,12282 4687 4688 12589 4132 6323 9756 14270 11321 12071
2503,5054 3351 222 5060 194 3820 2239 5170 1080 11048
2504,7400 9519 7917 447 5257 10249 6768 9014 5109 2210
2505,1366 12590 11356 11796 5352 7976 5356 11619 9699 11615
2506,7555 14579 14391 7556 8960 13513 7560 4903 4895 11304
2507,10102 8401 1049 12218 5594 2329 12219 1032 13563 5122
2508,3076 8443 10577 10354 2616 5536 6324 2622 3079 13483
2509,12591 10594 14843 10032 8519 4022 12873 5769 7565 15154
2510,12592 3750 3740 3708 13807 585 3164 6975 1981 15115
2511,7265 14391 13919 10210 11087 15128 6650 8695 8427 7709
2512,3220 9322 815 7183 12620 2676 5725 2656 8898 1684
2513,8748 1348 2153 7863 7327 7947 2511 9887 2564 12109
2514,12431 447 6651 2780 2468 4203 3477 5094 786 6436
2515,8471 12432 5887 13216 277 12459 5023 8171 11946 10619
2516,11707 11216 11905 1817 13143 8742 6211 10571 2783 6595
2517,12593 11097 10133 8079 8080 12105 10528 5629 2735 9351
2518,12599 6589 6491 12595 7715 12597 12598 12600 12596 7713
2519,6758 9973 6757 6761 7899 7262 10320 1124 6654 12927
2520,8168 13720 8171 11027 4336 11026 12601 8175 11004 1904
2521,11304 2197 12605 12603 6985 703 12604 7006 1368 9466
2522,10501 980 1364 1359 658 1363 4220 1362 1361 6691
2523,394 9204 9207 629 396 9209 2197 5593 14666 7053
2524,739 10806 2142 14551 14554 14555 13410 1647 14306 767
2525,12607 2375 2380 4616 4612 5533 11347 4621 4625 4615
2526,14618 7768 12610 9618 5366 14926 8337 2262 13767 10834
2527,3506 13641 12611 2839 12451 14182 267 14450 11610 9820
2528,3993 2858 5982 11285 3900 12612 10708 6981 6974 4121
2529,12614 12617 3834 8902 12618 12613 3869 11812 9575 8099
2530,12934 12735 10461 12739 4626 14758 14270 12734 4607 8167
2531,12620 7633 11216 4003 127 3577 7399 12784 12327 14348
2532,10960 685 5809 10435 4422 4441 422 4929 9719 331
2533,9653 9397 11867 337 12759 10254 5595 13047 3696 14798
2534,8205 12622 8204 8208 4982 8207 2846 5729 14027 1837
2535,12624 8586 3005 12625 4652 7397 15000 15007 11209 9110
2536,10251 11306 12626 12451 10250 4379 15057 13764 4502 12575
2537,12628 12630 12627 9644 6811 1726 12629 14338 8166 1317
2538,15020 12586 9544 10348 188 11659 10597 5418 14579 14618
2539,10505 7774 8970 7505 1378 667 602 14591 5261 1807
2540,5225 10225 6932 14718 6650 10391 7709 1451 6936 10214
2541,1659 12634 4557 544 7301 6367 3501 4467 5467 7495
2542,1032 1281 4775 3108 3114 2117 4992 3971 3111 4972
2543,12636 4444 11907 12635 1789 8432 4567 13116 13545 12956
2544,5536 4693 5871 8443 11723 14749 7077 10569 11536 14746
2545,6218 5851 4511 11855 11982 602 6107 11076 5924 5936
2546,8918 12641 2302 2258 12639 10201 4008 8738 12638 8937
2547,6783 6781 6162 3017 6161 9803 9433 4545 5965 15236
2548,9191 4687 10556 6364 6804 4037 4414 12644 12642 2996
2549,12310 12646 12649 12645 12647 12181 12648 10975 12068 1883
2550,2375 1778 2371 9191 14218 4415 1780 3001 1319 4060
2551,12650 6766 8507 12651 7532 4631 12409 13719 6589 12868
2552,11704 1613 4775 5497 8140 4320 10202 3530 1868 1898
2553,12654 139 11410 3942 0 10131 12472 12471 5489 13612
2554,12655 14753 670 12656 7449 671 10090 11889 14267 5095
2555,5417 5418 5416 10663 8441 6056 11523 7633 9576 2724
2556,12663 12661 12662 12664 12658 10067 12659 12079 12078 12660
2557,12665 8236 12236 7648 13495 10184 13599 12753 7665 13258
2558,3796 3406 2134 3790 10078 2959 5641 12667 6005 13896
2559,15118 7914 12668 1615 6564 10308 11243 12168 1199 3336
2560,12670 12669 3884 11737 14466 14465 14953 14055 15243 5508
2561,12672 12671 5345 10040 8334 14457 6291 12501 13326 8808
2562,12673 12674 12291 15000 12289 12292 12675 12290 3452 13160
2563,11361 637 9071 11408 645 14541 14780 688 11406 7049
2564,12678 12676 12677 8085 10844 10845 13031 2801 11636 3073
2565,39 5305 7398 5682 2916 2464 11444 2254 5214 253
2566,12682 12681 6748 12679 266 13686 12680 13687 13689 13688
2567,12686 11606 7580 3603 1835 3017 14780 11021 1765 6471
2568,11867 11230 12688 7435 590 3978 10137 9252 3586 2825
2569,12691 12690 6863 14493 3990 11670 5592 9181 11215 12653
2570,223 7388 9693 12267 10555 2128 3761 1073 4001 9490
2571,12693 11692 7804 6525 7172 6504 11147 12694 9602 13710
2572,8046 635 8434 10307 9370 3518 10304 6471 10297 10306
2573,10090 10074 7094 10087 13786 4607 14270 14758 2869 10089
2574,12183 12695 12696 9958 8487 8213 1958 2665 964 13256
2575,12697 12312 14891 5571 14789 12313 8508 12065 1343 12314
2576,4785 1581 4784 10580 8006 15022 2174 4518 5918 4794
2577,9118 3332 3380 8349 12966 8350 5388 12331 8523 5212
2578,12700 6748 12701 12703 12699 12704 1593 12706 4694 12702
2579,11047 13481 7499 9184 1082 295 5413 11413 5828 4823
2580,7054 9849 5792 7303 6176 3098 7311 6974 11017 12420
2581,12318 13641 14417 4924 4742 1683 14935 11576 3066 10253
2582,2083 2085 15020 8370 2084 12711 3058 3053 3056 5587
2583,2917 7284 6521 3849 2916 2055 3264 2926 2925 12212
2584,12182 12274 15000 8757 5397 13608 14066 11594 12115 12480
2585,3508 6815 700 3709 12712 1762 9219 600 7211 551
2586,11843 2588 2075 1415 487 5577 10308 10472 3209 5555
2587,10270 12715 8948 2052 12716 2047 2656 7848 2048 367
2588,12234 8840 15160 13771 1904 15272 4522 10171 7695 4540
2589,1477 1484 2360 5458 11830 1068 4453 1103 1345 5454
2590,12923 8318 12718 12859 14135 7878 1554 12925 14134 12924
2591,12719 12720 353 6842 9658 6845 5174 5454 2288 6840
2592,4759 2294 14243 2067 14239 4412 2290 2291 11172 2289
2593,12722 12721 684 12464 7673 8088 7670 10726 5259 11148
2594,12739 12735 12242 11923 12737 9752 12738 12733 12729 12732
2595,7276 11089 201 445 544 11204 14431 6367 425 7397
2596,15020 10594 9007 12591 1476 7238 15154 4976 6965 14618
2597,10718 10656 6348 3715 3254 6064 603 12128 8067 8755
2598,5782 9826 5781 11344 1115 7658 14064 6262 13889 11007
2599,6278 12740 5349 13364 8825 11945 3013 12495 2837 14019
2600,9602 12741 7391 3875 3909 14280 4893 15031 12307 6800
2601,5947 2080 7989 545 8186 544 3127 4511 14450 14820
2602,2742 2816 13353 12742 12743 13574 13651 6417 2815 13672
2603,2426 2427 13256 8842 10146 10145 11303 5240 7405 10150
2604,11684 8497 8496 11147 3005 1558 13117 9324 266 13175
2605,9751 3844 2876 12210 12209 6811 1827 12735 6809 12934
2606,12751 12750 12749 3709 9170 666 5758 2813 8218 11424
2607,9544 4953 1577 4956 6948 500 4957 1428 596 4952
2608,9702 10334 11329 10763 7415 14934 5145 9442 12752 7416
2609,12753 1675 8236 10184 12387 5476 3847 14504 7805 5762
2610,12754 12755 6395 12119 9170 12322 11424 7702 10505 13351
2611,10366 4141 10365 1829 9663 2886 6320 2370 4142 1356
2612,11867 10254 12759 5595 12758 9551 9397 12015 10735 9091
2613,12760 3664 966 10930 12762 8263 12761 15208 724 4590
2614,12150 15031 3796 12764 8817 2957 5096 6863 11473 15224
2615,2880 6553 4037 10366 12803 10365 14745 12327 6319 3268
2616,10909 11294 11740 3620 820 3624 11928 1963 600 11291
2617,11458 8525 602 15217 8401 15006 2469 2323 13050 15219
2618,9939 11140 12765 9405 7580 9944 11957 12229 3643 8045
2619,14378 11855 10125 12085 14147 5904 13197 12086 12766 6186
2620,12769 12767 12768 9672 12781 6407 12778 12133 12771 9675
2621,15007 9715 3698 7698 5792 1243 603 5082 11950 1796
2622,6407 12781 12772 12778 12771 10076 5257 7282 12133 12774
2623,12784 12620 3257 11087 7397 10348 8456 450 10597 15042
2624,2065 4104 5772 2446 12549 6601 3101 5885 4627 7970
2625,205 8995 12002 2950 7918 14591 7388 2562 820 0
2626,9693 11301 3355 222 3047 10659 3820 10236 11750 12127
2627,6920 1978 5417 8929 8440 14243 830 14239 2018 10348
2628,8346 10201 12787 1868 12788 9795 10204 8364 636 12882
2629,12790 12789 12791 3937 696 7875 5494 1652 1818 12327
2630,3279 2059 4430 7345 13563 7580 4431 4713 10787 4423
2631,12792 7806 11792 4534 14003 14359 4533 2088 12401 986
2632,4880 8284 8274 3275 185 8286 8281 8288 400 8289
2633,5090 1408 6367 1415 7823 1434 1428 5214 3110 1393
2634,10505 2573 896 2561 5275 2234 9975 4920 14591 337
2635,15115 3702 2164 2601 4365 350 4483 9049 5737 8329
2636,1823 1821 1822 14400 1825 10268 14423 1824 9424 11253
2637,12803 3268 12801 12802 11530 12800 12796 12798 12795 12799
2638,8607 10659 974 14052 2211 2575 6898 1289 5421 9811
2639,425 3383 7614 9429 2211 932 10884 6366 3140 4218
2640,14405 6351 2816 1166 13439 404 9784 13353 6417 13322
2641,12806 3415 15157 7102 3414 15236 6734 6735 1887 7075
2642,10781 5401 3387 10184 2276 6202 14497 9867 14574 14542
2643,12809 12442 11909 12443 12444 12808 7425 12441 12445 238
2644,10056 981 4533 2288 8380 10268 3786 8381 14325 10057
2645,11139 829 10307 1190 6689 9933 983 4343 7245 10415
2646,2748 12858 6911 3781 1840 1841 10348 3144 10597 9830
2647,2838 5664 11424 5942 651 1078 6663 2625 4225 171
2648,9692 12105 11377 5568 5310 8493 9910 2466 11374 3174
2649,10345 2603 3680 8270 15139 7296 11473 3677 14094 8274
2650,7231 7931 9089 7232 12309 13121 12867 5798 4189 3837
2651,12816 1342 12815 2926 6473 6715 10248 12817 5863 7866
2652,12570 12163 7570 7821 12571 5082 2133 7470 2462 12569
2653,12821 14195 13316 10880 13409 14180 12818 8362 13009 12856
2654,8463 2521 7345 3513 15228 11956 6850 2195 2916 9504
2655,12824 1663 12249 12248 12524 1939 11023 6619 230 9809
2656,406 12825 14811 15032 361 11541 14812 12502 10040 13326
2657,600 5734 3505 1018 1960 3055 1965 14102 4897 15006
2658,8236 13278 12040 620 12039 14222 1341 8230 623 12041
2659,8829 12828 10655 9243 12173 4437 5218 14963 131 9245
2660,3947 12232 5737 9183 10268 9692 1509 1472 768 7681
2661,7345 11956 2916 9504 10530 4843 1609 8584 6404 3513
2662,12829 363 15092 15154 6004 3615 8305 8307 2703 6863
2663,3472 2001 3372 6919 2234 495 4862 2492 796 3200
2664,6926 5484 6925 13563 4785 3264 9078 15007 7846 13011
2665,12834 12835 12831 12832 13807 5159 12830 12833 15055 12388
2666,15065 11173 3200 6691 9700 5003 3197 2018 14591 9701
2667,11713 11424 10174 6970 10348 2148 7442 10381 10597 9170
2668,12836 12979 12280 13306 12168 14798 12673 14609 9171 15200
2669,9473 9470 1631 9658 431 12545 5737 905 820 9469
2670,6203 6204 11299 3329 5214 351 5212 4011 12331 3330
2671,7058 10099 12895 6810 10098 6811 12074 7404 6557 10543
2672,12840 6523 6522 499 1551 15162 1799 10491 5260 351
2673,13886 15217 9060 954 3444 8761 6675 8362 953 4003
2674,12581 12843 12844 10974 6876 1432 12845 348 6545 1785
2675,5525 8483 676 5524 5777 5523 6984 5527 14396 5526
2676,10219 6090 12846 12305 12307 14725 9371 7580 11491 10027
2677,14842 5971 12084 467 1282 6216 12320 12087 10348 5961
2678,4723 11732 13601 13095 12909 13092 13088 11733 13090 8707
2679,12850 14923 14130 4430 12849 14480 14548 9658 980 13896
2680,14230 12852 12144 15007 9715 12143 1754 5792 1796 12145
2681,13570 10972 2462 11734 14039 13884 4180 12518 7830 5452
2682,5071 14476 9609 11427 11426 4644 6053 2897 6579 4642
2683,15020 12854 14508 2240 9694 13780 14618 2135 5998 9321
2684,12857 13294 8382 13612 6722 8389 8504 12067 13611 12114
2685,12858 1558 9323 9830 9324 13654 13278 14028 13616 13279
2686,10197 12214 1794 12215 12217 4362 12216 1941 10735 4361
2687,11143 11657 10506 13699 10611 8385 8821 2831 3942 11949
2688,2666 8632 4059 8392 10980 2612 8626 1543 9812 9123
2689,9527 9296 11213 8192 3966 8193 5789 543 4858 2342
2690,12864 12863 13898 13175 13279 9973 4737 14730 3605 13104
2691,12030 6226 3719 4384 5762 5767 7527 6471 10269 1596
2692,12865 9849 5902 7698 9954 5777 5906 10413 5908 1466
2693,10913 8296 12866 5535 9307 11325 1148 4035 9547 4625
2694,12868 12867 1451 13719 12482 3591 12651 2183 5205 5337
2695,12871 13522 12870 13548 8896 6562 2207 13526 6128 13525
2696,11469 10240 7959 6413 10328 14003 11299 2133 7956 9944
2697,12591 10032 4022 8519 12873 10755 4798 891 14843 2416
2698,12876 12874 5508 91 10651 8167 9475 8999 3684 8863
2699,12878 13217 12484 7526 12879 5179 3387 10125 7695 8884
2700,15020 8799 74 14618 3546 10919 12042 5596 13548 1586
2701,12882 8805 5192 11949 12883 11541 14183 15210 8808 12500
2702,246 6837 11740 12591 1901 2458 891 12546 12212 6597
2703,12431 6123 12885 10589 2468 5770 982 146 8759 1391
2704,12299 10971 13807 15055 12388 4379 15233 10449 12090 8682
2705,6946 12888 11986 8233 1590 6947 4869 792 6948 14142
2706,7670 5886 12459 7677 5146 7680 8471 7678 13078 7472
2707,6846 3492 13117 12520 6747 6951 13710 5009 14119 9972
2708,11303 12545 9170 14737 10764 2426 11424 8842 12194 409
2709,1829 1356 6931 674 12896 6741 12895 12894 12893 4141
2710,12898 6244 2655 2654 15055 14865 2995 5353 5356 14869
2711,3982 4375 10729 5955 9199 9998 9452 11148 7459 9450
2712,12900 3067 13439 14222 12899 3066 15271 2404 14316 3068
2713,4141 6320 10365 10366 1356 1829 4142 9663 8542 2886
2714,10766 1744 9097 2706 3304 11681 2681 8960 10171 4810
2715,12902 603 6080 12636 596 12355 4445 9700 1791 4567
2716,13316 13010 13009 12906 12905 12903 13410 13409 12904 8362
2717,4784 4785 12907 4783 4794 4788 4793 4786 13592 4795
2718,5876 11949 4134 1318 9194 11536 6705 4063 1011 4625
2719,14052 15032 5299 6474 5989 5990 6325 13851 14811 8067
2720,9832 12708 8969 9445 7706 7707 1668 6835 7705 5295
2721,1002 11778 999 11456 3416 1005 9535 13565 13483 1009
2722,1329 8063 3398 3837 12359 8618 4813 5434 14428 2152
2723,11584 11750 5022 13101 11581 2710 11582 2440 5680 13121
2724,7203 12910 6319 10184 5819 4041 14292 14289 14099 8395
2725,221 5380 11650 14046 8650 218 2260 13704 13393 9568
2726,11231 11418 8362 14325 3755 15157 5194 3754 8109 13324
2727,8808 10041 15102 12501 6571 5192 12500 13635 12505 14183
2728,10884 12911 2614 11261 14684 12582 14106 13320 12114 13319
2729,11065 3975 6727 11064 9021 8567 11707 3511 11068 13473
2730,1725 5871 7075 12914 2885 12912 9548 1145 10819 12609
2731,6783 1663 1939 9810 1522 109 12868 9803 9809 6778
2732,14934 10049 106 10174 10178 12016 3733 9524 13124 7906
2733,9756 6323 4687 14270 9753 4132 7091 11949 14758 4688
2734,11916 9125 6863 12510 9340 363 7153 11915 5753 12918
2735,10272 10269 2295 10271 10270 11964 1679 11153 6226 6202
2736,1662 2395 2387 2388 2386 1665 2398 9169 15236 2390
2737,10365 12919 10366 11721 12920 2378 11625 2377 4141 4142
2738,3377 187 5215 12921 5825 6300 11868 3378 3319 8523
2739,2374 9850 1826 3843 4416 14218 9663 4142 11801 6811
2740,12923 8318 12859 1554 12718 12924 6883 12925 12858 9395
2741,2373 14753 11949 12282 7067 1719 12929 9852 4138 12350
2742,12931 10000 1789 12930 7165 13255 12693 2984 5714 6945
2743,4414 1826 3844 11536 7098 5450 10628 6804 9191 7092
2744,12934 12933 6847 12735 12210 7077 10461 12932 12739 12734
2745,6863 3921 2923 3922 9946 9187 12691 14493 4495 3990
2746,9642 9636 9634 12392 9630 9643 6807 10508 9635 9641
2747,11949 1011 3443 4689 13483 12318 5876 7078 9891 6320
2748,9191 4687 2375 2371 11949 5845 4415 4132 1780 4060
2749,0 14 9021 11 15 18 13 6997 12 8096
2750,3796 7049 10725 3613 7691 363 2397 11361 6004 2395
2751,8650 12352 12937 6172 11649 1851 1841 12938 10363 11593
2752,6717 6725 6722 6718 10787 14352 12530 6719 14433 3617
2753,3425 4948 10736 7478 231 1116 12190 230 4455 6164
2754,12809 7425 14753 10950 10953 7078 10949 351 4602 12442
2755,10318 12940 15140 10319 10254 7433 14504 10755 666 7357
2756,13197 12941 4806 1672 13199 10446 10896 13198 5473 368
2757,4402 3079 3107 10858 10936 1888 4039 3003 12261 5873
2758,977 8263 3663 12943 12944 15052 7655 15054 15042 14966
2759,2375 1778 4401 8038 8536 5449 11531 11424 9191 8538
2760,12946 8263 11138 11833 7655 15052 15054 1540 4589 2716
2761,8882 14005 4352 8085 8098 2562 8082 11860 11980 8078
2762,500 11014 5792 4970 2184 10403 11138 978 11010 11009
2763,7858 6165 6887 7650 2439 11692 8979 14174 14173 8218
2764,1544 2795 8288 14966 13720 1254 4880 14795 8775 8284
2765,10569 12735 5871 4301 12739 12725 10570 12210 12738 11923
2766,12951 12955 12954 12958 12956 10448 12959 12957 12952 12953
2767,13920 5831 9581 7345 5133 4837 12995 746 5830 10806
2768,14410 10180 12961 9667 11790 13101 8960 11784 3989 13744
2769,13720 12963 8592 1911 13019 5559 6139 3561 8599 14790
2770,12965 3847 10188 1938 4358 2908 13898 11900 13385 6510
2771,2742 13353 2741 1165 14405 6000 13327 6416 13322 12425
2772,4153 5043 3648 1296 4346 2562 5990 3208 11817 11087
2773,1129 12968 12970 8629 12971 12969 11038 2663 13239 12967
2774,15115 12973 12972 13594 6516 9937 11249 4731 1816 11149
2775,4404 4395 4394 1170 4286 3153 13641 4400 4388 4393
2776,3240 4627 3242 4569 13570 3241 12941 8401 4568 259
2777,12975 3716 10860 5833 12974 3709 8085 10552 3335 3023
2778,12979 3643 3252 13058 11593 4129 14097 3521 13162 10932
2779,9972 12980 13530 14027 11780 12282 11026 260 6670 273
2780,9469 6317 2768 4820 9564 12916 6223 1047 9048 14348
2781,5889 6931 11862 12982 12858 12579 7519 8980 9830 1558
2782,725 5397 1830 12191 11669 7053 12620 3991 13143 1836
2783,7539 7532 13121 12951 7541 7534 12955 6589 7535 12957
2784,12985 13667 4381 2284 2276 2283 2272 8674 13922 4794
2785,14218 4599 7092 3845 4063 11350 10856 1829 1356 6274
2786,10011 12986 2906 6546 11602 10869 4970 15022 15232 1893
2787,10264 11835 9602 14396 10251 14038 834 7430 11020 12451
2788,11142 2413 6400 1593 2022 10021 6558 12988 4694 12700
2789,12989 11209 6332 7909 3795 7558 12990 12991 6985 994
2790,12426 5998 11418 2820 13187 13188 6001 13651 13186 13271
2791,5604 12282 4285 4394 2281 10856 562 15172 11784 4284
2792,2950 9531 4484 9185 8957 9181 3989 9183 0 8771
2793,5537 1709 4615 11386 7098 4619 7092 10628 4618 4622
2794,9405 10155 7823 11957 12678 8045 4345 12001 11998 13009
2795,9694 14508 5237 5887 9597 11820 364 7774 7470 6384
2796,2375 11347 1860 7056 14218 14758 6931 14270 4693 4607
2797,8085 12677 12495 10844 11688 1886 13000 3892 12184 11425
2798,12463 1625 12479 11153 14090 6589 3590 5970 14152 10266
2799,13326 13006 405 1323 13346 11880 2815 14457 13005 13562
2800,3855 5183 225 280 7874 4335 7369 1041 7368 666
2801,13009 13316 13010 13008 13410 13011 9015 5224 12903 9026
2802,3719 10203 6107 13012 733 3488 11150 10497 2986 7604
2803,13018 4352 6268 8218 14329 5758 2813 14854 8098 2562
2804,4652 4646 4648 13022 4656 4653 4645 4647 4655 2804
2805,5358 576 5356 6744 12597 13023 11341 5355 15141 12599
2806,13025 14618 4245 9588 12421 8565 2900 3479 5890 9590
2807,13028 13027 13029 9403 1123 5198 4800 6125 8354 1121
2808,5846 10627 11778 10628 8542 10753 3416 8982 3667 2870
2809,3012 5564 5566 11408 15000 6793 13916 4641 11361 5565
2810,7875 3937 1652 2297 4049 1058 5762 12789 6812 3719
2811,11781 7660 11779 11780 8839 9890 9829 11856 11782 11472
2812,10592 11029 10472 13263 11841 8185 9295 9371 5442 602
2813,2294 12359 2290 8418 2291 7341 2608 7402 9051 2289
2814,5695 1910 8357 8613 5296 13034 5694 13035 13641 5696
2815,2733 4049 1052 4976 11681 1750 6433 4811 4810 7823
2816,8780 10056 13037 6722 7347 13612 10268 14325 10057 5194
2817,8556 2118 4841 7771 7304 8929 7313 12868 7311 7307
2818,13040 13009 14195 13039 9015 13409 5224 14194 13659 14196
2819,4504 5169 9285 528 2320 6904 7676 8183 231 12481
2820,9609 14476 1098 11476 2736 217 7458 5502 3758 7645
2821,1835 10534 425 3130 3603 4120 14185 7813 3633 14400
2822,13570 871 8401 8403 2562 6579 12004 2764 1830 857
2823,1501 4341 1617 14939 1295 1622 1619 234 1620 2426
2824,5095 11065 7285 2056 9215 255 12017 1754 13042 7840
2825,6936 11846 12038 13045 11983 7019 7251 6763 13046 6058
2826,11138 9122 11200 3552 3946 9680 7510 3868 442 10484
2827,337 13047 9653 6714 8123 4184 8672 3696 10602 3210
2828,10583 1540 7368 10580 8263 5906 10931 7367 15042 4518
2829,7063 4141 1356 10366 2374 1354 1001 10365 7075 2370
2830,7494 5872 4608 7076 4737 13565 5671 6324 10367 4142
2831,7695 7694 10852 9787 6333 12884 14471 10040 14260 9939
2832,15245 10489 10488 6579 8354 8708 3222 1362 9249 0
2833,6092 6125 13049 10941 6507 12282 15032 9446 12161 5788
2834,13050 8525 14214 15217 15086 15219 15170 10913 15218 15169
2835,10295 4486 7387 5663 7473 14005 9702 7475 2217 8933
2836,13780 14780 2094 7562 12616 12614 11095 12617 8902 3834
2837,11627 13353 2742 8892 14405 1475 13327 2741 12672 2743
2838,7345 10787 5435 5169 5474 11271 7514 10585 12620 12287
2839,10071 8645 10074 11420 10073 10068 4035 10069 2869 3442
2840,4574 9853 4598 12591 9666 2624 12739 14843 3098 1829
2841,3224 1693 11065 9097 11070 658 4406 11141 4394 3696
2842,10884 3226 8658 488 5777 12004 4215 1586 4243 4236
2843,2608 2653 2294 3947 12359 2291 6106 11665 2293 2289
2844,6553 10366 10365 1357 4141 1356 2376 1829 4138 9851
2845,8808 5935 14183 13635 13320 12501 12535 13319 15223 11110
2846,2637 11919 9097 5522 5259 14741 13455 6150 5970 8128
2847,1859 12551 1315 11120 4625 14758 4607 14270 1860 8850
2848,9032 12173 13269 7825 8829 12828 5349 12844 13058 10934
2849,14519 13056 10591 11959 1032 7051 11372 320 564 2449
2850,12422 11583 7670 7675 14183 15210 5192 13441 11581 12672
2851,13058 9563 7616 5460 4349 11138 10388 15226 7612 14097
2852,13059 12745 10525 13701 13322 6417 13453 6416 14360 8905
2853,2996 6807 4604 8542 11949 1011 2997 9636 13060 9634
2854,14003 3224 443 3132 8401 4396 12086 4394 970 2462
2855,260 10852 10832 4537 13601 10850 2003 15140 5391 4540
2856,12168 12536 11333 868 5059 6191 11949 4134 3942 6196
2857,3605 4159 5054 7140 1411 4146 5956 5083 5061 5040
2858,2961 10834 4857 13472 13476 9861 2462 13478 13473 10833
2859,6320 4141 10365 10366 4142 12729 1829 5671 1356 12739
2860,11095 8899 13064 9358 3437 3566 7558 11202 13063 7562
2861,10427 13280 11689 1554 7650 13898 13068 12684 14119 12923
2862,11781 2166 13070 11177 2627 13069 13162 1789 2161 6623
2863,11472 13071 9829 13072 2789 15113 4388 8274 8286 2786
2864,8711 10 7580 7345 0 4509 8067 5435 10787 3467
2865,12914 6447 7075 13075 1725 5871 13076 7094 2885 12912
2866,8426 5205 12868 11115 1451 12867 6650 7709 15042 2180
2867,15020 7340 2290 2294 14243 14239 12359 13077 2291 2067
2868,8443 4413 12644 5536 6804 6364 9191 4693 10556 7404
2869,7800 14052 15032 10359 5299 3017 15204 12128 6325 11900
2870,12809 10983 13078 6812 12459 9049 13079 8652 8471 6385
2871,11899 13081 6990 14408 5193 4454 13351 14337 12006 13006
2872,13083 7645 1052 1675 7644 10489 1019 7847 196 5336
2873,5777 2096 2101 12280 7266 10142 2100 4005 6980 4153
2874,3115 8939 6861 1750 2048 13563 5558 1836 5915 11681
2875,11474 4911 9544 12653 3526 11681 6698 4810 4811 11565
2876,13095 12909 13092 13090 13097 13088 13086 13096 13089 4723
2877,13101 14410 11584 13100 2669 13099 5022 15106 11581 13409
2878,13104 12521 11783 13102 13103 266 267 12681 11928 9387
2879,4899 3238 7558 4813 4900 7559 4883 4887 1369 3237
2880,8082 1816 7231 10864 1820 3102 9471 2753 4780 9157
2881,12138 13385 11656 11591 11657 8118 7871 10188 8143 10119
2882,13105 9180 10729 13668 7459 1094 10388 10180 15206 3264
2883,13107 5297 11337 13106 14176 13403 14119 13778 4379 1561
2884,11224 10747 11347 4145 2379 7056 2375 12242 12739 6931
2885,7203 6319 7206 6691 9700 11087 9701 9706 3387 7208
2886,13109 11925 13110 9505 11523 11342 8518 12351 13108 13217
2887,12816 1342 6128 13522 12815 12818 6473 2926 8896 12817
2888,14378 6252 7294 9655 6883 7625 7628 5934 12923 5617
2889,1771 10824 11949 7215 13786 7427 13565 5867 14218 11641
2890,11347 13111 10308 2375 12739 12242 4609 12729 14283 6931
2891,13806 10976 4713 8275 4718 8486 5554 4715 1541 2018
2892,7357 1345 7821 10885 2117 1032 6312 11293 2328 2254
2893,2112 11135 1243 7203 2121 10786 4640 5816 2149 11131
2894,1773 7217 1000 12936 10807 5531 5688 5669 1774 11082
2895,8823 12218 5594 9651 11866 12219 11865 11885 12221 9602
2896,9967 1710 1711 8850 12261 8848 1709 13712 7092 1708
2897,13116 12520 13719 12282 14039 13175 12518 4379 14171 10253
2898,9901 12517 9927 5568 7157 6179 9154 8376 11176 5574
2899,2142 7129 79 7130 9119 14876 4436 11314 15045 13016
2900,11110 360 2742 11788 13353 11108 15032 11533 11111 2614
2901,13118 1958 12183 5261 12695 1885 13031 13432 13970 14066
2902,14618 6648 1252 5596 10348 7051 2930 745 10597 14621
2903,11140 3208 12359 878 8695 5737 864 7815 13435 9469
2904,13121 13120 7539 13123 13024 13119 6389 6398 12383 2905
2905,9784 8826 5193 9785 544 4511 8827 13439 14183 8829
2906,13216 7408 13113 9199 8529 13213 5023 8857 11148 9204
2907,7178 9409 9182 6395 9411 10913 3989 3483 9181 13736
2908,3947 2989 4310 372 14280 12307 5737 7416 7774 7415
2909,13127 13126 8440 3245 4860 12150 3882 12170 706 9822
2910,17 5424 2071 20 7774 12451 7133 2393 5425 0
2911,11399 4153 8766 5777 1415 6147 3648 13217 14199 11398
2912,11740 10678 7320 13129 5243 737 11458 3500 297 2311
2913,13130 2909 12784 1647 6081 4284 2291 1497 15123 10809
2914,9895 13716 1121 6236 13636 2843 6230 4788 6233 6229
2915,3114 13132 9343 15204 1808 14839 1807 578 4757 12086
2916,5398 14934 9371 4153 7050 8819 5623 3648 14121 14258
2917,11586 11065 10501 12420 11070 658 10503 4727 3696 11294
2918,7217 3443 4689 13483 15041 1774 5854 14682 12089 4690
2919,10806 1647 3969 13134 7465 99 11482 96 2234 13135
2920,6642 7125 7112 12810 4957 7134 12195 11184 9530 6207
2921,13137 12354 7950 6685 8368 6257 1664 12587 12938 7169
2922,13547 11764 13548 11763 11765 13141 14090 12142 6589 11021
2923,13143 11669 10571 12191 5523 10572 3990 12438 11935 10910
2924,6090 5527 14508 10806 2150 6682 551 2520 4926 11985
2925,2212 7874 9613 12812 8432 2217 7429 2220 12670 14055
2926,13144 2017 335 7347 14832 7354 13754 10613 7234 9170
2927,13145 639 11855 4009 15005 11621 638 13716 637 13311
2928,13151 13159 13153 13152 13154 13150 13149 13147 13146 13158
2929,8646 13160 12172 3114 2833 15165 14684 12582 8244 8486
2930,12808 699 4843 10439 2451 3437 5632 12130 4409 309
2931,13161 8573 5508 10141 1431 4079 7569 8951 4080 7418
2932,2294 4106 2290 12801 98 8418 12359 2291 14005 9051
2933,13163 13164 13165 11439 2622 14746 15236 11598 6758 6324
2934,13166 6863 9187 6572 13440 6573 9360 6338 14882 4785
2935,11957 13143 14450 12438 9405 10460 11935 5523 9944 3989
2936,6861 1219 5591 4250 8471 8468 4237 8464 8463 8466
2937,3224 11740 13522 13169 7829 8329 11140 8328 8332 12431
2938,12927 12928 11907 4444 6685 13170 12082 14027 8682 9973
2939,10173 10634 5493 7613 10171 14904 13258 4509 2020 10308
2940,14082 13172 9214 8138 11963 13173 3170 15000 9204 9207
2941,14378 10125 5904 12086 1677 12867 5917 14260 2161 5906
2942,7397 5196 7001 2008 6642 12327 6319 7003 11707 8880
2943,2979 12493 6800 11855 14926 6186 9809 6622 2970 2260
2944,12809 4629 13177 2462 12142 9165 4517 2851 4628 13263
2945,4687 11949 9194 1001 10999 9756 4132 14753 11346 4691
2946,9661 13178 13179 12223 6495 6505 13070 7977 6679 6493
2947,4687 11949 4132 9756 4688 12809 6323 7427 14758 14270
2948,5845 2375 6361 4415 2372 2371 9191 14218 2369 4142
2949,13186 13187 13188 8830 12426 11418 2823 4514 13660 2820
2950,8841 4837 529 5265 532 536 13296 530 13293 13303
2951,6772 1178 1179 12081 943 10003 1878 14890 934 10002
2952,13190 6206 6207 11479 6642 771 7433 15281 6588 7203
2953,8041 8256 11685 1928 1674 49 13192 1946 11622 7890
2954,3947 12231 13194 13193 5737 9183 13009 1472 9692 8263
2955,13195 7200 10187 10186 11855 9972 273 1791 14027 13767
2956,1771 4037 10824 14218 14753 13786 10090 13565 2880 5867
2957,13197 1672 13199 10446 10896 5473 13198 368 12766 4806
2958,4794 2440 9869 3854 9874 8529 13110 563 8784 9870
2959,1324 1168 13200 13201 12007 12006 2743 2742 405 12744
2960,9756 11225 6323 4600 12242 11436 7078 4602 10071 8188
2961,12468 62 13204 15022 6170 11395 15021 9682 13393 13957
2962,13205 13206 9477 6183 6187 4069 6173 1123 1665 11593
2963,9837 2914 7980 9835 6985 2912 3980 9839 2907 1840
2964,10628 8982 6804 10627 9751 10991 10994 10999 9191 5846
2965,3412 13210 12990 2700 3526 9544 14684 6135 12582 14106
2966,13216 13213 5601 13215 13214 77 5023 14498 14056 15228
2967,12089 13218 12090 12088 10488 5696 7650 13848 13710 6936
2968,8111 10064 12269 4381 6573 15140 13989 13308 13747 10040
2969,12840 13220 1983 10157 11956 11868 9336 7473 13767 15028
2970,13767 8456 517 9527 15235 9296 4872 11213 2023 6012
2971,1352 7940 1753 1754 12868 4962 7942 9839 5800 9837
2972,6364 12334 13223 8153 11949 1011 8154 11624 8155 5876
2973,13224 14195 13039 13409 6722 13612 14194 13659 14196 12793
2974,4522 4528 4525 13106 4526 4520 4527 13107 10287 1563
2975,11321 13225 6464 2921 12490 7960 4523 8785 3651 1025
2976,11076 1327 6730 1345 11982 12550 9838 3090 6123 14504
2977,11528 1317 7366 2869 5508 15217 12663 11527 4037 11536
2978,4977 20 17 8404 10236 3820 7133 148 7770 1687
2979,4309 7254 5601 13216 12554 2418 13213 13142 2414 13757
2980,13229 5106 5105 5104 5103 5102 5101 5100 5099 5098
2981,11964 9204 9207 9209 6226 1679 2197 5593 7053 15205
2982,1331 15224 15157 13351 15271 10730 15235 2562 15031 603
2983,11889 8443 5536 4693 2869 7078 11536 4602 9536 7092
2984,11900 5447 9749 3107 11530 11138 12803 7449 14568 1829
2985,13230 10002 9510 6772 12861 10003 986 320 10609 10746
2986,12006 3618 13233 13234 8906 12007 13232 13200 11899 3463
2987,15032 11110 7651 406 361 11533 7650 10101 12502 14811
2988,13236 11266 13296 13293 13303 13300 13298 13299 13297 13294
2989,1939 11896 13986 10557 5772 10986 13385 6182 10941 9170
2990,11020 6936 11846 6931 3220 12038 13218 12466 13045 3950
2991,5447 10199 14753 1888 10198 7427 7404 5687 11624 7819
2992,12259 7099 11641 12257 12256 10628 11437 8850 10989 11436
2993,13240 13239 13238 2096 13241 13237 15189 13771 10770 2430
2994,13242 13243 11314 4436 14876 9119 15045 13016 11185 14382
2995,12882 11541 13244 14405 404 14179 12502 8805 9795 12884
2996,1704 9755 6733 12919 13444 12145 5867 1708 1315 1717
2997,13246 13247 12997 14809 8085 1884 15165 13432 13433 919
2998,4837 4836 529 4840 6722 532 9290 10731 536 13296
2999,10264 8401 1078 3810 6367 7929 7657 11835 7506 12530
3000,13032 11596 11943 10465 12213 11114 2925 7839 2651 1672
3001,10525 12745 13059 13248 6416 6417 13322 13701 13320 13453
3002,3553 954 6675 211 953 6677 1765 934 15189 6672
3003,9451 12887 13249 13250 11775 3490 1524 13641 9452 9450
3004,1789 13252 12931 13253 13251 9395 13255 4551 13254 12923
3005,5324 10086 7825 13720 1957 10934 11365 13019 7051 13058
3006,7217 1704 1708 1774 1773 6363 9191 4415 1710 11346
3007,9566 7859 8759 3863 7857 7851 7854 2018 7862 8812
3008,13258 10413 10491 7698 13607 14926 3833 11946 14950 2658
3009,85 10496 10495 14450 10498 2526 3835 10133 864 3834
3010,2816 13439 11052 3464 1166 13326 3463 13731 14712 5193
3011,5257 13261 9082 10617 10973 5458 4512 1747 16 3352
3012,11643 2123 15084 2565 7923 2511 1504 7726 3597 10140
3013,8604 6972 13262 4292 11169 11072 3947 4234 3642 10660
3014,1078 4071 13263 714 8621 2838 8219 5076 11844 7682
3015,7171 12281 13265 13266 2699 13267 4465 4784 7169 198
3016,4441 165 8468 3799 10922 5225 2479 4857 14618 2145
3017,13594 11652 9082 4332 9081 10672 7233 14963 8420 12102
3018,8292 3410 487 5261 12280 11681 10472 3209 4810 4811
3019,15245 4129 9849 7397 8243 14695 8708 2161 5280 4127
3020,13270 11349 4687 4132 4141 1356 2374 1354 2869 9853
3021,2741 13271 14183 12425 12426 2744 11418 13628 6416 13574
3022,8349 13273 10146 3289 13272 8180 9118 5835 4898 3349
3023,3630 10898 1414 2426 2427 10347 619 3624 11820 11834
3024,13276 2681 10798 10934 13677 708 7680 7467 3504 2685
3025,13278 13279 10253 12527 14167 13280 13641 13654 9830 1558
3026,7014 7015 9412 7013 9411 12803 14763 9307 14762 14753
3027,9644 3845 4607 14758 14270 12628 12145 12630 9752 2873
3028,7236 4837 13296 529 13293 532 13303 13298 13300 536
3029,13283 13658 5010 15157 9405 14737 5356 13080 14171 10791
3030,5880 1789 5879 13686 13687 13689 11619 13688 12931 11615
3031,92 15134 15064 9119 11314 4436 14876 15045 13016 11185
3032,2371 4142 2374 10366 4141 10365 1357 2370 2369 9663
3033,13286 14591 11405 14352 12868 12530 11402 14433 14636 3617
3034,1345 3421 7745 3671 3425 2908 10118 6262 13385 7474
3035,7233 6210 11652 13287 9046 911 2000 10132 4870 13594
3036,642 3005 2010 2011 13684 14681 638 637 13025 639
3037,1438 3372 1724 4037 1828 4596 7427 11949 3442 5667
3038,13296 13293 13303 13298 13299 13297 13300 13294 13301 13292
3039,13306 8212 15000 3011 14798 3565 11980 14591 2613 11405
3040,13307 14684 8096 8095 13 14891 14106 12582 12 0
3041,8621 9340 1078 487 8067 10596 4071 3837 12506 49
3042,13308 2891 11722 2957 7553 9639 4605 4602 13989 15207
3043,5191 4837 2514 3849 12392 9925 11946 12105 14835 9991
3044,10373 155 5004 10372 5679 10371 156 153 8567 10370
3045,11140 11446 8056 7821 12573 13513 6754 2916 7232 14141
3046,13311 13309 10879 14450 13310 25 8960 13240 8362 14923
3047,5754 11556 8362 11561 7685 151 7227 7045 152 158
3048,3400 6130 5365 13455 14657 6714 691 2294 12269 13935
3049,13315 13314 8362 13316 8713 12905 13009 13010 9787 4840
3050,2294 5229 14243 2067 14239 2290 2291 5227 11172 2289
3051,5225 13318 13317 11821 14718 3044 3403 3405 158 8577
3052,7000 5786 14904 5787 5225 14404 3403 12641 13784 5592
3053,12654 4839 4837 4834 4840 4838 4835 4844 7981 5224
3054,13320 13319 5935 13321 13439 4784 14183 4791 14359 15097
3055,12743 14405 13353 2814 13672 1525 11418 13323 1530 2816
3056,6350 13325 13659 13730 14802 13235 6351 14124 8831 12744
3057,13326 7396 2364 7395 13346 11418 4330 13005 12426 13322
3058,2744 2816 13327 4515 1166 13439 13352 2741 2742 12425
3059,11897 13234 6993 12006 5192 11541 8810 8805 13082 10101
3060,5732 555 15031 2959 5729 12420 5731 767 553 2962
3061,6990 2744 13334 1325 12504 13333 13332 13329 13330 8894
3062,13233 2741 2742 13353 14405 12425 11418 6416 13322 12006
3063,13338 13339 4515 5998 2304 6708 7433 312 6722 15031
3064,7686 11913 5998 12720 13319 12269 13960 10308 12403 7232
3065,15031 2959 7249 12420 14740 12269 13578 2962 14408 2121
3066,12420 10528 12593 14043 12867 7824 11097 10133 11064 6589
3067,12070 12426 14405 11111 11418 1324 13854 14408 14803 13188
3068,4515 408 2824 2744 6416 5193 13334 12747 15096 12006
3069,12114 1323 12111 2614 13320 14457 7224 12126 12119 13319
3070,8761 9073 9075 12842 15038 7393 9074 8489 7908 11472
3071,13344 14405 404 2816 12426 13651 11418 13188 403 13352
3072,13346 13347 13200 13326 13345 12006 13323 11051 1167 13539
3073,12008 13326 13346 13348 1535 13005 14457 7396 13347 12426
3074,10280 8778 13350 1382 2722 15118 11972 11389 8863 11289
3075,13352 14405 2742 11900 13353 9767 9768 13960 2741 2743
3076,14405 1323 9784 11112 13439 14457 1324 1532 9785 12501
3077,9793 13354 9791 404 14139 14183 13651 12744 14405 12426
3078,11392 3063 91 14578 11393 1530 15288 12743 12063 1525
3079,8726 14636 8728 12530 13716 14433 3617 8727 15054 14352
3080,6291 1165 1246 12027 6282 6278 6292 14155 7393 13353
3081,8528 1671 12380 11788 11110 11541 1675 5468 13440 6338
3082,2614 2820 5999 13320 2816 13319 12426 11110 2823 2742
3083,5935 5929 5936 5924 5930 13320 4793 5944 13319 8733
3084,5713 9655 3952 13358 318 15196 12804 15065 9656 12939
3085,13318 9465 11965 1475 11330 15205 2314 1500 12017 3322
3086,9079 15042 11714 15021 11715 12061 15043 1536 13306 13257
3087,10824 7215 2881 7095 7092 1771 13786 7094 13565 7425
3088,13363 13362 5463 991 993 1289 11149 1965 600 15006
3089,11347 2379 12739 6931 2375 12895 12242 2380 1829 11816
3090,13366 1841 406 1665 3017 13365 9656 1852 14040 13205
3091,6568 12180 875 12716 2086 13367 11039 12187 228 5329
3092,10443 10444 6094 12484 13368 5199 7660 13898 10442 5481
3093,7702 15157 11614 9785 9552 8362 13784 3802 11612 10711
3094,10936 4402 10950 10949 1153 1156 1888 10935 10952 1154
3095,13371 13370 14618 13372 5752 13373 5371 6985 5368 11560
3096,13131 13376 13375 8989 13374 3484 1718 13658 9831 1703
3097,3847 12965 5478 11967 13359 4784 5469 3849 11603 13378
3098,10950 10949 10942 10937 10952 14753 5367 10955 10953 13565
3099,3834 4284 2152 5959 3122 5220 5792 13379 11645 2000
3100,10892 13757 3593 2137 14118 2121 6398 7254 12194 10251
3101,11145 3388 6305 3387 15160 13771 12234 1904 15272 4522
3102,8468 3415 3709 4441 8431 15157 8471 7898 3414 10922
3103,4039 11949 1011 10856 5876 8536 6320 2374 7925 4367
3104,12289 12673 12292 12293 13382 12675 12290 13381 12645 15000
3105,12194 14090 9998 11692 9996 12545 12233 14091 12437 5967
3106,2048 1659 9539 7568 10717 1114 10256 11274 12561 2047
3107,13385 13386 5979 10610 11567 13360 7434 1666 7986 7852
3108,5450 1826 14218 11536 4414 3844 11350 1356 5095 7404
3109,14348 4153 9442 14839 7579 9830 14686 11914 13388 14639
3110,5634 1128 6128 9026 10077 9430 6003 8896 14676 2660
3111,12769 12403 2335 2344 11789 12767 2341 12768 9271 7670
3112,13225 12490 8785 13094 13389 11321 3942 13095 6464 12909
3113,11140 9685 4766 7863 4226 4383 2186 11446 11473 15207
3114,2342 8780 6371 6367 2344 6722 8192 8193 9527 7347
3115,12170 13126 9822 8440 5591 8755 3245 10718 12405 8960
3116,4545 13393 13394 5248 10188 13392 8141 13359 7576 9807
3117,9145 10 9146 7345 5582 0 4509 8067 5435 10787
3118,13397 11766 13045 13396 11967 3847 6936 7368 11846 7954
3119,14586 10403 13398 14450 14292 14099 10393 6665 3654 3656
3120,11949 1011 14270 14758 6741 4394 4387 1829 4607 674
3121,4784 10910 10050 4785 4787 11215 11934 6072 14447 12621
3122,8982 4402 5846 6805 4599 10628 4415 11923 7092 4403
3123,13030 5398 5435 9793 10852 8807 2867 1497 12335 5442
3124,3897 12818 3892 8486 7470 12856 3895 6400 12821 10231
3125,1807 725 13401 5594 10555 12267 15228 5523 13143 12190
3126,3048 6312 2785 7212 6437 10691 4167 2701 426 2117
3127,2222 7291 1060 5540 1042 11081 9888 12862 4153 3338
3128,13403 13405 13404 3428 13034 3427 13280 1119 9393 3429
3129,13407 1872 109 13774 3639 9889 7709 2282 13773 7580
3130,13409 14195 10680 14180 13316 14196 14194 13659 12821 13009
3131,13316 13009 13010 13410 13011 12903 14180 8362 13409 12905
3132,3114 3113 4803 2013 11619 2426 10105 14541 10104 10110
3133,13411 6857 5099 6829 1382 8669 9464 9270 2588 13413
3134,11138 12061 1735 4191 7616 11302 7050 14476 8184 4476
3135,2980 2371 2374 10858 4142 11065 3107 4403 7092 6825
3136,4495 3921 5181 7455 11172 5486 3922 6863 6909 15033
3137,9405 2261 11958 6582 5147 15285 11957 12086 7925 8045
3138,9801 328 12759 11867 5595 10254 13364 7214 315 15022
3139,8176 4341 11837 8171 10654 12420 635 11149 14344 9517
3140,7299 8068 3382 9993 8063 308 4773 2700 3153 8815
3141,6836 11153 10634 2295 12029 13616 13920 13360 7253 7401
3142,13420 13418 13417 12567 7866 13419 4550 13416 6969 8968
3143,4687 11949 4132 9756 7427 14758 6323 4688 3083 14270
3144,11111 12070 11123 9784 11108 405 11110 9785 6866 4329
3145,11112 13323 14405 7393 1532 13439 1324 4346 7395 7396
3146,11834 5187 2631 1024 4804 9932 7865 5095 1446 13513
3147,12431 5687 6123 982 12885 10589 9752 10367 7427 4881
3148,10371 10564 10372 12966 10053 8195 8567 9170 14718 10375
3149,11949 7426 1719 4367 14753 12282 2373 4693 7067 8400
3150,3019 13424 3240 14591 11405 3618 15203 4332 12868 14636
3151,6739 2048 12803 12561 3268 6274 12801 1659 12800 12796
3152,13425 10731 4840 8713 13612 13224 14021 13314 12114 4836
3153,2816 13439 14405 1166 404 14457 13651 13326 13322 3464
3154,6301 1369 8401 4813 1164 3234 1371 8260 4899 11216
3155,4037 4035 13426 15189 10071 4036 10074 14753 2880 6447
3156,13427 12992 4642 4644 14923 5565 4643 15000 4647 4646
3157,177 1345 6642 7333 8486 10406 3892 4970 6863 14155
3158,10431 11190 10243 12678 8096 15022 3073 9026 6140 14891
3159,14052 9926 311 9028 9170 6907 5990 7296 11424 3208
3160,13428 6724 9238 3778 6722 12901 3784 6710 3643 3776
3161,4997 13429 14096 7774 7459 13970 8560 10214 7775 6585
3162,13431 5514 13430 11368 9836 8236 482 14222 11370 14409
3163,7925 3962 14966 8795 10055 1113 15285 4317 3218 449
3164,8075 11980 2805 3005 13355 2797 9364 15000 3073 12467
3165,3274 3298 1077 3275 294 13379 5838 6260 5394 3765
3166,12359 13435 5298 10838 11047 9014 10837 10273 9147 1986
3167,4091 5815 2790 13437 2227 2750 7185 7090 193 336
3168,8467 8444 8795 7622 8953 7925 10852 578 6054 3114
3169,11924 3750 12188 6190 62 14185 8796 14568 552 14621
3170,3017 13438 1078 5580 11148 5084 15105 2468 1472 7862
3171,13439 12884 15102 2816 5193 12505 14712 407 15093 13430
3172,9049 6812 3902 197 9690 8652 10983 3507 2779 9691
3173,8063 10359 3017 15204 8064 11900 2674 8067 8062 3114
3174,13443 13442 13444 6807 2996 9626 4139 11949 9643 7427
3175,6125 5262 5263 12161 9446 5912 13445 13448 13447 13449
3176,1315 13450 14267 4621 4624 4625 4611 13983 4619 4615
3177,6146 5921 1125 6515 4706 621 5903 6512 13710 4699
3178,3151 3493 600 4819 8549 1970 10804 8662 10567 5944
3179,1634 8629 10605 8632 8628 8626 8960 13306 13914 7014
3180,13452 13353 2742 13320 2816 13319 2815 5999 13322 13701
3181,12809 1008 1006 999 3677 1012 1000 3680 4367 1725
3182,13454 7776 506 7152 4052 1943 1573 8188 15196 15065
3183,13455 6714 3400 12584 3805 8817 5365 7783 7249 12269
3184,9436 13457 13456 10570 2731 13170 4338 2468 11547 7760
3185,13461 13064 11095 13462 9572 4909 8899 8252 2018 13720
3186,13470 13465 8205 13468 13467 13471 12758 13466 10635 13287
3187,15020 10884 14618 3017 5580 6017 7929 488 9781 774
3188,13478 13472 13476 13473 13477 13475 13474 14409 13431 10604
3189,13479 13418 21 626 14542 7946 11148 1178 6509 13848
3190,2741 8729 12425 6416 13353 2744 2742 13322 10268 11418
3191,15020 4759 14618 4228 5085 8873 487 9169 5082 4412
3192,4515 6352 6417 13701 2304 4516 12006 2744 5193 6416
3193,13480 5469 5471 5476 5481 10125 14082 10491 10348 7925
3194,13482 11916 8480 6863 15224 10209 13711 12493 14554 11111
3195,11389 11388 297 2023 6652 1093 12995 2026 11739 10806
3196,13483 4061 7100 13484 5673 11120 12585 7217 4693 15207
3197,13084 4672 9137 1477 14230 3590 3527 1077 11152 9989
3198,658 13487 838 512 8952 3930 2930 5728 5186 9332
3199,11032 11031 3758 6784 11033 3590 6780 11034 5872 12874
3200,8882 4795 12565 4784 12470 7741 10894 4785 6617 6477
3201,13506 13494 13491 13499 13507 13495 13505 13510 13497 13498
3202,13513 6998 3769 13511 11920 8463 4804 9429 13017 13515
3203,1169 10064 12269 6573 8203 10040 8111 10191 14322 1336
3204,11072 7823 15207 6114 12001 11998 13318 8604 11704 12563
3205,13518 12388 11389 14904 13670 11388 820 11974 4911 6652
3206,4939 14934 7292 13179 2652 12720 10529 2655 7990 2288
3207,10554 1771 724 5501 5859 3842 14218 14363 2683 8277
3208,13520 8414 8419 7226 6567 8420 8421 7699 7203 13521
3209,13522 6128 8896 6562 2207 13526 5195 13525 12870 13524
3210,10899 6395 7818 10199 11624 14753 1888 7427 10198 6323
3211,9079 13257 13527 15042 6824 8215 1536 15021 14777 14622
3212,9554 12739 12727 12737 12733 14267 12728 12732 12738 12242
3213,2876 3844 3843 14105 11801 6811 5662 1826 4416 11382
3214,13529 12265 6285 6291 9649 1246 6278 6292 6274 6272
3215,13530 7660 11116 7850 11781 3719 1359 11780 9829 5008
3216,13432 1885 13532 11854 13780 13531 13001 1958 14809 1884
3217,13533 13263 12212 12448 14003 14521 9165 12437 4517 2851
3218,5845 11347 14218 2375 10999 5846 9853 10628 4415 8982
3219,7054 5792 3945 9890 11065 2462 4496 14243 14239 2415
3220,7469 3489 4445 9327 8400 7721 15189 11773 4336 12090
3221,8235 13534 12040 4464 5900 4610 4277 627 5904 14378
3222,13176 14352 7660 13121 14527 5614 2930 2840 14171 10253
3223,13080 3847 1228 11603 7705 1220 1221 1223 1224 7612
3224,11610 13641 8497 13538 11921 14171 10253 10705 14890 10628
3225,13806 9609 3333 13699 8581 217 8780 5012 14142 12995
3226,4837 38 529 532 14855 536 13296 5737 8260 4918
3227,2888 4625 7494 7065 10554 7092 14267 2891 9663 10813
3228,10977 7560 7559 4899 7555 7558 4813 9989 7556 8188
3229,13539 8905 13332 13540 405 13651 11418 13322 13346 12426
3230,3736 3731 3734 3738 1983 3733 3732 3737 3725 3728
3231,9436 13543 4191 7085 13544 13225 7050 13044 13542 13541
3232,3058 3056 3053 3052 3054 14584 8370 15060 3057 2083
3233,9889 9626 4603 14476 7365 6809 12916 5849 4139 8253
3234,5591 8755 10718 12405 6953 3632 12562 3508 2076 10238
3235,12809 5843 9645 1315 402 8850 1777 5841 11624 9644
3236,13548 13547 11764 5737 11021 7804 13549 11888 13970 11765
3237,13552 2079 9678 4772 15204 3871 5777 11681 14966 14926
3238,1254 10573 1205 3769 13553 3488 9488 3731 3025 10659
3239,13556 1317 14410 15217 12663 10911 14763 13101 603 7014
3240,13022 7054 11369 2804 4653 14409 11368 11370 4660 4663
3241,13558 11306 15160 13771 4379 7847 12234 1904 15272 4522
3242,12321 9264 6621 12708 11005 2152 5397 11690 5663 7847
3243,7847 5336 10489 13083 13181 13560 10204 7179 10488 787
3244,2891 5872 4367 7494 7051 4737 6338 13440 5873 1829
3245,12425 13201 2741 13561 2744 5998 8904 11418 13353 13319
3246,12508 12507 11065 12506 12501 12505 12502 15235 12500 6571
3247,9654 14397 2100 15272 11050 12392 10417 7816 3743 6778
3248,11303 409 13119 3942 12424 10156 9170 12545 13121 10764
3249,13565 10367 4142 4608 5671 6320 5867 4141 10366 4136
3250,2169 5710 13566 10596 11559 11557 7257 13968 11558 8123
3251,1815 1514 5054 696 2236 8371 3809 5765 7089 10202
3252,9469 6147 14348 9442 11017 4153 7872 12128 13645 5777
3253,4673 7642 8237 13567 8233 8230 5913 8235 8234 10781
3254,14618 13569 9459 2960 2556 1409 7705 8067 15069 5082
3255,8334 12426 13232 11418 14405 8329 8328 13188 12006 2816
3256,13570 8403 432 5452 10972 8401 14618 871 4569 11736
3257,13058 5571 5569 4349 2468 14097 13162 5572 13217 3240
3258,5191 4837 2514 3849 12392 9925 11946 12105 14835 9991
3259,11781 11779 7660 8839 11780 13571 14541 11619 9829 11782
3260,3094 13572 8983 6810 12074 6811 6557 7404 11724 9757
3261,13573 1151 3107 1156 1152 11104 1142 11101 4110 10910
3262,10444 544 12236 10443 7954 4511 5467 6367 14167 12235
3263,3400 10130 13455 3401 10129 5206 6714 3394 10127 1515
3264,11916 49 297 10458 1481 10293 6863 2270 4634 5753
3265,14005 7551 8414 8419 9241 7226 9143 6567 9245 8420
3266,13574 12426 13271 13260 1528 8730 405 10679 1535 14457
3267,1987 7080 8329 8328 15204 8332 8331 8330 8340 272
3268,7016 7014 14753 10953 12199 10950 7078 10949 8476 10937
3269,5673 11082 10754 1007 6552 9536 6742 10628 9535 7078
3270,8497 11610 14147 13641 3005 12552 9510 14003 1249 14171
3271,2291 9051 1804 7341 2294 9570 12359 8445 12797 11646
3272,8982 11119 6542 2622 9664 4693 1888 2869 1156 4402
3273,2741 2614 13320 13319 13353 6416 2742 11112 12425 13701
3274,13580 4818 4418 1105 12570 13583 8068 7989 11037 10909
3275,3481 1882 9170 11424 3482 14155 13002 1911 11730 11789
3276,12817 13162 12748 7986 9945 2616 11219 12816 1342 2622
3277,13586 7850 11246 3565 11687 13306 13530 11247 12266 15057
3278,5482 14842 8300 3681 9576 4252 11236 877 3224 13820
3279,13940 8873 13587 15006 15079 11458 14555 14427 9779 14578
3280,3529 2063 6861 3528 14849 9944 249 1512 15189 1428
3281,9336 7473 729 4817 10434 7447 3979 9881 902 1983
3282,2145 5830 4846 13920 5191 1087 4852 12420 11443 742
3283,12591 12873 4026 891 10032 8519 4022 8852 6303 15241
3284,4402 7092 4403 10936 4394 6579 2370 2374 1354 9663
3285,12907 13591 13592 3849 13593 11270 2917 8681 9936 11236
3286,11949 1863 1011 4625 2869 11536 5876 4693 3107 10597
3287,13593 11270 9936 13591 7334 10092 3910 13058 7208 3922
3288,2468 7397 8223 15033 6642 500 10451 5663 11707 9261
3289,10824 6364 7218 2371 10989 9191 10628 2374 2375 11624
3290,91 12876 7122 3063 12874 14578 15288 7112 14930 10651
3291,13594 12102 7198 590 13595 12872 10386 11652 3006 10385
3292,3990 5397 14348 13143 3989 3947 12438 9181 7051 6863
3293,13596 13598 13597 13599 13600 7610 13061 13601 5225 7875
3294,12431 4355 1735 14359 7869 11934 6072 6391 14447 12621
3295,12484 12429 4025 8577 2703 9527 11138 7526 10308 12403
3296,1588 11026 13602 14643 15172 9944 4284 14642 3259 2662
3297,7217 12936 1773 12089 1774 5854 4367 10807 4061 13483
3298,3833 3826 3328 138 123 3831 6568 9944 7840 3332
3299,15007 7390 13603 3922 1503 6367 14243 14239 6339 3924
3300,2816 14457 1535 2815 13353 12747 6417 13322 1166 2823
3301,3142 6132 109 5095 7823 6177 7709 5596 12001 11998
3302,12136 8228 11590 12137 10148 11591 14737 8119 4410 8118
3303,6054 8431 10297 8070 7429 635 1614 13604 8434 8432
3304,7459 10388 7616 11331 2985 3651 7097 5616 2832 4089
3305,2057 8656 10572 3472 6026 7420 10472 3696 4209 6374
3306,13606 2291 7380 9591 4430 12850 14480 8008 14923 14548
3307,1512 4471 467 7397 3517 7303 9262 10454 451 6216
3308,2628 4315 2629 11001 11643 10526 2963 11098 14534 2662
3309,4339 5914 5796 7183 12803 271 3615 4099 5798 4111
3310,4334 4503 4481 7168 5639 10548 11124 4547 11014 11214
3311,4141 10366 1356 2375 10365 1829 1769 1357 9663 6320
3312,8085 3716 8698 11980 14005 13513 8882 7954 11860 12677
3313,11624 9626 396 1005 9643 4139 4603 395 4596 9645
3314,11773 11912 4371 6181 11593 399 6171 6180 9682 4881
3315,4784 203 4790 4785 4454 7821 7247 7823 6377 13646
3316,13612 13611 13613 6722 8780 8278 7347 13224 7685 12114
3317,13052 1779 11834 9191 14194 1321 9192 2371 5195 11624
3318,12921 9602 5771 9545 2037 12466 1869 1750 3337 10275
3319,8067 9088 587 3879 11486 8063 10432 8873 4965 676
3320,9042 14591 820 4907 4326 1559 9043 2130 10174 15154
3321,13615 9212 9204 9207 2830 9209 13534 7214 2197 10924
3322,11809 1805 4756 2305 165 6974 1444 4759 4121 13511
3323,13619 6274 10724 3114 6289 10722 10726 1246 6743 13160
3324,2797 8489 14450 11980 2796 8960 8263 12003 1542 7334
3325,4640 3782 5220 11471 5388 2481 11970 5207 7863 1190
3326,13256 6754 10918 13320 7347 13922 14396 14684 12172 4794
3327,1841 2534 13884 2526 6732 12720 1855 11867 2494 12759
3328,2016 11949 4632 4134 5686 3084 5688 2462 5876 12737
3329,13623 13622 2820 12426 407 12747 8906 13959 6004 2823
3330,3696 9653 3702 6526 6635 7418 6636 3685 10645 10602
3331,5999 2742 2816 13353 13960 13352 13322 6417 13651 2820
3332,15084 7506 6200 1656 6962 3277 15205 725 5155 12280
3333,8401 4129 1684 13058 970 8644 6054 9169 4124 953
3334,8816 6691 9700 10171 9701 7430 9706 9702 5489 14418
3335,8788 8291 10868 11687 6613 11241 3541 1124 1699 4457
3336,8860 7755 11948 13627 12884 11947 10040 15102 3838 9026
3337,13323 13628 14405 13357 13730 13650 1532 12426 12006 11112
3338,1804 13630 2672 13409 9098 10308 7232 1985 14141 9051
3339,2888 11347 11949 12739 1011 12729 2995 4625 12242 6320
3340,10992 8164 14753 12934 10950 10628 7014 12735 8154 10949
3341,9829 13631 7199 337 11472 4124 11116 4367 11114 6068
3342,6511 4633 13632 8124 7879 9652 12484 5711 4171 15271
3343,2374 2375 2371 4142 2370 14218 9663 9191 4693 7092
3344,4369 5255 2900 2724 2723 9086 6071 6072 11006 6747
3345,1844 12223 6168 8116 7571 1841 9809 5259 10468 13070
3346,12642 11851 7784 3083 10556 11536 3082 12282 4687 8167
3347,9829 11472 11779 4388 11781 4367 12158 7660 9495 7199
3348,11372 7401 8649 3700 11692 6020 8652 12927 8648 12928
3349,13209 10630 10999 10628 6739 10997 6804 7077 5845 11923
3350,8808 13635 6571 14183 12501 10041 15210 5192 8809 11110
3351,13636 4788 15245 15205 4784 268 6236 4785 5884 14120
3352,7539 13121 6483 7779 11408 7541 13120 3650 7534 10624
3353,9225 6185 4533 4531 4068 11780 6623 11650 6297 5435
3354,10970 10269 6226 7678 1175 12131 1445 6479 5235 6225
3355,6161 13640 6499 7882 6166 13840 5445 6160 6097 6498
3356,7630 956 13370 990 11473 13641 15157 14653 3506 7354
3357,13641 10253 5288 261 5794 9335 10705 13239 11610 12318
3358,1795 13464 1019 13255 12930 13644 13251 9395 1177 12931
3359,7407 3661 2414 1249 9438 7779 2421 11469 2422 12555
3360,10366 10365 4141 4142 6320 2376 6553 9663 1829 1356
3361,9973 7899 10320 12927 13460 1783 1260 7892 5245 1261
3362,11347 5531 10308 1725 10856 4039 2375 5532 7075 5871
3363,2742 13353 10206 2741 14405 13327 12425 2743 1165 2744
3364,13646 10981 6812 9049 4148 7162 8652 8131 2630 10181
3365,11408 11710 11407 8605 602 2437 11361 10491 1807 7779
3366,12282 3774 9549 13605 14039 13217 13175 2869 14541 10253
3367,8827 2741 12198 8907 12425 12199 11418 8829 2744 6416
3368,11929 11928 10734 2215 12884 11298 6876 11926 3676 1392
3369,2375 7064 11347 10365 1357 4560 4142 9851 10366 2371
3370,12131 11310 10970 3859 13639 8770 14904 1269 10867 10269
3371,11646 2576 11482 2128 5187 8809 2514 11644 4302 12510
3372,11473 5096 9337 5137 9890 5133 5150 6004 5130 1497
3373,12500 12505 6571 10041 12501 8808 15102 8809 12506 12502
3374,2816 13439 2742 1166 405 3464 13353 12426 14457 13322
3375,11105 13652 3107 10468 11104 14821 11101 11467 13947 2942
3376,13654 7648 1555 14167 13280 13279 9830 1558 12858 13616
3377,13076 6447 1001 14753 12914 4415 10999 2622 3803 1724
3378,13656 7747 13657 344 2288 12061 8380 9892 9220 3786
3379,13658 13597 13596 9371 13598 11780 13599 5009 14869 13600
3380,1826 3843 11536 14105 11801 2876 3844 10556 4414 4416
3381,13659 13186 13660 2819 2816 8730 405 2822 1166 14195
3382,1888 13662 4402 8822 9629 1776 6734 2378 1723 9754
3383,13663 15179 7399 7650 2102 11254 5006 6652 13505 11665
3384,13664 7090 5591 8755 5435 5009 12405 6403 10718 6953
3385,10857 3688 6579 3074 10461 8167 2869 12934 12735 10856
3386,9436 7085 13666 8055 12653 11152 14726 13543 1120 6069
3387,13025 5890 7873 6663 14482 15281 13720 6812 517 10787
3388,6600 279 3672 12229 6602 10350 2857 4070 6601 11237
3389,13654 9830 4361 1558 4362 13278 9323 9324 14028 13669
3390,11777 8154 13565 1356 8158 4142 1829 10367 8155 4136
3391,13670 1168 12426 12388 1323 2816 13439 3464 14904 1324
3392,9125 4048 9290 926 8329 8328 8332 5468 8331 9291
3393,6985 7670 9315 7671 2464 6911 11482 7677 10191 7680
3394,2426 351 12096 2314 13256 2468 12995 10016 2427 2416
3395,13675 13594 13674 12872 12102 13212 10911 13595 7198 6500
3396,11780 12493 11227 14926 6622 13597 11143 9805 12229 10350
3397,13677 13676 2681 13276 14762 13886 15236 15238 9307 15000
3398,11021 3265 11152 12545 13679 13678 12653 14737 13548 7580
3399,12663 10067 12661 10074 10068 3017 10071 10070 10488 5696
3400,3483 13682 13680 9407 9084 13681 6395 11022 9409 3107
3401,2375 1780 1319 4415 9191 2371 1778 1320 1321 14218
3402,13686 13687 13689 13688 12827 13678 1783 6841 13034 13690
3403,3763 13694 5613 3961 3758 600 10256 10488 6235 2930
3404,13696 8021 6058 1121 14591 6936 8008 820 6057 3429
3405,3648 5469 5476 2924 3655 5481 14549 14573 3654 2903
3406,13600 13377 12890 13598 13601 13698 13596 12891 5985 13258
3407,13699 11194 2834 12493 14142 15196 15065 14082 4496 635
3408,12884 10734 15102 13082 13439 11541 10040 6573 14179 15224
3409,13082 12884 10734 1880 297 15224 11149 6876 10612 8805
3410,2891 1829 2374 4367 1354 4141 2886 2370 1356 9663
3411,13628 13271 13540 6001 405 6000 1323 2742 13539 13651
3412,10525 13248 6351 13320 6416 13322 6417 12745 13319 13701
3413,10981 6812 9049 13646 8652 10181 10983 4148 12101 11700
3414,5846 10628 8542 8982 10627 5845 6804 10630 10999 4743
3415,13703 13620 14795 7309 10429 9798 15133 10845 10428 12676
3416,3415 15157 6733 6735 12919 6734 3414 15156 351 10365
3417,2888 10556 4625 7092 9191 9663 6364 2886 10813 1710
3418,1609 12044 4998 7345 11956 3743 5591 6186 6588 8755
3419,9568 12890 2260 13704 10226 32 3424 1664 1662 1939
3420,2741 12425 6416 13353 2744 2742 11418 13322 14405 1165
3421,9510 14851 13230 12861 8497 10209 7162 5115 14532 7086
3422,7695 13199 14167 10499 8853 11473 13197 1481 10132 11456
3423,12349 5531 6552 12350 3694 1001 1000 7404 7078 10999
3424,3650 10624 7539 7255 13141 7540 13121 808 6589 6060
3425,12425 2741 13248 10525 13353 6416 6351 2744 13322 6417
3426,13641 263 262 11610 261 10705 10253 1560 13035 2839
3427,7046 10744 3977 356 9483 4559 7831 2148 6402 4973
3428,13711 12332 13482 11598 11111 14830 14591 4301 6320 820
3429,6579 3667 3416 7078 11778 3074 15162 9535 2891 10857
3430,7670 8318 12923 7481 7472 7473 7475 7677 7474 14135
3431,8850 13712 11624 13713 8167 8848 4691 9624 9645 9628
3432,6274 6289 9445 13714 8003 11793 10001 10724 6291 1246
3433,12746 2742 360 13353 1165 14405 11112 11110 2741 13320
3434,1315 12737 8041 5120 3080 12756 1948 3081 1013 12551
3435,7804 13715 8204 6883 12923 7172 13710 1789 12693 13547
3436,13716 15162 13231 8204 273 274 4306 5123 5729 15161
3437,286 12621 15235 589 12876 592 13920 291 290 12714
3438,10078 13780 6310 9321 9320 10268 8188 140 8362 7848
3439,12426 2741 6001 11418 13624 14405 404 13188 13651 13344
3440,13719 13116 12482 13718 13934 4379 11312 13217 8639 5492
3441,13316 13010 13009 12906 12905 12903 13410 8362 13011 13409
3442,10390 7006 12420 13780 10641 5623 14508 7823 15069 10391
3443,13720 11543 2087 8759 6136 13721 14798 12431 6139 12614
3444,4245 11740 13722 4203 1078 12431 3479 12670 10348 2562
3445,12264 12809 6462 9193 4420 4706 7656 11949 4413 2875
3446,9468 14348 3142 14267 7397 5541 3643 5095 9954 9442
3447,5889 7519 12995 8573 13161 4969 603 9944 6659 6655
3448,10320 9127 11771 7259 9659 1560 12486 14352 3428 4971
3449,12742 10321 12386 3906 2816 13661 12744 11052 13539 12743
3450,13728 731 8058 13729 5405 2166 13959 12500 14332 13203
3451,13730 11897 11541 14802 8808 6990 11898 14124 14179 5192
3452,4731 10195 9840 3814 12476 11249 15042 5879 4361 12973
3453,12006 11881 13200 8109 11109 12994 11267 4515 13421 6352
3454,8526 13734 12302 2820 12426 1533 14457 13349 2823 13322
3455,3483 13736 9409 6395 9410 13685 9411 9407 9418 14211
3456,1145 1136 5841 1156 1725 1146 5839 2885 4596 1142
3457,13269 12844 9032 12647 3604 4639 12646 13738 11767 12310
3458,2371 6361 4415 2374 2375 9237 11346 4142 1780 14753
3459,12959 12951 12954 13142 10756 12955 10448 12958 12956 5334
3460,8780 6722 7347 13612 14997 6371 13037 6940 13740 14718
3461,8585 8581 10841 793 767 774 2825 735 7110 805
3462,8882 15139 15115 15143 15137 15138 15136 10287 8708 10481
3463,2375 5845 14218 1859 9191 10628 4415 5846 2371 10999
3464,276 8917 13715 707 6145 8000 5892 903 8138 12937
3465,7627 8497 4383 8259 9510 11140 9985 12267 10555 9517
3466,13453 13439 2816 1166 13322 6417 10525 13701 13452 13326
3467,635 8046 8434 10307 9370 10304 10297 10306 8432 7429
3468,13261 3644 12305 13641 12307 4512 16 10617 10000 5257
3469,396 9626 11624 4139 5848 9643 13444 4603 5839 10367
3470,13719 13934 5492 10103 12482 13941 2992 7662 10104 13742
3471,3082 11536 6321 1315 2889 14758 1314 6320 12737 12739
3472,13747 13743 13744 13749 13745 13751 13746 13750 13748 12493
3473,13313 11560 5220 6301 12516 525 12560 10566 10486 5750
3474,7354 10613 13754 127 8192 10141 6334 9014 3494 3983
3475,9574 5116 13916 3245 12618 10669 13067 157 2074 6625
3476,9998 13757 13756 4359 13758 13272 2417 2425 13669 13759
3477,13761 12148 2894 8059 13762 10381 1934 11424 8782 12493
3478,7057 13240 7785 12282 4301 10198 14923 14130 15189 9658
3479,6514 2861 4169 12296 9656 14172 11900 6401 4337 13551
3480,12858 10982 1178 13766 6812 13253 9049 1789 12931 13252
3481,12850 14923 14130 14480 14548 9658 13896 13897 4430 13885
3482,7744 10468 15033 10122 13947 3885 1435 15084 13901 3921
3483,13294 8382 8504 6663 12857 15281 13293 1383 13296 10806
3484,8152 3693 11578 3072 1776 5442 2622 8155 1888 12218
3485,2436 2434 13769 10145 13768 2435 2426 8229 8228 10146
3486,7722 8326 231 4667 11147 1558 3209 10867 9324 13175
3487,2374 11949 2371 4687 11777 2370 4142 7427 9663 1356
3488,13774 13772 13773 13775 1872 13407 5240 13543 14211 10529
3489,6220 15140 6046 4085 15007 11759 9265 820 6577 8798
3490,13777 13776 3491 13778 2050 14109 11491 7083 12926 14169
3491,13780 4719 14780 2094 11096 14508 10268 11820 15069 13720
3492,8171 6129 13782 8175 13385 9533 15036 12868 8173 12823
3493,7804 13547 2906 6546 10869 13548 13732 12986 1893 11764
3494,5874 11639 2096 11569 13185 9194 11102 11949 4134 1777
3495,15060 7125 11473 14493 6642 13952 7122 7112 12810 15288
3496,10102 5122 13783 2240 10458 1304 11665 10261 6407 544
3497,2061 10488 7199 10256 364 2048 14792 12568 11066 1659
3498,13784 11819 10639 6066 12641 550 12803 9944 3268 12796
3499,12735 10627 12210 10461 12209 12934 13785 11000 11381 10628
3500,13786 13791 13790 13788 5867 13789 13792 12738 13787 11806
3501,13794 13793 13550 1175 9583 9205 10488 2760 5879 13848
3502,11781 7660 11780 7659 7744 3864 5259 3862 11782 5970
3503,13258 13607 2658 275 12622 6777 13797 8170 10634 10553
3504,8401 4286 3943 239 9890 13641 3944 3942 14431 7705
3505,10605 1634 13803 13802 13800 13801 8960 7757 8813 7014
3506,13807 5556 5409 15055 6568 11039 10901 1254 10795 12388
3507,13806 13804 13920 3333 13699 13805 8581 9209 14142 14391
3508,10604 8214 13810 6793 13813 979 1996 13812 13811 3010
3509,13819 3896 8102 12180 6568 8093 565 8642 14398 8486
3510,9576 13820 5579 13821 13066 4252 6579 5482 4349 3700
3511,13185 12074 11850 6806 6810 5874 6811 7404 6557 12895
3512,8852 7361 11551 9687 493 7365 3369 9501 8973 2525
3513,1121 3428 8021 4367 1119 1120 9393 3857 4971 1122
3514,15157 11325 11340 5462 4945 10913 11334 11329 8296 7484
3515,13597 3877 4434 13658 13542 11780 14934 716 13823 13543
3516,1345 3267 5085 5079 5082 4502 4324 10181 6974 5737
3517,14878 13825 8329 8328 8332 2707 8331 9050 2681 8330
3518,10628 10366 1357 10991 6432 10365 8982 4141 1356 10627
3519,15020 14618 8873 11299 611 10421 7494 11065 14621 4011
3520,5555 8668 11389 2588 4015 11388 12190 1254 1733 6652
3521,2350 667 6560 11294 1093 5261 7054 11928 10505 11291
3522,7775 12165 1509 4801 13826 219 6830 548 4888 3703
3523,14405 2742 13353 2816 404 13322 2741 13327 13352 1165
3524,8432 7429 10297 10306 6472 83 1547 10887 548 2785
3525,187 5215 4636 9609 3377 2037 11868 15208 3319 4991
3526,13830 13829 13828 11872 666 14980 4448 13841 4674 9691
3527,14527 13919 13121 12201 1181 11900 8411 9371 4717 13058
3528,348 5632 1035 1032 1045 11389 7193 13919 1017 4245
3529,12100 1676 12809 13080 13177 11740 10132 737 2468 7727
3530,5515 10126 13487 12388 14904 2291 2294 658 12359 11646
3531,13833 13834 12354 13835 9950 6296 9952 13137 3643 3849
3532,13836 9519 3942 22 15226 8171 3921 7400 15000 223
3533,13278 13279 2842 13778 13837 12926 13280 1557 1933 9323
3534,13563 5264 5262 5263 4713 2657 9078 15007 7705 4274
3535,13840 1784 9941 13839 6097 6499 3590 11764 7882 6589
3536,13842 13841 8030 8008 7705 7704 13830 12061 8354 7709
3537,13843 3428 5249 8016 8008 6784 1126 3429 1120 13403
3538,13116 8684 8683 13719 8682 3858 8681 8686 8679 7652
3539,12774 2820 12426 6407 12781 5999 2823 2816 12772 12778
3540,8778 13847 10529 2288 10214 1647 13168 14704 4284 12512
3541,5047 3749 10459 9140 4907 14865 1032 9049 1368 11372
3542,13390 12868 13337 15006 11458 12797 15268 3587 9779 12545
3543,13848 13617 14167 10488 12858 13616 13641 14891 13654 14396
3544,6658 14915 2282 7526 12484 6654 1594 7368 13849 2281
3545,15031 10730 2959 13439 7050 12420 2962 14740 14408 2121
3546,11113 39 1289 12087 2188 9087 7374 82 10013 6916
3547,10988 1772 8166 5667 12726 11624 12739 4603 2885 5669
3548,2276 876 6090 6087 2278 7670 12868 5434 2277 6084
3549,2614 13320 6417 13319 4516 13701 13452 11112 5999 13322
3550,5998 13319 6722 6754 2614 10127 4840 13612 5999 12114
3551,10366 4141 10365 1357 4142 1829 2376 2370 2369 1356
3552,13705 8256 678 3789 12219 5256 12493 8082 691 1816
3553,8401 10531 4288 10670 9279 12127 250 8457 304 14583
3554,8759 12171 3275 12614 8274 12617 8902 12615 3834 13877
3555,15205 13256 5517 13527 10918 15251 13922 14684 6754 4794
3556,5673 10217 6278 4061 11120 14459 13364 3252 2212 4693
3557,735 736 14431 767 795 3226 2161 5280 13884 11215
3558,774 13699 11194 4320 11082 10895 2165 1517 3947 7970
3559,2380 14386 2375 2379 2869 12607 12895 11347 4693 14218
3560,13017 4424 13794 2760 4784 13513 13793 13550 4430 10171
3561,1324 13854 12070 8731 11111 9795 14408 6990 12882 4329
3562,7162 83 10941 10188 13856 5896 10326 4964 6624 4561
3563,8230 12040 8770 621 620 8235 9714 12496 5913 8236
3564,13874 10778 13875 11464 13860 13872 13873 13871 10777 13868
3565,7559 4899 4594 4884 4813 7561 3238 7558 7560 187
3566,12858 9661 1178 12468 13204 15192 9807 13393 4545 6582
3567,8167 4687 12404 3044 6579 12403 7057 11907 4444 4863
3568,1721 10716 11638 5442 1156 5440 11437 13573 1155 10246
3569,8693 7186 10247 14934 2129 10659 10887 2241 49 1070
3570,7989 4320 846 6834 4726 1104 9314 442 7087 11699
3571,8759 13877 10789 5370 12171 9566 10787 14798 12431 13240
3572,7050 4191 1836 5592 10910 12190 5398 1830 14396 7579
3573,10809 6597 4696 13767 4013 6598 1592 11468 8933 4793
3574,10716 6181 6246 7405 6180 7942 6244 7406 3422 11638
3575,13878 5673 11120 14923 9658 12756 14130 14548 7449 14480
3576,9892 13597 11780 716 9220 3877 9893 9448 4434 10335
3577,15020 14618 8873 7494 11065 611 14621 8362 8871 11172
3578,13881 10914 6685 3709 13880 2862 6170 2060 5353 14027
3579,3183 13806 9097 12714 4406 3197 12128 8599 9469 3201
3580,9282 9904 13058 4349 13952 11646 10718 7125 14549 97
3581,12233 6506 12282 231 11568 14039 13175 4480 10253 5273
3582,7409 14173 8218 14174 6650 14507 9843 7709 1451 14003
3583,626 1178 6509 11148 13848 13479 5377 12218 14452 5712
3584,13573 5442 1721 4407 5440 1156 11437 10246 5439 8152
3585,12484 15232 6297 1896 7526 6909 7466 11299 6658 9697
3586,13884 2534 14865 4925 12017 7516 10308 4245 4769 795
3587,12850 14923 14130 14480 13885 14548 13896 13897 9658 4430
3588,13886 9060 253 4003 12620 1250 4408 11836 14476 2072
3589,1205 8146 319 1093 1254 307 315 1187 9122 3618
3590,12491 12720 12719 4544 7292 11913 14934 13196 353 13197
3591,11140 9893 12945 9966 11446 9880 5582 7821 8263 11065
3592,10446 6945 7259 8209 11622 1789 8035 231 13197 8204
3593,1168 405 1324 12006 12744 13562 13670 13186 12007 13200
3594,11325 12637 4036 12151 15157 1721 12548 10913 11724 6557
3595,13326 13650 13439 13576 2816 1166 3464 11880 13628 14405
3596,5529 12377 3085 11536 12736 2881 12739 5534 2885 2880
3597,4379 10038 11308 6217 11309 2803 8880 9175 9178 5469
3598,12484 8397 3114 12086 4025 578 7526 5796 12868 14056
3599,7705 4333 11603 3943 3847 755 7709 7706 7707 3944
3600,9227 9443 12017 14865 13884 10214 9209 13168 8880 5095
3601,13888 1746 4525 10910 10334 2416 6118 14609 6639 10335
3602,2741 2742 13353 6416 5998 14405 13319 12425 13327 13322
3603,13891 5095 8370 13890 8241 2083 12387 2023 3053 3056
3604,12493 6622 13892 14926 7846 1664 10413 13440 6338 3702
3605,13897 13838 5516 12388 13894 13670 14904 14224 15163 5107
3606,10268 820 5544 14356 9882 3922 4869 142 3928 1243
3607,13530 7660 7850 9972 11116 3719 1359 6670 12980 14146
3608,13899 10121 7688 11019 2058 14106 6331 1989 14953 12090
3609,1829 1356 4141 1355 6320 9663 10366 1354 2886 2370
3610,13009 13900 9026 9015 5224 14377 10917 13040 13813 8363
3611,13901 13715 12948 1119 13536 8410 1127 7643 8414 1120
3612,7215 10824 10088 7094 10090 1771 12332 13786 13565 11598
3613,1345 3261 1327 9838 4074 8028 11076 6985 6548 8786
3614,13902 9587 4181 2534 9095 3462 11059 13890 11379 11008
3615,5584 1263 5625 4787 5335 104 13903 9764 9768 4023
3616,13905 1222 1220 1224 1221 12346 4358 10323 3152 1061
3617,13630 1985 10308 7232 14141 5259 5522 1804 10755 11253
3618,1985 3470 5259 11670 6303 3469 10308 7232 14141 5522
3619,4698 5365 13723 13455 12269 11737 1699 13935 15264 14466
3620,3260 4585 7533 8913 5114 426 5500 7541 7534 9998
3621,7469 4445 6220 9209 8400 9227 12547 2142 3333 7457
3622,4687 6364 9751 11949 7057 8164 9756 4602 4605 4133
3623,4129 7771 12868 4126 14542 9332 14865 7774 7459 8008
3624,13104 12521 13102 11783 13103 267 266 12681 11928 9387
3625,10764 12545 11303 14737 9170 8843 14507 11424 12194 1830
3626,9880 11140 8263 12945 4589 966 9879 15053 15052 4590
3627,2294 2067 10125 14243 1394 14239 6822 9051 2290 14518
3628,1785 1963 7695 4282 3519 11149 6691 9700 13522 544
3629,5195 13735 10359 13522 3017 15204 11900 3262 3114 13052
3630,12818 12821 12856 1342 6942 10880 13908 3892 12817 12816
3631,2741 12425 6416 13353 2744 2742 11418 13322 14405 1165
3632,12185 7330 7326 1285 12336 3377 6300 187 3833 7317
3633,3847 10154 13465 13470 9998 9971 13634 6202 8205 13757
3634,1356 4141 1829 6320 10366 1355 10365 9663 351 4142
3635,3485 5455 6453 9532 13909 12190 1865 5463 8667 14718
3636,2288 13384 12719 10184 575 7954 353 12720 10046 11141
3637,10267 14934 297 12784 10612 3043 14082 13976 7698 3044
3638,2220 12280 11193 9509 8138 11642 6905 198 2122 1419
3639,10368 13911 13308 10367 1824 10578 10576 6737 10574 9647
3640,10628 11382 10994 10627 10989 10991 8982 5846 6804 9191
3641,13753 2135 11035 14591 7199 12516 10566 6303 8479 820
3642,12282 11321 6315 2373 2371 13621 7057 9851 1719 9972
3643,11444 714 6877 2123 7431 7604 7006 28 2575 10958
3644,11949 7427 5687 10199 5447 10198 14753 9752 6806 1888
3645,15007 3358 9715 5792 5082 3252 1341 2353 4484 7398
3646,12710 13913 3111 10430 10100 13135 10631 3114 1055 3108
3647,12714 7394 11934 6072 14258 14447 12621 8047 4346 7621
3648,9077 13914 13915 9076 6278 5228 13364 1536 13720 2087
3649,4273 12545 12557 14737 12194 14845 3813 3265 13970 11303
3650,8913 6291 8912 8909 6284 8713 1246 6278 4840 8886
3651,13916 8759 3012 14798 12431 14396 12614 7903 6136 15205
3652,1003 5536 13565 7078 1009 11624 4609 999 8167 8850
3653,2774 3509 1442 15007 6577 12431 2562 14780 3989 3208
3654,8526 6352 13701 14457 11110 1323 12501 14324 8834 12006
3655,5145 6173 11134 1243 6297 7415 10468 6004 5133 10334
3656,13543 7174 4333 13918 5341 2423 950 10621 4244 5250
3657,13919 4717 12966 4881 6075 6074 5632 4713 12201 9816
3658,11122 9784 9785 14222 9787 14374 360 11108 14755 4329
3659,1660 4085 14591 12466 487 8857 8816 11867 820 10171
3660,13920 9209 13806 11082 7112 6836 13805 14391 14865 3906
3661,4794 13922 10033 13921 11024 1632 10896 5881 5619 2284
3662,12885 12431 6725 6123 14636 6717 10589 12530 13716 14433
3663,10752 4603 11056 13911 1709 10097 11339 10987 11624 10988
3664,370 6411 9511 10171 371 8390 5917 11764 8816 7429
3665,13923 1129 13924 12814 5805 15207 14323 8098 11614 2121
3666,2824 13926 2823 14331 15096 13575 10410 13260 1525 5344
3667,404 14183 14405 9791 13422 2816 9793 2614 6867 12502
3668,15228 14519 3289 2558 1296 8326 3177 10895 5465 10591
3669,13930 6118 4307 6487 1746 13928 9347 4754 5365 6493
3670,7014 7015 4287 859 7016 4133 11424 7013 14753 4605
3671,13353 2816 2742 13439 1166 2815 13322 14457 6417 13452
3672,8329 8328 8338 8332 8331 8330 8340 272 8334 2291
3673,8814 4589 2442 8813 4590 8263 8960 1540 9287 2441
3674,544 6367 5467 7815 8606 12634 4481 13437 1400 758
3675,12746 11755 13931 13932 13539 12006 13323 13346 11418 13651
3676,10529 4963 13933 3648 3658 6495 4964 4350 4474 2652
3677,13934 7662 13719 2992 1557 14167 6744 13807 8639 7779
3678,14476 12809 9609 3947 6663 7144 9890 15281 11138 5737
3679,6700 6156 6153 6147 4346 15217 11140 7621 10478 4496
3680,11258 9286 10276 5095 1207 3367 1498 2065 4950 3643
3681,3019 8999 14851 5095 13891 3240 15228 13952 14865 3063
3682,13935 7768 5544 10268 1984 635 1830 1831 7506 1243
3683,4813 8567 9024 11364 14274 10566 10968 7373 13641 11868
3684,10181 11700 7609 10984 975 1614 10981 1881 1242 7402
3685,12403 2575 12404 4293 13513 8792 11444 2497 11789 714
3686,13939 13133 12854 8985 13938 14222 9165 8989 4517 2851
3687,8618 2282 11551 12484 2342 6658 7368 7526 9296 3837
3688,13327 1323 2816 14457 1324 13353 2742 12501 14405 5193
3689,12165 10373 5004 155 10372 10371 7775 9253 8567 156
3690,5956 7698 9405 500 1803 337 14377 4353 5062 3605
3691,10338 644 5777 5779 6754 6338 6337 6339 6344 5775
3692,12061 10473 5452 9836 7747 8030 8236 15118 7461 11877
3693,7775 7299 2333 10061 2735 1419 2225 7774 12190 207
3694,1345 2328 6569 7501 3261 3619 3026 2360 9429 1327
3695,13940 8873 13587 15006 15079 11458 14555 14427 9779 14578
3696,12809 14476 13078 9609 3947 13177 7144 6663 9890 15281
3697,13188 11752 11524 12271 13807 13651 12426 13186 7203 13187
3698,13794 13941 8676 11888 6393 13942 5426 10109 3187 7569
3699,13257 7556 13944 11716 8088 9959 8238 9566 6101 4058
3700,3472 8656 2057 6026 9906 6899 9921 4924 1503 7758
3701,10131 11410 14657 6094 12984 13612 13224 10431 11493 7748
3702,1379 5248 10818 10992 9292 7092 8647 6447 3429 1380
3703,10468 13947 12491 3885 13901 1435 4820 5204 11588 11605
3704,10819 11099 3107 7092 1710 1725 9663 11104 10813 10816
3705,13952 7125 2031 3019 2125 7122 1813 3055 13135 7112
3706,12592 1098 4928 10237 5666 10202 12195 9609 1070 10235
3707,10279 7249 12666 381 13316 2739 9768 12269 13578 3719
3708,13955 7630 12904 8514 6713 11857 13956 1346 1023 5896
3709,13957 10321 12386 15179 3906 13806 15022 2354 15021 6800
3710,12850 9790 12158 10112 14923 14130 12716 13958 255 9829
3711,13959 7229 5405 13623 14524 13804 13728 15199 10865 14962
3712,13352 14405 11112 2741 13327 2816 1165 13353 2742 404
3713,13239 14865 7107 14869 8968 10027 14554 14725 14868 2430
3714,11204 10009 10008 8482 1021 8932 4784 4792 3611 7527
3715,13961 14146 8114 6183 3753 1700 5259 10286 14885 1563
3716,13841 10490 13830 10468 11908 9691 13947 9165 4458 4517
3717,1115 6262 13889 4948 10714 12460 11007 5657 11177 13392
3718,3541 7804 3231 3088 5605 15232 1942 8966 6297 8204
3719,2741 6417 1534 6416 13322 13353 13352 5999 12425 13701
3720,834 5092 12167 7930 5773 5414 14584 1684 9576 12431
3721,10366 4141 1357 1356 10365 4454 2376 4142 1827 4135
3722,3852 5639 13658 6861 15196 15065 5511 4334 10572 5978
3723,14405 3465 13352 2816 13651 11418 6417 13574 12426 13327
3724,4515 2817 12747 2820 13186 14457 2816 12426 2823 13660
3725,13239 13240 2430 11988 9827 12858 12860 7107 9323 262
3726,7014 7015 6553 12803 9625 7013 14753 14763 9853 9307
3727,12923 12038 12925 8318 7878 6936 12859 11846 12718 13045
3728,12286 8226 14222 8426 9517 6921 8938 13195 5745 2886
3729,13965 13967 13966 13964 13963 13707 6751 13970 14302 13719
3730,4450 15188 8122 8123 11849 5259 8121 5085 14607 8127
3731,12417 13969 12414 12415 12413 12416 12411 2089 12408 10133
3732,13970 13548 13971 7804 13547 5737 13972 11764 14090 13732
3733,10824 9832 6835 12708 10580 8004 8969 8006 4518 5918
3734,576 7953 13695 5358 5356 10468 5355 5204 9966 1225
3735,10780 13973 379 13548 7047 7774 2094 8973 3968 371
3736,2636 13720 13969 12601 4909 2089 13461 12417 10133 10080
3737,3676 9496 2496 9476 10209 11215 1767 9000 14504 5737
3738,1951 4888 12770 13977 10904 6407 7775 12359 10905 725
3739,767 11038 67 10654 12708 5729 5731 11690 15105 14554
3740,8167 10198 11777 2875 7819 11624 4444 11907 4139 4413
3741,10069 6579 9625 10068 10074 10067 10071 14780 396 12661
3742,3265 13978 13980 7804 13942 13979 12545 13679 14737 14845
3743,10824 7218 5449 4625 5448 1315 6446 15281 11638 6447
3744,12282 14267 7784 4621 4625 4619 4615 1315 4624 5532
3745,2888 9663 2370 1354 4141 2886 7092 1356 10366 4625
3746,3082 9643 4036 11536 11571 13621 13982 12282 12243 15126
3747,12078 2871 12079 12663 4737 402 9644 8850 9752 14730
3748,8152 8154 8160 8155 8149 3693 13573 7222 5527 8157
3749,1826 3843 4416 11801 3416 2876 6811 11536 5662 14105
3750,12663 12079 12661 12078 12662 12664 10067 12658 1317 12659
3751,11949 1011 3415 15157 5876 3414 7075 7925 6320 6741
3752,14753 8541 7057 12349 670 12282 4138 12350 4687 2373
3753,4687 14270 4132 8269 6323 14758 9757 4688 15208 9756
3754,5844 13983 13911 6554 4611 6556 5841 1146 5839 3083
3755,5846 10899 12076 4415 6361 4060 11949 7427 9237 11624
3756,13911 13985 3688 3666 3074 6579 5844 10857 15162 12074
3757,6447 12914 13076 3803 1724 6809 1727 7094 13426 13240
3758,9967 12548 12332 11598 1725 12739 14591 12729 1709 2885
3759,9965 14046 4697 13668 1094 7663 1699 13105 6226 13838
3760,13898 12995 12864 13175 10536 9134 13279 7994 2931 3605
3761,13986 10557 14173 14174 14507 8205 8218 11896 8207 1789
3762,12343 13987 7695 14102 3387 12346 12318 14410 15196 15065
3763,8999 14851 15228 14865 15060 14839 11820 13919 3063 91
3764,13308 13989 8111 13747 13728 13187 10898 12272 405 6810
3765,13757 3593 7254 6398 13991 7355 14579 10892 13121 9998
3766,12866 10913 1859 11776 8296 13557 4625 12145 15236 4063
3767,13994 15224 15271 14409 15031 14877 9795 14405 406 15032
3768,2371 11347 2375 1721 2374 4402 1356 1156 2370 4142
3769,8882 14005 4454 8085 4455 1341 11860 12040 11980 2657
3770,4687 6323 5686 4688 4132 14270 9756 4596 14758 3003
3771,7804 11841 6515 13979 6513 628 6226 5913 14176 6510
3772,9025 13995 13997 13515 13996 1883 5224 9948 9026 13513
3773,13998 12296 4670 14137 14623 12135 7658 12565 12564 13759
3774,2426 4561 1896 4509 4560 9169 7162 9973 7892 10145
3775,14001 12858 7850 10982 9197 1178 6812 9049 11734 133
3776,11956 14950 13221 7345 15160 13771 12234 15176 1904 15272
3777,14003 14504 12282 14147 8497 3920 7402 249 13921 11909
3778,12850 13606 4430 14923 14130 14480 14548 9658 4301 14004
3779,2823 2742 405 4515 13353 14457 12426 2816 13187 2741
3780,8526 13932 11755 12746 12006 1168 12501 13651 13931 1323
3781,8906 13622 11524 13007 1330 2815 6417 13452 13651 2816
3782,14005 98 5213 10491 9241 4023 6126 13258 2294 3853
3783,12764 6812 9049 5192 6863 12534 15271 8811 8362 12691
3784,4947 7892 7261 11686 10770 1046 13416 10769 9973 1896
3785,11845 7804 7254 2898 2274 5255 9097 4881 13919 8188
3786,9626 1859 4139 11624 13444 396 9643 13443 4625 5848
3787,3578 6837 12329 11949 12212 14003 9364 6588 3073 9170
3788,6184 12962 6778 6180 6780 14417 6783 6776 6777 4281
3789,13634 3847 6167 6160 6161 12476 6166 5445 2859 1366
3790,14007 5189 13316 13009 13010 14180 4038 5190 14426 13409
3791,11120 5673 4061 7296 12756 13878 14459 14209 13483 12551
3792,9804 9841 7232 14141 11619 8979 1094 9699 11615 11780
3793,13239 14090 12162 11988 14093 2855 2430 14883 2866 1669
3794,4784 4785 14574 14009 1702 9890 8708 9287 14211 13499
3795,8787 369 2622 10224 14047 10613 7354 4359 13754 4460
3796,4039 4138 10856 14753 12282 4687 10074 14745 4367 2373
3797,5876 11949 4134 9192 9191 1011 11624 8536 4415 12493
3798,8093 8102 13819 14398 8094 3896 6568 12180 8098 352
3799,11712 11665 7978 13419 14274 5447 8581 10269 13668 8234
3800,9436 13544 13459 13543 7085 4191 14726 13225 13044 13541
3801,2178 10580 2175 4522 10583 1948 4525 5906 2171 2176
3802,14012 11621 4567 1783 6538 6498 3996 1789 635 11687
3803,12867 10447 10446 14243 14239 1677 12868 13121 13197 14247
3804,6170 11780 6800 6623 12468 14342 11005 13597 1989 6262
3805,12960 14013 12951 13950 1677 13197 12955 12954 12958 12956
3806,3793 5975 563 3647 10670 7255 3648 13667 12985 7251
3807,6323 9756 9645 9628 2871 9644 2875 12079 8850 12078
3808,2742 13353 5999 13322 2741 14405 11112 13327 2743 11418
3809,13651 8730 13332 405 13539 11524 2816 12426 14457 404
3810,6001 6000 13628 12426 13271 13346 13347 13624 13323 13540
3811,13166 10260 13440 6572 6338 6573 14457 13672 14882 4785
3812,2741 7249 12425 6416 13353 12269 2744 13578 11418 2742
3813,1165 2614 2816 13353 13320 2742 13319 14457 2741 13452
3814,5225 6998 10595 3403 3816 13513 8376 14718 10308 7433
3815,13017 13513 14579 13324 14391 15031 10657 8402 8401 14052
3816,13660 14016 14183 13186 15102 11418 14325 13659 13539 13323
3817,2741 12425 6416 13353 2744 2742 11418 13322 14405 1165
3818,13396 2655 4358 2654 13397 11766 13045 15055 6510 5889
3819,2741 12301 12302 13352 8109 12425 14325 6416 13353 13248
3820,1475 5190 14405 11112 1532 13353 12672 13439 6990 5345
3821,12501 8808 12535 10041 6571 13635 10040 14183 12505 12506
3822,10672 14017 11652 9532 13594 7442 10671 5455 15207 5463
3823,13142 13733 2946 13643 9997 2950 8978 4748 14090 13971
3824,10469 7954 2928 10472 2138 6636 1345 4864 6813 5463
3825,5463 222 9956 4975 3820 3819 10236 7313 2254 7311
3826,6278 13364 11945 14019 14021 13614 14022 9256 13925 14018
3827,14028 14027 8861 11757 9972 5659 11780 15160 11026 13771
3828,2816 13731 11052 11878 1166 1535 13326 12426 11880 3464
3829,2321 12779 13570 4869 2251 8815 7181 5663 6407 14946
3830,12194 6395 10109 9823 10895 10286 12484 6396 4272 609
3831,297 5621 23 14953 10267 15105 9221 1472 3944 9966
3832,14378 9441 9601 9179 9597 716 8261 13597 6384 9596
3833,14031 1082 8389 6286 6291 1246 6278 9021 6292 6274
3834,4410 8859 5879 11590 12136 11591 8228 5882 5883 12137
3835,14405 2816 13007 11418 13352 3465 13651 14712 14457 12426
3836,6985 7054 14934 5792 11133 1243 2149 4871 10786 4045
3837,3552 8404 1100 1738 2878 5528 2145 8581 1091 8580
3838,7804 12499 10450 9543 13979 9229 14090 14091 12931 1789
3839,9789 6335 6329 12363 14032 7779 12406 5259 14919 11472
3840,11688 9958 13780 13400 8085 14034 11980 12183 14780 2094
3841,10907 5485 12029 11354 9830 7982 1082 8210 1415 13898
3842,2288 8387 8380 11634 3786 8381 8384 11633 3981 9847
3843,10711 9612 10576 6150 8045 10705 10706 7435 6649 10707
3844,12923 12718 8016 9810 6162 6783 11592 8008 8318 14266
3845,15032 14029 14359 13320 2869 11536 4693 15091 14830 9296
3846,14100 10715 14702 4436 9119 11314 14876 15045 13016 11185
3847,49 2490 34 820 2739 3719 13543 9685 10526 4717
3848,13557 11776 12866 10913 602 8296 15236 7178 15219 15218
3849,10845 10844 12676 8085 12677 11636 13703 11985 14679 12641
3850,2891 7078 3667 4367 9536 1003 7075 10856 9535 1009
3851,360 2365 14222 11110 14755 15223 12746 14179 9787 15224
3852,13654 5695 13617 14167 5694 9830 1558 13278 9323 9324
3853,2056 1754 7827 2806 7285 3206 4797 9047 9224 9048
3854,12149 4121 10488 15196 15065 9140 10572 11733 6315 14410
3855,14618 4393 4394 15069 1409 5082 4400 4388 4390 4389
3856,14033 13767 15025 3429 11542 7259 7430 12355 11596 10465
3857,11293 11294 10108 9824 14090 725 8756 5796 11295 10105
3858,11849 262 10205 10345 4381 10693 3615 4450 4339 12803
3859,14040 3428 8770 406 7200 3429 12142 11887 14437 13403
3860,9435 4445 4367 8400 9379 4336 14251 9829 9452 11020
3861,1345 8761 7333 8486 8489 12842 14155 3892 9073 9075
3862,3252 4484 3355 8193 8203 8868 5043 4778 4320 4146
3863,1885 11362 7556 10036 1958 8592 13532 1911 13432 9158
3864,6136 6139 13720 2087 13915 8581 11040 8582 13019 4713
3865,12896 6931 1829 2372 674 1356 6741 12894 12895 12893
3866,13672 12743 14405 404 2816 13574 14457 1530 13651 1525
3867,8628 13914 8629 8632 8626 13306 8633 8625 8624 2666
3868,13957 6281 15179 10884 640 13806 5651 11635 6291 6274
3869,8676 4359 14047 4460 12889 10220 14048 10117 2894 11796
3870,3591 3793 13796 6398 13121 3648 3590 12868 12867 13757
3871,12006 13200 13234 8810 2741 1168 13233 12007 11881 11112
3872,3591 7524 10150 7526 3648 3590 6061 12868 12867 8240
3873,5978 5639 10112 7951 2927 3669 13196 7649 7643 2060
3874,11142 10021 8677 5338 102 6400 1593 11141 2413 7633
3875,2899 13738 13269 2903 7825 12476 9032 15042 12844 2906
3876,13239 13880 6782 7935 6778 6510 14495 13881 6780 6161
3877,7147 9308 15236 13886 15156 12803 7013 12631 6395 9298
3878,13615 7214 10924 13534 7669 7670 15285 15207 12086 7925
3879,2065 10412 9832 12708 2468 9332 4570 8251 8969 9890
3880,7122 14865 7112 91 7116 7121 7111 7114 7113 14049
3881,12864 9973 11911 3511 3457 13898 1874 13139 9387 11526
3882,9842 9225 12591 10122 7629 14843 10118 9226 13743 1878
3883,14052 13851 14053 6326 14054 15032 11706 9792 6898 6325
3884,2288 7854 10784 8778 12403 2276 102 2468 7050 8870
3885,5084 3253 7862 2222 7291 8450 1382 9259 7514 6968
3886,6403 1472 12984 8320 3446 3947 11156 7090 13697 11658
3887,1295 8086 5331 13944 9660 13817 2795 12647 11716 5394
3888,273 337 14061 14059 14062 316 14060 5945 9972 7200
3889,7197 1578 2091 3208 2088 2089 2090 2092 14780 1428
3890,11899 12186 2614 13320 13319 12114 6990 15224 6754 6722
3891,2324 351 10125 13143 9249 1841 4821 10308 12438 12004
3892,9784 9785 14183 2820 12426 11111 9787 14755 13439 11108
3893,12386 5783 12009 14064 10255 3709 8423 5781 1845 8188
3894,1882 13002 8386 8698 8085 11942 13513 3481 2288 13485
3895,13280 13279 13278 12926 12519 13654 14167 2842 10253 13068
3896,14005 10979 12967 8507 11095 8085 12650 8882 11860 10266
3897,13646 2630 4148 8131 7162 13280 10981 320 4790 13597
3898,7964 11949 14069 1011 5582 8188 14202 11213 7398 5876
3899,14071 11980 12091 8363 9026 2662 8096 5224 8214 2797
3900,4809 9448 6944 9823 8518 10286 12484 4275 5793 7809
3901,2080 724 5947 10529 11867 725 9245 12759 8851 729
3902,14072 3072 12218 2622 5594 12219 11598 11578 3693 351
3903,12153 8349 12152 3692 6815 9498 4318 6701 5207 5275
3904,13813 14074 14077 14076 14075 5224 9015 9026 13009 12841
3905,9849 296 5175 8266 1195 8945 4045 5169 6663 5134
3906,11836 12629 11012 12034 10672 9251 13886 9060 500 1994
3907,12809 1317 1777 15217 12663 15126 603 9756 13568 14225
3908,8739 13361 8733 8736 8734 15130 15129 13306 5101 15000
3909,12431 1735 5622 5773 9014 9248 8794 3071 1442 4856
3910,13715 12168 9511 162 8390 8917 13901 6080 2657 232
3911,1475 11524 13807 13353 6417 5999 13651 13322 13452 4516
3912,7914 10666 9051 3420 9933 12766 13197 2294 8446 10308
3913,10884 5414 1387 3284 3906 7862 7345 834 488 15007
3914,6000 6001 12426 2820 13628 2823 13187 13188 13271 13344
3915,14080 14583 3063 9818 14081 14551 15079 8587 11314 4436
3916,14082 2657 12493 7705 10580 5463 12168 15196 15065 8882
3917,7009 8736 14010 9808 8733 8734 15129 7010 7008 5101
3918,8513 14083 8188 7398 8514 13162 10693 12472 4837 4759
3919,2816 12426 13327 2742 13187 1166 13353 14457 11418 2741
3920,405 13452 14084 6417 13187 13322 10525 13701 13539 13660
3921,5151 14085 1561 13901 14086 12486 5297 14119 13725 13176
3922,13211 3612 11762 5758 3654 14643 3656 14062 3259 14642
3923,12289 12673 12290 13381 12292 12291 12293 12675 15000 15253
3924,13651 1528 13308 13331 4330 2744 13334 6417 13332 12426
3925,11200 10456 11204 2094 8758 11138 9170 9122 8812 11199
3926,10423 9097 1616 10468 11588 3700 13947 3696 3701 1615
3927,14088 9055 14082 14427 9052 14306 15235 12438 14555 4436
3928,7751 7750 7749 7752 13477 13475 11789 15235 9892 9075
3929,1351 12286 9052 14222 13454 2031 13136 14702 14089 2204
3930,14090 14091 11692 8326 10244 5967 10450 9998 13807 7518
3931,560 10254 12282 11568 1841 14039 13175 1855 11867 4962
3932,12640 344 13656 2562 8918 8452 12641 10787 1254 2302
3933,11602 10011 6650 7709 7612 1451 2180 8221 10827 5883
3934,13142 14090 1669 6392 4361 7530 4362 14093 14091 15140
3935,13187 13959 8830 2816 14405 12426 9784 404 11418 2823
3936,14094 13767 2916 14496 9987 6218 13258 2603 3615 15025
3937,6668 14097 10394 109 14302 14096 10534 10393 14301 10392
3938,13232 11418 12426 14405 2816 2820 12006 13186 13233 13188
3939,14100 2203 15244 4964 3089 7649 1855 10254 4962 12296
3940,2742 13353 12994 2816 1535 12426 14457 2741 13322 2820
3941,15232 9697 6172 12937 3423 9810 5782 6297 6238 6800
3942,7695 3387 14102 7706 5402 14167 13987 7705 1876 9832
3943,10868 3540 8788 12591 3528 14843 6613 5914 3541 11020
3944,2162 11885 6062 5276 14090 2161 5967 7530 14091 13142
3945,5967 9708 11885 14476 12155 11692 9609 5966 8759 14091
3946,3654 3656 3648 10393 14292 10403 3650 3649 8395 10394
3947,13452 13574 2816 13187 2742 13628 1166 13327 6417 13651
3948,3844 14105 4414 1826 11949 2876 7427 11382 3709 10556
3949,13124 5298 2204 106 11595 11702 13584 10178 13372 9019
3950,14108 11149 14359 11934 6072 14447 12668 12621 8047 12714
3951,14109 8358 2050 13778 13777 8359 8357 9972 14119 13678
3952,10604 8211 11186 6793 11630 12104 12293 14111 12290 14110
3953,4943 3709 8671 10369 10572 10227 15000 6186 12753 15196
3954,12850 14923 14130 14480 14548 13896 13897 9658 13885 4430
3955,4601 7650 6165 14310 1829 3017 1094 8979 7648 6166
3956,3554 4997 10494 4888 7390 1349 6691 9700 14819 7775
3957,14113 10491 7490 4346 12128 15217 11670 7506 6200 7501
3958,11815 9223 8795 7925 8857 10203 5396 6259 249 9974
3959,10270 6812 5823 7848 7805 8790 7657 8948 1739 10271
3960,4415 1778 9191 1319 1780 6361 2375 1321 2371 1779
3961,1880 13082 7157 297 9692 10612 12995 10267 11027 2526
3962,11141 8083 3855 5918 2182 1693 12358 4399 7773 2174
3963,12105 7006 5225 837 7461 82 13920 5191 3596 5792
3964,12520 14119 12685 12282 13403 14039 13175 12521 12518 13116
3965,318 12804 12939 9503 5713 13652 5676 14115 2983 6249
3966,266 7180 5695 14118 11684 10252 8737 14117 5694 12681
3967,13143 12438 3989 5523 11935 3990 6861 13401 14120 9186
3968,13651 13452 2816 12426 13330 13672 13931 405 1166 2742
3969,10824 7215 10088 1771 4606 7094 10090 13786 13565 9191
3970,4052 7152 7776 506 13454 1943 4979 12789 1085 3544
3971,14125 12313 14155 1324 11268 11665 8491 9001 4034 2801
3972,11158 1503 6088 6090 2213 4223 2462 3922 5085 3921
3973,8171 8172 2221 8175 689 11529 6433 5596 11527 8173
3974,15137 15136 15138 15117 3906 8 10287 15116 8708 2344
3975,5452 7684 14127 5615 10124 2930 71 11646 6911 13570
3976,6579 10069 1318 11536 9576 4403 11890 3083 3082 3074
3977,2612 13451 4057 2666 4059 13818 4058 11631 4451 2613
3978,3799 5672 7823 1354 4141 4441 3798 12001 9752 11998
3979,2903 13726 13564 2924 5251 10501 5967 5965 15140 5966
3980,2210 10464 10465 109 10463 2217 9519 10466 7709 6663
3981,11403 11402 14591 14636 11405 12275 11404 14383 12868 14512
3982,14129 8581 9170 11424 2770 14382 8411 12128 10534 2835
3983,12850 14923 14130 14480 14548 9658 13896 13897 4430 13885
3984,12850 14130 14923 10328 14480 14548 13885 13896 13897 9658
3985,10413 11230 14132 1475 14527 8892 8454 13522 13258 15031
3986,6392 7804 6389 9658 12489 9657 13951 13142 13121 3942
3987,8452 2341 9269 5056 12640 5076 6701 14386 3903 6409
3988,8258 9049 12030 4449 12995 9944 5663 64 11815 4448
3989,1647 13124 9510 10806 4024 10209 2464 11444 4022 4284
3990,1172 7705 11764 755 13547 11765 12493 2954 9581 767
3991,14135 14134 12947 8318 12177 617 7624 8532 13765 7887
3992,1828 5863 4137 13565 4608 12816 4142 4141 10367 8164
3993,1668 5469 9832 5796 7705 12708 5476 2657 4339 5481
3994,8526 1533 12426 1475 13186 4514 11418 11749 13353 13322
3995,7186 7580 8693 13636 1447 12305 10247 11021 5435 6471
3996,14137 14504 2604 14136 14636 13670 7468 10209 10755 15230
3997,12426 2741 12994 14405 11418 404 13343 2816 14138 13651
3998,5777 202 9088 2079 5739 3904 7863 7864 191 3955
3999,12545 14141 685 2074 7232 1701 14140 8401 14737 10755
4000,3834 5207 7054 5209 119 13240 1093 5777 123 1161
4001,9097 13753 11189 3959 6489 4962 8576 4956 6480 820
4002,6004 12522 8305 2268 5145 4976 12518 2276 12493 12523
4003,14147 8497 14148 6090 14003 15285 12086 5699 7925 12085
4004,1303 12067 2614 2088 12114 6722 13320 13612 7224 6754
4005,14150 14138 8907 13348 404 11753 2816 14405 14079 8827
4006,10373 155 10372 10371 156 5004 8567 153 10370 3595
4007,6186 7574 11855 11692 14091 5967 9998 7575 337 14090
4008,12957 12951 7532 12955 12954 6744 12457 12456 13023 12958
4009,14153 12748 13968 14006 13566 8123 14181 8122 4881 8127
4010,1894 13269 13738 12476 15042 1891 12844 9032 12646 12647
4011,14155 3481 14789 8486 9170 1882 12313 9001 5254 1324
4012,13239 11988 14090 12683 2430 12162 10254 14093 9827 12860
4013,14923 9658 14156 14130 1829 14548 11002 674 1356 6931
4014,2742 405 4515 13353 12426 2741 5998 6416 2820 13327
4015,405 13186 11418 13187 12426 13539 1529 1323 1168 13651
4016,2816 13439 2742 13353 1166 14405 13322 1165 14457 3464
4017,14090 14093 1669 13783 8887 11692 14091 15140 13142 6947
4018,13537 13725 13269 1561 6669 7200 14086 14001 13104 4785
4019,14158 7581 11949 14157 14159 11746 1131 14160 11384 13025
4020,14378 12148 1937 10125 9650 12143 9682 8059 12145 12493
4021,3906 10321 12386 8581 9056 13588 6800 0 14891 11592
4022,15244 8370 14930 7116 110 14166 2083 3056 3053 3058
4023,2082 6063 7252 518 12019 1885 14865 12017 7874 7633
4024,9571 12480 11187 6788 14043 2567 2018 14795 8252 1451
4025,11221 6775 6173 14462 5373 6778 6297 6783 10468 13205
4026,8816 6691 9700 10171 9701 7430 9706 9702 5489 14418
4027,14166 8999 14851 11820 15244 8243 15228 15081 15184 14865
4028,13537 9557 14715 6669 14001 13269 13104 4785 13690 13176
4029,6669 14352 12486 13176 14039 1560 8686 14085 10253 1561
4030,12682 6748 14027 14002 12681 12719 12679 12981 9999 14146
4031,10366 10365 12282 9851 1357 4141 4142 2014 1356 6553
4032,3017 1078 5580 11148 4071 13263 8441 11599 6767 3098
4033,13506 13494 13507 13491 13495 13499 13510 13505 13490 606
4034,13642 13643 12439 13142 11888 13024 12522 7682 14754 5338
4035,6985 1345 13389 8786 4171 4168 11148 13195 4173 8785
4036,1324 2742 1323 13353 14405 14457 13854 2816 11112 12501
4037,2816 13353 13651 2742 13439 1166 14405 3464 1165 13452
4038,2230 14168 14466 11737 11473 14465 13627 3884 2217 2212
4039,14169 3993 12588 5021 5707 12223 10425 13191 6663 12466
4040,14171 10253 11610 13641 10705 14170 7826 1783 14065 9668
4041,14173 14507 14174 8218 13986 11978 3387 6974 12957 1878
4042,2905 14175 13281 2728 9542 2724 1789 13121 6081 2903
4043,14176 13778 13403 13610 14177 13107 12131 5473 12496 5354
4044,5536 11723 12839 4693 14274 1000 2890 5871 1823 10075
4045,13628 13650 14405 1323 13323 14457 13326 13576 2816 13271
4046,2741 8907 12425 8827 6416 11418 2744 2742 13353 13322
4047,8033 13162 1789 13069 12931 1878 3429 15131 2289 4530
4048,8362 7397 6642 13055 13316 11707 9186 10567 13315 13009
4049,6869 12555 2429 14175 1265 10153 7779 12456 10406 2414
4050,7650 2840 10757 11611 14352 12684 14181 6298 5334 13176
4051,14052 9910 10158 9170 2538 7758 5398 11424 1489 2655
4052,12319 1121 2950 11770 2843 8185 11771 9895 11732 7379
4053,2742 13353 5998 2614 13319 13320 5999 11112 13452 2741
4054,14183 2816 12426 13439 6989 13271 13327 1166 3464 404
4055,12518 8264 11781 6479 13254 11219 3665 5923 14039 10970
4056,11114 9829 7199 10929 3264 11116 10331 11113 12212 2277
4057,14348 12242 10950 9442 12739 5367 11473 10949 10952 11225
4058,14185 14188 14189 14186 14191 14190 14184 14187 9659 6943
4059,6846 3492 13710 5792 13641 2839 3947 7051 1460 3407
4060,12882 11755 11112 13187 12994 14044 14122 7686 11418 12426
4061,14177 13710 13845 14119 13403 13778 14176 12715 13610 2050
4062,14195 13409 13659 14196 14194 2819 10127 14180 13316 13039
4063,14197 9201 14198 9204 5990 5593 9207 9209 14395 2197
4064,1885 13532 13432 14809 8323 2082 1958 1884 13433 9026
4065,14129 5405 13959 13728 14382 8411 12128 10534 2835 13729
4066,8102 13819 352 14398 3896 8093 12180 6568 15089 565
4067,12868 12867 14591 1451 11405 14636 12482 12819 3472 3591
4068,2807 10962 1093 9140 11215 1767 11552 11216 3618 2171
4069,5725 3928 8815 9620 10477 9322 4864 11711 3220 1216
4070,7581 14203 14202 14158 4968 5373 14157 8188 14159 14160
4071,13216 10534 13213 8460 12110 14056 8188 10394 5601 4956
4072,12263 12824 12249 12524 9556 12248 12518 4784 1663 6589
4073,13641 6669 1560 13269 13104 12486 13537 14230 13176 10320
4074,14046 9131 2048 8693 1647 7663 9154 4284 5568 9130
4075,9751 1827 4454 4135 4693 9752 14758 14270 6804 5672
4076,4413 5689 14591 11598 6320 1861 820 6323 2622 4693
4077,14209 14561 14208 11402 14596 8456 14458 13716 14286 4063
4078,8152 2375 6557 11226 13702 4137 2379 12895 1913 7404
4079,12692 13124 9510 10209 9169 11646 2128 223 7162 7388
4080,10426 7494 4962 10427 8900 11867 4737 12759 10254 4956
4081,8084 11206 11204 2094 8758 2404 8812 11199 11200 13716
4082,14120 2464 5095 12387 15245 14348 3955 13883 8581 3990
4083,14211 415 13736 9889 8067 425 4713 1989 12168 447
4084,14213 8008 14211 3107 8020 14214 13736 13050 6274 14209
4085,12142 14215 4629 13141 12248 8770 2462 14437 11887 6589
4086,2820 12426 5999 2823 2816 2742 13186 13187 13188 12747
4087,12265 14024 11687 6278 12266 11945 14025 13364 14549 14019
4088,14216 10562 3978 9270 5494 1520 11740 1093 6827 471
4089,9387 9973 9386 9385 9379 9384 12864 14171 9323 9380
4090,2375 2372 14218 2371 2380 9191 4415 1780 12738 1321
4091,6172 12082 1111 8650 9204 9207 11650 9209 2197 1107
4092,5260 10405 2290 5159 12233 14292 2294 12359 14243 4267
4093,14219 3890 12264 14583 6848 14220 5652 8195 6785 12566
4094,5788 9830 12720 8230 8234 9999 11575 13715 13761 1878
4095,3063 75 14080 91 8587 14578 15288 4436 9119 14876
4096,6183 2981 9516 9515 5259 9514 6180 9513 11027 10286
4097,14222 14223 14415 15129 5101 13430 6614 14316 8737 13939
4098,11120 5673 12551 4061 7296 2869 4693 1859 12756 4063
4099,14171 10253 14065 9387 11610 7826 14170 10705 14687 267
4100,10337 13460 12881 14227 2731 7649 9973 12282 7650 13278
4101,10121 6331 12188 11621 13899 11924 6327 7688 4652 12200
4102,13439 2816 1166 405 3464 13326 14712 13452 13651 13187
4103,8829 13353 13235 2742 2741 14405 2816 13322 6417 6416
4104,11624 11691 1013 13984 6364 4138 9626 396 1322 1315
4105,1558 9324 9323 13175 9830 14229 13654 12858 12526 1561
4106,7078 3667 4600 9536 11893 9535 10953 9756 14753 4602
4107,14232 12594 14231 14233 12649 9813 8099 13192 12003 15204
4108,7057 10246 9851 4413 12282 1829 7449 4605 6553 10365
4109,14152 14235 6062 6985 8126 12957 5259 6589 7779 3590
4110,14753 14236 4062 13878 7014 14433 12657 11463 1138 14571
4111,2816 2742 13327 1166 13439 13353 6001 3464 1165 405
4112,14237 8967 6241 6174 11796 13239 6240 14865 9104 5334
4113,2823 13187 14457 2816 12426 1535 2820 13186 11418 12747
4114,8684 3709 8683 1841 8687 1845 6247 8681 12492 8921
4115,13616 14167 12858 7849 1558 7253 6090 7848 10834 11076
4116,3728 8485 12403 11175 315 3467 7004 6407 9317 6831
4117,14260 14574 14238 14579 14391 13993 14500 14830 14572 14029
4118,8 0 8591 15028 3906 7296 10383 15007 10382 14359
4119,14239 14243 14247 14248 14250 14249 14245 14244 14246 14242
4120,4301 13645 65 5463 5607 11017 12785 5829 8236 10184
4121,12641 13784 14939 7000 5786 5787 14904 10564 1619 14404
4122,14636 14136 12386 692 13670 15196 12530 11402 13058 12388
4123,9072 4848 12698 4568 3242 2148 12700 2122 10232 11424
4124,14012 6546 13942 8515 6498 6097 11621 13794 6499 5887
4125,14243 14239 14247 14248 14244 14245 14249 14250 14246 14242
4126,8788 10868 6613 14176 621 628 7643 13778 13610 7650
4127,3483 15217 11252 6395 11251 15170 15219 15218 15169 351
4128,532 525 538 536 530 6820 5751 4844 535 534
4129,13385 12138 10188 8118 10119 8143 6887 13782 1939 11656
4130,9604 4774 12163 3092 7327 11803 676 6859 12280 11065
4131,3564 8960 3562 13658 3563 3561 2636 3566 10085 14915
4132,12018 1296 10738 6863 9669 9188 9187 6561 88 2473
4133,14254 14253 14318 14357 8440 13525 14358 11579 14395 3245
4134,14378 10125 3387 7695 3396 14102 3849 5904 12212 7809
4135,3981 14126 7630 7795 10370 7791 7787 2288 7797 7790
4136,5794 5796 9544 4339 11993 271 4099 6948 5798 9335
4137,8401 10236 7021 3820 7398 12128 2329 222 3544 3819
4138,14217 13570 4569 14179 15271 13439 14407 10563 10562 14408
4139,1093 14012 12995 6787 6863 4869 8581 14391 46 4379
4140,870 5437 10171 14621 3208 8401 2703 5041 5663 487
4141,9101 14795 6824 7309 11365 14359 14255 14796 13995 5324
4142,4320 9118 10295 9669 3282 5526 12966 8350 9678 4987
4143,11119 6542 3693 6738 11118 7222 1776 8160 1721 12874
4144,8850 13713 13712 8848 2871 11624 9752 9645 8167 4691
4145,7658 11163 14257 11963 4651 15000 8077 14052 7739 9795
4146,3903 5952 10171 3899 4956 5056 3901 8452 3895 9041
4147,14258 11139 4489 14052 3038 15118 5398 11706 11456 2102
4148,10181 10003 282 286 600 1971 13705 6772 4013 11344
4149,13454 9974 11073 1351 11233 3505 549 8367 11855 2656
4150,3383 1501 5828 6972 10006 6301 3289 8180 12186 9498
4151,3150 7391 15031 3152 3137 8599 3141 3156 3143 421
4152,14260 14574 14238 7368 7954 14579 14391 13993 14500 14830
4153,7572 11949 12146 1011 12261 12143 12145 3758 6784 6323
4154,14063 13806 10174 11486 6031 14261 3181 477 8287 7412
4155,11157 8285 5746 5408 8759 8274 13439 5747 8286 8281
4156,600 1961 14082 2548 10308 6642 3252 4994 10478 13124
4157,7236 8780 6722 6940 14405 1532 11112 7347 13612 13296
4158,5527 9706 9701 6691 9700 8999 7821 8431 6054 14851
4159,2666 1543 9812 9123 8392 10980 4059 2613 8632 13306
4160,3076 3077 6703 3078 6704 11057 3079 11056 7221 3075
4161,6315 5568 7442 10546 1490 9902 2676 4828 648 7727
4162,1676 10064 2468 7651 1934 7620 10118 7650 12269 3615
4163,13130 10432 12784 14621 15154 8067 4379 12593 1647 385
4164,7009 3497 9545 12193 4454 4920 8960 9602 10505 12921
4165,690 13143 4181 12438 14396 691 11935 5523 3989 13401
4166,11592 14266 10321 12386 4524 3906 4530 10770 8016 4529
4167,14851 155 10371 10373 10372 153 156 10759 10370 16
4168,14267 9951 9952 10971 9949 8382 9950 12861 5115 8414
4169,2672 9991 666 9277 7977 14504 5796 9098 8037 1807
4170,2468 9613 4351 2256 8008 2562 8432 7299 5777 7429
4171,4454 6792 8960 4920 10505 5563 8638 8260 15253 11687
4172,10443 6094 5920 10501 257 13197 8001 5481 2172 6663
4173,14268 5226 11928 11253 14561 13216 14508 7179 14405 15225
4174,6613 2984 12931 7882 8788 10868 12930 13464 7889 6614
4175,13767 9427 8474 113 10651 7290 14100 10248 8471 7121
4176,8850 2871 9752 13713 8848 9645 2872 14269 12259 11624
4177,9445 12200 2926 2411 11129 6227 8521 480 14348 5793
4178,11767 11371 4656 4657 4664 11369 15000 7177 4655 10604
4179,3834 13240 12617 5777 3602 12614 14091 12466 8902 6691
4180,11713 8129 5259 11928 487 11751 5082 6642 8128 5970
4181,487 14271 6569 5031 10586 10822 8453 2952 2525 13807
4182,8714 4511 14615 5723 12571 6678 7917 4717 8456 4763
4183,11402 11403 12275 14208 11404 13716 7657 8250 14352 3617
4184,4937 12281 11593 11017 693 3643 13645 12979 6147 10711
4185,7291 10824 1959 4384 1967 1345 4217 465 5412 7501
4186,11378 11379 7005 6179 15241 95 15028 14559 14876 11314
4187,14274 4346 4153 8241 3648 7395 8567 6971 7394 7396
4188,10268 711 6615 2018 14926 8252 1451 7430 691 2294
4189,11368 11370 4663 7054 4660 11369 4662 4653 13022 2804
4190,10137 2525 11867 487 14271 13920 2526 12688 11230 2494
4191,195 11867 14518 6822 12688 11230 192 3382 7435 202
4192,9563 13239 13058 5247 2562 14090 12162 8008 764 11360
4193,8401 8402 14138 13513 13343 13324 12006 2329 1168 5194
4194,10487 7821 244 3853 2655 3172 10043 8432 5591 11294
4195,4454 4458 13725 2843 5702 2977 367 1827 14086 10320
4196,5528 1688 4862 1443 635 1684 6641 6198 10296 5527
4197,9098 13588 4504 14278 11053 10623 12015 14275 1425 14276
4198,11950 1586 3991 10296 12042 10303 10309 8653 2756 6646
4199,11151 4064 3554 9679 8439 1571 10661 7187 10760 268
4200,14281 11665 1269 10468 11712 10867 8227 13947 8230 8234
4201,9511 8390 776 467 5581 10055 7336 11320 15192 6216
4202,5225 10406 7779 7113 14718 6667 7662 5889 7713 7116
4203,14283 11347 4142 6320 9173 4141 3001 10365 12895 2375
4204,2166 731 14284 11409 1475 6116 3138 11848 2161 11849
4205,12168 2657 11844 14082 12620 180 11243 1078 8401 10308
4206,14285 14286 14209 15173 11319 11318 4063 14561 14458 5876
4207,2930 838 658 1252 6645 6812 9049 11950 14230 748
4208,9439 9518 2468 2562 6579 13570 2764 8241 4379 3921
4209,14287 11867 5971 3152 1423 467 14549 14573 1415 1512
4210,14292 6661 6656 3654 14291 8395 6665 10403 3656 14290
4211,6667 10406 7195 14175 11292 10485 233 10153 7779 11294
4212,13530 9972 14085 8999 14851 15228 14865 6670 1561 12980
4213,7848 10270 7849 9051 6090 12484 10078 10834 13616 2294
4214,14295 12387 15244 14310 5095 14427 14868 12753 12513 9052
4215,7633 5417 6063 12620 14348 12327 7399 2082 6005 13522
4216,13940 6148 8873 10268 12663 15244 7115 9169 13587 10602
4217,13856 12587 9945 11410 13137 12269 7162 4837 83 12471
4218,12670 5508 14055 14939 13722 5938 5398 1619 234 2564
4219,14299 14621 3956 12591 11213 602 14493 3276 7633 14120
4220,10400 6652 10401 11389 10393 10394 11388 10403 10399 11971
4221,14302 14097 14301 6668 14096 10392 10394 6654 10393 109
4222,11230 15031 12876 7632 11867 3160 13522 2161 11149 10125
4223,8999 9054 14851 15228 6186 14865 14551 15079 14555 14166
4224,14304 9827 13239 6574 2623 13919 10675 14303 9945 2622
4225,9143 7719 6766 14302 7205 14674 11299 15260 7953 10247
4226,12352 14305 10432 8488 3449 12176 3447 3450 6588 13612
4227,4965 2155 14431 11855 6186 2106 8500 1243 82 63
4228,13940 9054 8873 15079 14555 13587 14551 15006 11458 14824
4229,14306 9054 14555 739 14551 14427 15079 2142 14824 14166
4230,15228 14166 9054 8999 14555 15244 15079 13912 14868 14930
4231,14618 740 2031 9052 3615 1351 14702 106 14296 14089
4232,2235 10209 7235 6800 3197 2222 2217 2212 10491 5084
4233,11955 12966 10076 7282 14079 12746 14332 7966 9044 3551
4234,14310 4601 15192 2602 14311 13741 13898 6582 9902 10560
4235,14312 9544 3615 4339 11666 12803 15069 11140 11413 11596
4236,11482 3719 12420 6186 11646 6911 5415 10806 15154 2739
4237,5010 4359 6562 11447 10746 8527 240 2856 5619 14313
4238,11646 13971 14100 13970 7804 13669 10015 3501 13548 9904
4239,13481 11047 3934 10838 4443 295 10839 10837 937 5103
4240,11152 13666 6069 11841 13029 13267 6513 13951 7891 12653
4241,9972 12980 14027 11780 13029 12282 11026 6125 12250 5262
4242,13628 13326 13576 13650 13323 13271 13324 666 14457 12006
4243,13187 12426 405 11418 1323 14405 13651 2816 14457 13186
4244,14290 6655 14292 6661 6659 6656 14291 8395 10403 6665
4245,11112 5998 14405 1532 13319 13439 6416 2742 13320 12006
4246,14316 4118 1632 14315 13904 14222 3067 5563 13310 6792
4247,12420 2123 12995 11065 5082 11069 9181 2121 2128 9296
4248,12785 9340 14317 12266 10596 12506 49 14468 9338 1542
4249,14058 11585 5680 14395 11581 11579 2440 11582 14740 8091
4250,12089 12090 13571 6327 12342 11665 1304 11779 11784 12346
4251,11403 11402 14636 693 692 13716 8250 11404 12275 12386
4252,5106 9600 5102 413 8976 9246 15162 7952 8960 7953
4253,10191 14322 5225 11790 10064 6985 3403 7670 7671 11035
4254,11917 12855 2464 11646 2128 11659 5418 12516 8479 2576
4255,15078 733 9024 3719 12666 374 11480 12516 10566 4813
4256,8760 7781 11027 4336 11026 14319 2088 1904 5468 8529
4257,13898 12864 13175 13279 14311 14310 3605 2655 13104 10427
4258,14323 13316 11554 13009 13010 8362 14180 11555 13409 10596
4259,12425 14308 2741 13189 7686 2744 13322 13353 6416 11418
4260,1330 14326 1531 7203 13672 1530 14405 1525 13574 1526
4261,14405 8830 1532 11112 2816 14457 13352 13187 8827 3465
4262,12302 13349 1533 13734 13189 9786 9785 11749 13322 6417
4263,5194 13343 12271 14138 5999 6353 12884 13352 13960 13188
4264,11112 10680 2741 13329 13353 10208 13701 13322 1532 6416
4265,13409 14195 14329 13316 12905 14180 14196 13009 8362 13010
4266,14014 2741 14325 12425 6416 14183 11418 13353 2744 13322
4267,14199 11560 10596 13670 11559 8411 12516 11399 11557 5752
4268,2614 5999 13352 2816 3465 11418 11112 13319 13578 13452
4269,13578 5998 2614 5999 13319 13352 3465 12426 11112 13320
4270,11955 13332 13539 14079 10076 12746 13651 2744 1525 13330
4271,12070 8892 11111 12501 1324 13854 5193 14408 14803 1475
4272,13672 3463 2816 14457 14327 2823 11052 13574 13233 12006
4273,2824 13926 2823 14331 13353 13575 10410 1165 13260 15096
4274,13201 2822 13202 12500 13346 13562 13539 13330 12425 13660
4275,13244 13245 13730 14802 12882 12509 6350 13539 14124 13186
4276,13353 2743 2742 1324 0 13327 2741 1165 14405 13352
4277,9784 4515 9785 14405 13439 14183 9787 15223 14374 14755
4278,12500 13452 13203 14332 8058 10411 405 11880 11051 14084
4279,14323 10127 13316 11555 13924 11554 10596 5998 13409 13009
4280,13319 13320 5998 12392 6754 10508 13321 5999 3107 6416
4281,6996 13353 13327 2742 8730 2741 2816 8892 1535 2744
4282,10127 5998 14195 14323 13409 14196 10596 11555 14194 6722
4283,11112 13574 13248 13672 13990 8906 11394 14326 10260 14405
4284,2742 13353 1535 2816 14457 13322 2741 1166 14405 1165
4285,13625 13931 13330 1323 3464 13651 2816 13452 9791 14457
4286,13352 2743 2742 2741 14405 13353 5999 13960 13629 2816
4287,8730 13926 1525 2824 11524 14457 14122 14331 13329 1535
4288,2741 405 5998 6416 12425 11418 2742 13319 12426 14405
4289,2743 2742 13353 14405 11394 2816 13700 14326 13672 13651
4290,11112 2614 13320 13439 13319 13855 12114 15224 1532 6754
4291,13187 2816 13439 1326 1166 13651 5999 3464 13186 405
4292,2741 13353 14405 2816 3463 4514 13186 11418 2113 12425
4293,11394 8907 14325 6417 12426 13248 8731 14712 13651 2820
4294,13574 2741 2742 13672 13353 13562 1165 14405 12425 13327
4295,2208 1367 14621 3197 10501 12438 2029 14396 15154 5547
4296,14338 12627 12628 13121 12630 11614 12632 12995 13675 9644
4297,10986 12025 14340 9807 11661 9830 9661 13617 7085 6783
4298,4755 2088 7401 9075 11692 12544 5254 2746 3562 7253
4299,11949 12282 2373 1719 14753 4138 7067 12350 4687 11321
4300,6685 6616 13644 6097 1786 7882 14027 10970 11244 7889
4301,4687 12734 11949 3084 12209 7784 1721 4688 12210 12735
4302,8008 8026 8029 8010 8011 8017 699 8032 12808 8885
4303,11777 2374 1354 351 4141 2370 9663 1356 2371 1829
4304,10198 7427 11949 10749 10987 7785 1708 9658 1438 7554
4305,14342 10351 10350 9170 10353 5990 7873 10349 4005 641
4306,1315 12211 4881 12145 5867 13444 12655 11889 4367 1314
4307,13519 1317 14274 4403 7092 6579 15217 12663 9756 4037
4308,14064 10255 8423 5782 12048 7625 10468 5781 5783 7054
4309,13258 10491 12891 13377 13607 10413 13600 3833 3264 11946
4310,2930 9688 11017 13645 6147 4963 4504 11838 11837 2916
4311,12735 12725 12739 12934 7077 10461 12734 11923 6847 12210
4312,10911 7702 11614 13556 5784 14763 13212 8362 1989 11612
4313,11536 11949 1011 12876 12874 11537 15126 3082 5876 15142
4314,11536 1318 6579 7092 11120 7064 4693 2869 4403 10992
4315,4402 7498 10936 1888 10950 12261 10949 4394 1153 11598
4316,10706 297 15057 4437 5421 10267 10711 6150 8045 10705
4317,10195 544 6367 5467 9840 6849 6650 725 4731 13597
4318,8152 11949 4687 1317 11347 9194 9756 14345 6323 1011
4319,3428 4350 8008 13403 3429 14027 14185 10529 6072 2930
4320,11949 2953 14111 8211 11186 10604 15207 7868 12104 6793
4321,7215 11949 10088 6738 11347 10072 4134 10824 2869 7094
4322,13216 13213 13215 13214 14498 15228 14201 14575 5601 12298
4323,10628 10994 4145 10990 1709 10627 8982 10988 5846 10989
4324,11949 4687 4132 9756 397 7093 6323 14758 4688 8983
4325,2422 12036 9807 2426 2414 7779 2416 9438 12035 9661
4326,14618 15205 8479 11818 15154 11817 11087 740 14636 2031
4327,14351 14350 1771 14349 10824 7215 13786 13565 5867 5995
4328,13776 13034 13686 13687 13689 13688 10969 12827 13678 13777
4329,12527 10253 13278 14167 13279 11248 10488 14171 12858 13616
4330,10824 3107 11099 7095 7092 11104 11101 5462 4945 3003
4331,1592 13417 6098 4550 7625 616 5788 6537 13278 4170
4332,6605 11963 7377 6098 9942 13138 1841 7085 14584 6606
4333,14352 13176 14540 2840 9659 12486 1947 7650 14189 14185
4334,14353 7242 4447 6722 7375 4840 6724 7376 7379 7241
4335,11841 11840 10658 7168 11842 6510 14780 14179 14171 8355
4336,14354 12089 658 4690 5856 4434 10682 5854 4054 4689
4337,3003 1145 5857 6847 3107 5686 12210 4596 12934 1152
4338,7804 4589 2274 2724 4582 14355 2729 8263 2276 13547
4339,11907 4444 8167 12876 12874 8850 1789 666 13712 8432
4340,13660 13327 2742 13353 2816 1165 2741 13452 6417 12426
4341,7217 4367 1773 1774 4061 13483 14682 5854 4415 15041
4342,14012 6226 4567 13604 11621 6054 2161 8440 10125 10269
4343,13143 4215 4196 4243 4237 12438 3577 4240 3555 4191
4344,6579 6395 3666 11892 3074 7078 9536 15162 8154 11893
4345,12831 12834 13823 13597 6095 12835 12832 3877 8979 1094
4346,11949 12282 7057 1719 14753 2373 11321 7067 4687 9851
4347,14318 14357 13525 14358 11579 14254 13524 14253 10058 13522
4348,13209 10097 12589 10990 4413 12282 10999 10628 6804 13723
4349,14359 13320 12744 14405 3465 13352 2816 5999 13651 11418
4350,13121 7682 1078 6939 12867 13794 13122 11888 13941 14152
4351,2880 1314 4461 6847 11536 12735 1317 13785 8542 12210
4352,11949 7404 4687 11724 2373 14753 7067 12282 1719 4600
4353,14284 14362 6573 7232 14141 14507 14405 10321 12386 12098
4354,10366 10365 2376 4141 9554 4142 1357 11625 9851 1829
4355,2058 11019 13305 13296 13293 13303 13298 13899 7688 13300
4356,14027 14028 9999 14002 9972 1907 13807 9830 6685 12682
4357,13841 13715 11453 4463 3537 2846 11456 10490 11358 4386
4358,14219 12987 12264 5921 6541 5352 6098 6185 8968 14865
4359,7186 7270 7580 8693 15157 11957 1739 10247 5558 11021
4360,1082 9199 8210 11148 9204 9207 9209 2197 5593 7053
4361,11777 2374 1354 351 4141 2370 9663 1356 2371 1829
4362,8326 11473 13413 9359 297 6863 2958 10612 10267 12691
4363,13767 2023 10463 285 7804 1392 8505 1895 286 4872
4364,10824 7220 14364 2585 12995 2048 10852 6784 3758 4284
4365,9626 11624 396 10069 5849 4139 9889 4603 9643 6579
4366,13710 14365 14177 3492 8231 11781 9857 7804 1125 8230
4367,14583 2928 2178 12785 12867 8762 2018 10973 15079 8252
4368,14185 5151 2582 14568 5150 5906 15160 13771 12234 1904
4369,6812 12916 344 9889 1735 13656 6317 9469 10787 9278
4370,13696 13217 7529 11728 8144 13970 8770 11076 10468 3090
4371,11347 3072 2372 1888 2375 12218 9853 1010 12739 2622
4372,3854 1174 10644 11983 6936 14003 12493 11692 4794 2440
4373,7009 14010 7083 9424 9100 7008 7010 8736 7007 15133
4374,8095 9796 8096 13307 9759 14684 14026 8094 8098 13
4375,12386 15196 13058 692 12388 14636 14243 14239 14574 14904
4376,14367 6128 9430 10077 8171 14676 157 2660 6003 8617
4377,2428 7633 1506 5591 2426 8755 14541 11619 3921 12015
4378,2088 14373 10081 8901 10973 13995 10223 10222 12067 14368
4379,14374 14375 9785 14376 9787 14408 4329 15271 13440 9795
4380,7565 4984 7752 3368 14966 5998 2041 1082 6579 7749
4381,14378 10125 5904 5917 12086 2161 7506 8880 4005 9650
4382,4950 5731 9611 3974 14842 7811 5927 9565 1414 8383
4383,5555 15118 1254 5294 7633 12061 5924 8668 5936 10862
4384,14405 13353 2742 405 1323 1165 2816 5102 11121 1324
4385,13453 5999 13717 12426 13346 2816 13651 13323 2820 6417
4386,8873 8188 8871 7398 7633 13162 13124 3276 2185 9021
4387,11413 10024 6069 7499 11415 11417 4801 11412 11416 7640
4388,11899 2816 1535 8827 14457 8732 13319 13322 13320 7203
4389,14379 13570 5519 12386 15196 5518 692 13058 12388 14636
4390,14129 14382 10060 10391 12128 8411 2835 2834 10534 13522
4391,12386 14890 12081 15196 692 13058 12388 6228 14636 14243
4392,14385 13710 5009 13597 6842 3215 3351 2050 13793 13403
4393,2375 10899 6395 11850 1721 1344 14218 2371 1156 7064
4394,1339 1165 14457 2816 13353 1535 10260 13322 13320 2742
4395,14386 2951 8452 1428 2341 9269 9098 6197 3903 5056
4396,14527 8995 5016 14591 3208 14132 2508 5507 12002 14680
4397,13672 14326 14457 14405 13574 2816 2823 10260 13990 13052
4398,999 14387 14388 14621 2029 10501 15154 14948 12700 1093
4399,13574 13651 14405 2816 14457 404 13672 10260 12426 13271
4400,1187 5225 7631 12019 14718 14865 13596 12017 14082 5544
4401,11809 3260 3263 12545 1270 8913 3813 14737 14845 1311
4402,10431 13064 11208 13067 6755 9576 10082 13066 11204 4349
4403,13930 3134 9944 11017 4298 13645 9510 6147 10209 5095
4404,4524 5743 10770 13221 2944 13162 8035 4522 4525 11592
4405,15020 1966 3014 4482 1491 10369 5538 10602 11458 10920
4406,14395 8300 14254 14198 5482 14357 14318 14358 13525 9170
4407,14185 2582 14568 5151 5906 5150 10534 11924 3922 15160
4408,2519 10673 6642 11560 6863 12516 2514 2526 13373 2128
4409,14396 7397 5538 3696 4181 12438 651 8705 8656 141
4410,13327 2742 14405 13353 2816 12742 11112 13352 1532 2741
4411,12673 12674 12291 15000 12289 12292 12290 13160 13472 13476
4412,10272 11964 6226 10269 1679 10271 15205 2724 10270 8236
4413,10784 7054 2855 12403 2468 5792 14090 2276 2843 7830
4414,1323 14405 405 11112 1324 14457 12501 1532 8904 5193
4415,3805 4869 7970 12708 9706 4381 13455 4104 2065 5772
4416,14398 8102 7 8093 13945 9660 352 3953 15204 8631
4417,2308 11900 6863 8581 46 11646 2576 13009 12691 14493
4418,2837 5349 3013 12495 12480 8086 14402 14401 12740 10836
4419,7915 7433 9544 10472 3209 3906 7815 11138 11669 612
4420,11361 14541 7049 11406 6312 645 637 6400 6463 15046
4421,3819 4975 4974 222 10236 4972 500 7313 7311 7307
4422,14405 13352 13574 2816 2742 11112 404 13353 11418 2741
4423,9276 12308 7275 6064 12463 1739 6348 7956 7580 10718
4424,2677 2681 2703 8581 46 2678 2687 1761 2698 389
4425,14386 6197 7121 3903 4427 3899 9041 8999 3901 2951
4426,14217 10562 14407 14508 8735 13439 10563 15129 8733 14179
4427,14409 4034 13476 13472 13478 13473 15237 13431 13477 13475
4428,13217 13718 10052 13719 12351 12879 8144 12878 13116 1311
4429,10148 8119 8228 12137 2426 12136 5259 8118 10146 10145
4430,7719 6766 9143 13524 3470 13522 5261 13525 14357 12650
4431,1198 13048 5482 757 3837 1820 691 8082 7291 2222
4432,12678 8096 3073 2801 11209 14412 12315 9111 10243 13001
4433,1145 1146 1136 5841 1156 5844 1725 5839 1142 7075
4434,12987 9810 4784 1665 6783 5373 5518 13205 11221 14219
4435,13719 13934 5492 13941 12482 1897 8639 13807 13116 13742
4436,10209 12015 11916 10482 12014 380 7235 9007 8926 8863
4437,7804 13547 13732 13971 13548 2906 10869 2274 3088 6547
4438,11230 9244 14415 14222 15031 9245 14524 15048 1397 14151
4439,12504 14416 12501 12506 12502 12505 6990 12500 6571 12507
4440,12426 2816 405 1166 403 404 14405 13651 11418 13452
4441,2291 714 10501 257 9051 3944 3942 2294 8329 12359
4442,11747 10056 11027 1576 4336 10268 11026 14740 11294 1904
4443,12620 15012 7633 6178 11216 14419 4003 8139 7126 14675
4444,2050 10000 12931 1789 7166 2047 12693 2048 13778 14109
4445,13048 14934 1198 4509 6328 1661 14431 1686 2294 1093
4446,14420 12437 7356 2425 5255 12194 14521 12212 11764 9998
4447,2741 12425 6416 13353 2744 2742 11418 13322 14405 1165
4448,14422 2699 11238 4153 4456 9885 4784 5777 2681 7470
4449,13570 5519 12779 10163 15022 2161 5280 5518 3066 15021
4450,14540 14426 14352 12388 14904 12086 14524 13670 3771 14941
4451,13430 14222 5929 13431 13439 14471 5924 8733 15129 14316
4452,2886 12809 12487 1826 12349 1829 1777 11536 4605 12350
4453,8426 14166 6985 8226 6750 5745 8938 8786 5368 6921
4454,8097 6102 14934 13720 10884 14926 9076 2086 12316 11154
4455,1475 14591 12672 11405 13522 13353 12868 5345 8892 14636
4456,8581 14120 13806 14493 3333 12620 15245 13699 14718 12784
4457,1886 8085 13000 14164 12612 14255 13160 5559 12677 12495
4458,14431 1243 3700 13048 8656 2066 5078 9252 1084 5018
4459,6364 1724 4596 2888 5686 3668 1438 1145 11437 6447
4460,10821 14356 11148 14685 14568 941 13286 3429 4463 9267
4461,13221 14621 14221 9371 11956 13658 13273 9768 7433 14620
4462,12155 5967 11021 5788 9830 9708 12154 12720 11885 4456
4463,6978 6974 2276 4121 2278 14173 6090 14507 6971 2283
4464,6451 6457 8517 6459 9995 14434 9998 6493 6456 6461
4465,12152 1277 14584 1274 15236 8349 1279 13784 3692 6815
4466,7236 12971 13296 13293 13303 6588 13298 1129 9075 364
4467,13898 12864 10443 10427 13368 10252 13175 8781 7660 13279
4468,10488 13848 8354 10256 1362 15204 230 13793 8644 2048
4469,14185 14568 10534 8243 4350 2582 8940 14188 9187 14189
4470,266 12681 267 12682 9387 13103 13104 265 14087 14171
4471,2259 10580 2276 13719 8004 2283 2272 2269 7849 8006
4472,11885 11984 8887 5967 8770 11692 4593 14090 14091 11887
4473,6810 7404 6811 12074 12895 6557 1012 11724 10543 12637
4474,544 13437 1604 6367 14695 5467 7698 8740 11299 8355
4475,13654 7742 13998 15206 14137 15154 8688 11855 7743 6624
4476,14442 15015 7527 10184 9277 12030 1596 3947 11764 11204
4477,3090 3372 5276 2724 7840 2729 5273 5463 14142 11076
4478,6226 5913 7642 8237 8230 4697 621 9714 12496 6515
4479,14409 4034 14038 137 6395 5792 9116 13472 13476 15237
4480,14618 9106 740 5108 2031 9052 4662 9116 5107 13838
4481,2950 8957 4484 9531 262 0 8771 9185 10345 4381
4482,6985 14444 6115 5371 1473 5368 5374 11410 1470 13431
4483,7014 12803 7013 7015 9308 4339 15236 13886 9307 3615
4484,14119 13403 1561 14177 14446 1554 13710 5297 12685 11620
4485,8001 4518 1678 10185 10189 9103 10184 2172 10580 7949
4486,12550 1327 8478 11076 1345 6730 8476 9838 8188 15022
4487,12522 12523 12518 11525 1872 10122 13407 4964 12521 13774
4488,4041 12910 7612 5883 2283 4047 8990 2662 15206 4043
4489,2178 10973 2170 12867 2176 2171 2172 2173 2088 2174
4490,3719 9170 7433 11424 13015 10203 6107 13012 733 3488
4491,14289 7533 14292 14099 14291 8395 6665 6661 13398 14288
4492,14447 11934 10268 6072 6155 9510 312 12621 10209 7394
4493,14448 11124 12017 14240 14205 11125 630 693 14462 14733
4494,7699 13943 7700 13520 8421 13675 7203 14960 14975 13521
4495,2815 13353 2816 6417 13235 6416 12747 10525 2742 13701
4496,14780 12649 14232 5222 15204 3114 12310 3330 637 12530
4497,7846 14447 4727 7843 7842 6584 11367 12682 7845 12530
4498,12722 10726 15022 14891 15157 15142 14855 15141 6147 3744
4499,9254 2468 3579 15235 3578 11834 2577 8499 9020 8730
4500,11900 11303 7705 11591 2431 7704 11082 7709 11657 409
4501,3947 8000 10700 5737 8001 9183 10711 2172 5892 6150
4502,6668 6659 6654 6655 14097 6661 6656 10394 6663 14292
4503,13031 14066 14019 12676 1544 14371 6852 5 10975 11680
4504,7670 4869 7676 726 12466 7677 725 2251 6020 4504
4505,13182 7521 13178 13183 14462 13217 12789 8144 666 7357
4506,14452 626 4966 2178 9998 1178 14208 12867 6509 9517
4507,9071 11361 13658 1989 4509 637 12327 6549 6319 13142
4508,14453 15118 12970 9001 12969 1743 14155 12313 12968 8486
4509,14455 14456 14302 13675 1254 2039 14951 12324 9244 14151
4510,2816 14457 13651 12426 14405 13628 13271 1166 2742 13330
4511,14209 14561 14596 8456 14458 14595 11120 4063 14286 14285
4512,10371 155 10373 10372 156 10370 153 8567 12337 9340
4513,5673 14459 4061 4693 11120 1860 14596 14609 7092 4511
4514,14462 14461 11221 14460 12233 11593 14205 5373 12194 6057
4515,4356 9681 14463 1335 5403 5998 13699 13316 14142 4349
4516,495 6974 1440 4121 1415 6359 3643 6427 8859 4869
4517,14100 10715 14702 4436 9119 11314 14876 15045 13016 11185
4518,8541 1826 6550 14464 2369 10366 4141 2374 2370 1354
4519,10826 10827 10830 10828 10825 7476 10829 6243 8437 13137
4520,14753 6432 670 10308 671 10090 12655 7094 4037 7092
4521,11850 1353 13185 6806 12378 5688 12074 10543 1725 13786
4522,12280 2220 11193 4774 7266 12089 12128 5777 10852 10391
4523,8936 6812 8243 5980 9187 7633 1735 9171 253 10024
4524,11737 14466 14465 3884 12837 14168 3883 9026 13627 14323
4525,1542 14468 1543 9812 13382 4566 12645 9034 12181 10082
4526,14469 13219 11232 4785 12089 12303 11700 7962 2724 11701
4527,14172 6401 4337 13551 14470 6514 12464 2900 12476 14417
4528,3709 10832 260 2003 9049 4540 290 4538 4537 4542
4529,8467 4067 4071 4066 9517 691 2294 8471 4070 8176
4530,11402 14136 13716 14208 14636 13670 7657 11403 693 3617
4531,14472 14548 9097 12403 5521 10834 149 7433 10572 5469
4532,6663 13849 6661 2281 6654 10579 6658 6656 6763 14473
4533,11403 6877 9371 13658 11402 14591 14636 11405 12275 11404
4534,12850 14130 14923 14480 14548 9658 13896 13885 13897 4430
4535,12850 14923 14130 14480 14548 13896 13897 9658 13885 4430
4536,13920 12392 12390 15006 11458 14475 9779 12391 9296 4591
4537,10701 3017 3665 10529 2655 2652 14352 12518 11471 15022
4538,12850 14923 14130 14480 14548 13896 13897 9658 13885 4430
4539,14130 12850 14923 14480 13885 14548 13896 13897 9658 14131
4540,12850 14130 14923 14480 14548 13885 13896 13897 9658 4430
4541,14130 14636 11366 12850 14497 12530 13885 14131 15069 5267
4542,12850 14923 14130 14480 14548 13896 13897 9658 13885 4430
4543,14130 12850 14923 14478 13885 14480 14548 13896 13897 3898
4544,12850 14923 14130 14480 13885 14548 13896 13897 9658 4430
4545,12850 14923 14130 14480 14548 13896 13897 9658 13885 4430
4546,14130 12850 14923 14480 13885 14548 13896 13897 9658 14131
4547,12850 14923 14130 14480 14548 13896 13897 9658 13885 4430
4548,12850 14923 14130 14480 14548 13896 13897 9658 13885 4430
4549,12850 14923 14130 14480 13885 14548 13896 13897 9658 4430
4550,12850 14923 14130 14480 14548 13896 13897 9658 13885 4430
4551,12850 14923 14130 14480 14548 13896 13897 9658 13885 4430
4552,12850 14923 14130 14480 14548 13896 13897 9658 13885 4430
4553,12850 14923 14130 14480 14548 13896 13897 9658 13885 4430
4554,12850 14923 14130 14480 13885 14548 13896 13897 9658 4430
4555,12850 14923 14130 14480 14548 13896 13897 9658 13885 4430
4556,12850 14923 14130 14480 13885 14548 13896 13897 9658 4430
4557,14130 14636 11366 12850 14497 12530 13885 14131 15069 5267
4558,12850 14923 14130 14480 14548 13896 13897 9658 13885 4430
4559,12850 14923 14130 14480 14548 13896 13897 9658 13885 4430
4560,12850 14923 14130 14480 13885 14548 13896 13897 9658 4430
4561,13025 14482 5890 7873 8218 5758 2813 13720 14484 14914
4562,14130 12850 14923 14480 13885 14548 13896 13897 9658 14131
4563,12850 14130 14923 14480 14548 13885 13896 13897 9658 4430
4564,12715 12858 12859 13845 12923 9830 1558 9324 9323 13848
4565,12850 14923 14130 14480 14548 9658 13896 13897 4430 13885
4566,12850 14923 14130 9658 14480 14548 13896 4430 13897 13885
4567,12850 14923 14130 14480 13885 14548 13896 13897 9658 4430
4568,14130 14131 14923 12850 14480 14548 13896 9658 13897 5267
4569,12850 14923 14130 14480 14548 9658 13896 13897 4430 13885
4570,14130 14636 11366 12850 14497 12530 13885 14131 15069 5267
4571,12850 14923 14130 14480 13885 14548 13896 13897 9658 4430
4572,12850 14429 14483 14923 14130 4399 14480 14548 9658 12787
4573,12632 15208 14410 13101 14338 12628 15209 14130 14636 11366
4574,5266 14485 9658 14497 13716 4131 12530 14479 15206 7657
4575,14130 12850 14923 14480 13885 14548 13896 13897 9658 14131
4576,14487 5019 14564 3208 10171 9204 9207 12403 9209 2197
4577,12850 14923 14130 14480 13885 14548 13896 13897 9658 4430
4578,12850 14923 14130 14480 13885 14548 13896 13897 9658 4430
4579,14130 14636 11366 725 5383 12850 10711 14497 12530 13885
4580,4412 7054 14130 14636 11366 12850 4759 14497 12530 13885
4581,12850 14923 14130 14480 14548 13896 13897 9658 13885 4430
4582,12850 14923 14130 14480 14548 9658 13896 13897 4430 13885
4583,12850 14923 14130 14480 14548 9658 13896 13897 4430 13885
4584,12850 14923 14130 14480 14548 13896 13897 9658 13885 4430
4585,12850 14923 14130 14480 14548 13896 13897 9658 13885 4430
4586,7719 9143 4532 4533 10268 6766 6293 14674 14302 774
4587,14130 12850 14923 14548 14480 9658 13896 13897 13885 4430
4588,14130 14923 12850 14480 14548 13896 13897 13885 202 9658
4589,12850 14923 14130 14480 13885 14548 13896 13897 9658 4430
4590,12850 14130 14923 14480 14548 13896 13897 9658 13885 14131
4591,12850 14923 14130 14480 14548 13896 13897 9658 13885 4430
4592,12850 14923 14130 14480 13885 11608 14548 13896 13897 1243
4593,12850 14923 14130 7014 11273 9307 14480 14548 9658 13896
4594,12850 14130 14923 14480 14548 9658 13885 13896 13897 14131
4595,12850 14923 14130 14480 14548 13896 13897 9658 13885 4430
4596,14137 3815 14504 14130 2604 14636 11366 10534 3813 12850
4597,12850 14923 14130 14480 13885 14548 13896 13897 14494 14432
4598,12850 14130 14923 14480 14548 13885 13896 13897 9658 4430
4599,12850 14923 14130 14480 14548 13896 13897 9658 13885 4430
4600,14497 14498 6202 15160 13771 14574 12234 1904 14542 15272
4601,12850 14923 14130 1910 14480 14548 9658 13896 13897 4430
4602,14130 12850 14923 14480 13885 14548 13896 13897 9658 14131
4603,14130 14636 11366 12850 14497 12530 13885 14131 15069 5267
4604,4339 5796 12803 14499 271 3615 4099 14497 14130 11366
4605,14130 14636 11366 12850 14497 12530 13885 14131 15069 5267
4606,14130 12850 14923 14480 13885 14548 13896 13897 9658 14131
4607,13017 13513 3990 14579 14348 14391 13143 3989 14052 12438
4608,1561 14085 14446 14119 11782 13403 1558 14086 13117 13269
4609,12850 14130 14923 14480 14500 14548 9658 13885 13896 13897
4610,8676 14501 5426 12880 13794 14047 13941 4359 6589 4460
4611,12850 14923 14130 14480 14548 13896 13897 9658 13885 4430
4612,12466 14502 5707 10448 1178 10468 13726 607 10970 9576
4613,14130 12850 14923 14480 13885 14548 13896 13897 9658 14131
4614,12850 14923 14130 14480 14548 13896 13897 9658 13885 4430
4615,12850 14130 14923 14480 14548 13885 13896 13897 9658 4430
4616,14504 12850 14923 14130 14480 14548 9658 13896 13897 14003
4617,10986 10941 11896 14279 9830 10950 10949 10955 4753 13986
4618,12850 14923 14130 14506 14480 13885 14548 13896 13897 9658
4619,3709 11912 13491 13499 13505 4881 13494 13506 13507 1864
4620,2816 2742 1166 13353 13439 14457 1535 13319 13322 5998
4621,6352 2614 11110 13701 14457 13319 13320 2816 14327 8834
4622,12850 14923 14130 14480 14548 9658 13896 13897 4430 13885
4623,9436 13457 5899 2468 14027 13253 13458 12623 1789 13832
4624,14507 14173 12545 10764 14174 6227 431 11303 6483 8218
4625,14235 12809 14152 2265 238 7620 4068 6297 2264 2267
4626,14508 11820 13780 10871 12338 15069 1082 14860 14407 7110
4627,14509 13227 4266 13384 14198 13137 14877 14795 14199 12403
4628,8999 14851 15228 14865 15060 14839 11820 13919 3063 91
4629,4953 14510 14607 4956 14578 4957 14824 4952 7232 6639
4630,9430 6003 14381 6128 14676 8896 2660 5 10077 8617
4631,14511 15032 11873 11212 361 406 4339 1269 4933 14811
4632,5527 14027 5524 6054 5523 8431 9701 11985 9706 7181
4633,2657 14082 7705 10580 12168 726 12466 8882 1668 5262
4634,14478 14513 14277 13420 14610 14926 9098 13588 14278 4504
4635,14618 14296 740 9052 14792 2031 4436 11314 9119 14876
4636,600 1345 4074 13667 8182 14417 6278 8567 8037 315
4637,9658 14923 7846 14130 14165 15069 14480 14548 7844 12850
4638,5026 12753 2836 11030 14432 3536 1675 8085 12591 10596
4639,14166 11473 15244 8243 11820 15081 14514 14930 15184 9052
4640,8085 13000 14413 10080 14684 1886 11472 14106 12582 12495
4641,10874 4719 2099 14412 2096 7237 14515 10873 13780 1298
4642,3693 1721 1156 4402 1888 9664 5440 11437 10936 11434
4643,8096 9759 8095 12678 13563 8094 4565 13382 12049 8098
4644,3895 7650 7643 2043 3904 3900 3905 3586 13715 7648
4645,14497 14636 14486 11366 12530 14130 13885 12850 14433 14479
4646,3629 7433 3624 9544 12713 11681 3628 4811 4810 3906
4647,11238 11236 14422 11237 4153 11064 15022 14891 5777 14849
4648,14519 320 10591 315 307 13646 327 321 13056 7162
4649,1617 235 1618 7494 234 13898 1619 1622 12864 1621
4650,11784 10180 4076 9412 8 4285 9411 11779 12282 10472
4651,13430 5107 5102 14222 5108 13431 5101 3751 13439 14471
4652,560 7057 7494 13723 12282 14609 4737 14170 4413 14730
4653,12101 10981 6812 9049 13646 8652 10181 10983 6925 4148
4654,12212 14521 12437 13263 14520 3855 13408 224 13533 13036
4655,12251 8892 12406 13522 1475 13353 8894 12509 4131 4591
4656,577 14522 13767 11149 14095 13362 13363 2916 4341 4956
4657,2816 12426 2820 5999 13352 11418 3465 2742 6417 13651
4658,9830 1558 9324 9323 12858 13654 13278 14839 14028 5485
4659,13327 2817 8727 14457 5998 2816 13660 2742 13659 13628
4660,13324 4515 11418 13513 2744 13323 13628 11881 12426 12425
4661,2816 13187 8830 14457 1166 11524 2818 13439 2823 14079
4662,11112 14405 13007 8904 14457 12501 11418 2816 13439 8906
4663,2816 13439 13452 1166 3464 1165 14457 13326 2742 14405
4664,14222 5518 14581 14204 13430 14316 13939 14223 15266 5373
4665,12233 12194 6057 14523 9147 3004 14389 1376 14904 6764
4666,14478 14513 13641 4549 13420 14610 14926 4540 4538 11911
4667,13053 11217 10468 13947 3885 13949 14426 13948 1435 4780
4668,7381 14205 14462 7170 14448 7375 14461 7379 4840 10910
4669,14524 14540 14426 13831 14352 14142 12388 14904 7203 9245
4670,14198 14395 14197 9201 9204 9207 9209 2197 5593 9170
4671,6606 14204 5518 14274 14581 5373 6605 11221 6609 7085
4672,13266 7232 14141 11780 13207 7171 6476 9837 13265 10755
4673,11384 14379 14222 13439 14316 12064 5623 8771 12090 13430
4674,3114 14839 14391 14526 4757 13919 7170 3208 5971 11087
4675,14527 13121 14528 1181 14132 7664 275 14046 7715 2591
4676,14530 14529 12386 15196 692 13058 12388 12512 14636 276
4677,7660 13807 14027 15055 1907 14531 1904 12388 14385 13405
4678,9204 5214 9207 9209 2197 5216 5593 61 7053 3856
4679,2591 11289 14527 14417 11148 2596 3743 10280 14935 2593
4680,13167 14212 9170 4153 2258 14448 1966 11424 5063 4541
4681,14130 14636 11366 12850 14497 12530 13885 14131 15069 5267
4682,1180 2303 11148 10613 7354 13754 2317 127 8192 10141
4683,13756 13272 9998 13757 13758 4359 11260 11143 12090 13101
4684,2321 11144 11141 11143 2174 5009 13597 8815 11142 7181
4685,7804 3537 13547 12373 13732 3528 8788 13971 3540 3523
4686,7384 12989 13335 14179 14334 6990 2217 14452 7388 14755
4687,9217 557 15204 5889 10182 14926 10222 14532 15241 5185
4688,5715 6183 1846 12898 7665 6485 7666 11780 1841 13491
4689,4133 5673 4605 8164 15238 7014 4602 4061 8154 9751
4690,2820 12426 5999 2823 2816 2742 13186 13187 13188 12747
4691,14495 13239 5352 5356 7935 5355 1366 13216 5358 14561
4692,14039 10253 10254 8686 8684 12282 13175 13641 8683 12486
4693,7863 3993 9339 11140 10656 9685 7580 6880 725 5777
4694,11120 5673 12756 12551 4061 7296 8164 1859 13878 14459
4695,12030 12577 13741 406 14310 2655 14508 276 14311 14040
4696,9436 13846 6524 6685 11593 13459 6257 14027 12567 6349
4697,13114 14780 13900 9026 14377 6139 14783 5224 9015 14323
4698,10542 7565 15028 14377 1162 5527 5769 8814 1401 8936
4699,13353 2742 14405 2815 14331 2816 13322 2741 13235 6417
4700,5514 13431 9114 6457 9116 14224 5515 9106 3485 4662
4701,14356 5592 15206 5593 6863 1836 8354 3590 12691 14493
4702,6909 12484 1886 15232 9960 14091 8085 7466 6297 13240
4703,13978 3974 7343 2929 9239 11358 4971 11357 10782 6761
4704,11949 7427 6806 9752 2871 8850 13443 3844 10199 10597
4705,7268 14535 1739 2300 7265 5491 12682 12530 13216 1084
4706,12850 14923 14130 14480 14548 9658 13896 13897 4430 13885
4707,5369 6329 12086 12406 5259 3771 1512 15008 3208 13627
4708,14131 14923 14130 14480 14548 12850 13896 9658 13897 8517
4709,14540 14352 14426 8434 14654 5239 14752 15175 9700 15025
4710,626 11148 8397 6488 1178 6509 14056 7544 13848 6491
4711,14542 6202 14574 12868 5337 12867 14994 14497 14819 7257
4712,12850 14923 14130 14480 14548 9658 12298 13896 13897 4430
4713,14498 14497 15160 13771 12234 1904 15272 4522 7695 4540
4714,9563 13058 12017 14543 5595 3841 14566 12673 9944 15033
4715,14545 9406 9411 13282 13101 14591 9418 9409 6395 15155
4716,12850 14923 14130 14480 14548 9658 13896 13897 4430 13885
4717,10366 1721 1357 10365 4141 1829 1356 4142 2376 1156
4718,14538 12850 14636 12530 3617 13716 15054 14433 13737 11315
4719,14538 12850 14636 12530 3617 13716 15054 14433 13737 11315
4720,11009 13652 500 10468 4970 14821 2184 13947 11010 978
4721,14512 14591 11405 11403 12530 12868 11402 13286 14636 13716
4722,14512 14591 11405 11403 12530 12868 11402 13286 14636 13716
4723,14545 9406 9411 13282 13101 14591 9418 9409 6395 15155
4724,12850 14923 14130 14480 14548 9658 13896 13897 4430 13885
4725,12850 14923 14130 14480 14548 9658 13896 13897 4430 13885
4726,12850 14923 14130 14480 14548 9658 13896 13897 4430 13885
4727,5751 14240 3500 11301 12516 11560 11125 14554 364 10595
4728,14547 14579 14391 101 13513 14052 14898 4727 14876 9119
4729,14548 14923 14130 14480 9658 12850 4430 12403 4301 10834
4730,3114 101 1807 14898 1808 103 14547 11444 13952 2142
4731,12101 12134 14039 12518 3264 12850 6925 12574 9516 275
4732,12995 58 13919 11737 9021 9013 14605 9026 14323 11646
4733,2887 15126 9658 12756 7449 14923 14480 14225 12850 14130
4734,14554 14551 14553 13940 14555 93 2129 11916 8209 14851
4735,2816 2743 1165 13439 13353 1166 2742 13327 2741 14457
4736,12850 14923 14130 14480 14548 9658 13896 13897 4430 13885
4737,14490 14417 14142 12621 14674 11934 6072 12876 14447 1670
4738,8828 14405 8827 3465 13352 2816 14799 8829 14804 13188
4739,14561 8456 12386 13216 15196 13058 692 15173 12388 14636
4740,1173 11055 3782 10863 11056 13031 2632 3220 9364 6991
4741,4465 12386 7526 15196 13058 692 12388 14636 14243 14239
4742,1655 1094 5384 8979 8128 5383 7105 2438 1663 2394
4743,14404 5786 14904 5787 14843 7000 602 12641 13784 10403
4744,12465 12466 14563 10448 13350 15288 9787 14530 7700 14901
4745,14564 14565 14487 5019 3628 15181 10200 3208 10171 14780
4746,14519 14213 10591 13056 1032 4450 11372 15150 14209 320
4747,11768 1001 10999 14753 2622 1002 15192 11346 999 2996
4748,3841 12017 14566 14543 9300 14904 8241 4974 9298 12719
4749,13897 13896 13894 14923 14130 5516 14480 13838 12850 3005
4750,14316 14222 12386 15196 13058 692 13430 5623 14176 12388
4751,6582 14567 6583 4339 6584 14591 12803 14511 3615 820
4752,14268 14574 11630 4451 11928 11253 13216 14508 14561 7179
4753,14569 14574 12339 8484 11596 14238 14492 11744 2916 4410
4754,14316 14243 14239 14222 14241 14247 14248 14245 14250 14249
4755,330 10709 6036 5259 12305 15115 10711 315 307 305
4756,14226 14923 9658 14130 14548 2887 14480 7449 12850 15126
4757,14572 14574 8250 12386 14636 692 13838 7580 11402 12392
4758,14574 6202 14492 8250 14238 14009 12339 14260 14542 14572
4759,14574 8250 12386 14636 14572 692 11402 15196 11403 13058
4760,14209 14561 14596 8456 14458 14595 11120 4063 14286 14285
4761,14082 13172 12493 5463 15196 15065 10804 2657 1187 9214
4762,13513 12017 14576 14577 367 3877 11097 9149 8948 5887
4763,11883 2391 15163 4719 15189 2395 2398 2388 2387 2386
4764,15228 14579 14578 10501 53 3063 91 15163 13513 4511
4765,2230 13192 14232 11473 14222 2217 2212 10656 6921 14344
4766,14579 15189 14503 14391 13513 14052 7223 5699 315 4763
4767,15028 8591 10383 10382 14359 9200 11934 6072 2325 14447
4768,4434 14582 13597 3877 4054 15111 4314 15237 13431 3064
4769,12591 13999 14843 6618 9202 7351 9204 9207 4332 9209
4770,8128 10115 14821 14822 5259 14592 12452 8979 1094 5970
4771,8085 11426 11205 11204 2094 8758 11200 11472 8812 13160
4772,14583 14584 11458 113 11473 15006 12017 12785 15079 9779
4773,1889 2930 5620 5380 3877 1094 8979 14835 2260 4601
4774,6483 6181 908 6180 11408 14507 4948 11005 602 7779
4775,6885 13142 6884 8033 12959 3429 11027 9659 1878 7259
4776,14319 426 11048 8760 2020 4496 5777 13675 12099 14169
4777,5559 14587 14451 13720 14043 14780 14798 13306 13461 1636
4778,10456 10407 11426 11200 11427 13160 5071 1544 11425 11268
4779,9793 13574 2741 14405 14139 12425 13352 11418 12744 2744
4780,7648 8688 13654 7954 12282 7650 12236 13175 13403 14039
4781,4133 4605 15238 1829 9751 4602 7014 4381 1830 7092
4782,14722 13457 9436 7853 7639 7855 4130 13170 10810 6886
4783,12216 8414 8419 12214 8410 6567 8420 1794 10197 12217
4784,11781 14365 7660 13710 11780 13653 11177 6090 5923 15197
4785,2636 12612 1886 13995 12313 14164 11206 13000 12678 12311
4786,14130 14636 11366 12850 14497 12530 13885 14131 15069 5267
4787,9022 9021 14110 8211 11186 10604 6997 2341 12104 2031
4788,2655 2650 6487 2293 13930 6491 15192 6501 6480 6492
4789,12850 14923 14130 14480 14548 13896 13897 9658 13885 4430
4790,14130 12850 14923 14480 13885 14548 13896 13897 9658 14131
4791,14003 12545 13679 3265 7402 14737 11021 12194 11152 14845
4792,14589 13675 14456 13674 13748 7700 14748 5224 14581 15206
4793,1475 4509 11759 6220 12672 13522 13353 13048 5345 8892
4794,8324 5 6128 6003 0 725 8896 14676 9430 10077
4795,5525 6984 5524 5523 5527 5526 5064 14878 6252 10792
4796,12850 14923 14130 14480 14548 13896 13897 9658 13885 4430
4797,8581 1949 8580 5463 12318 14310 10554 4742 1332 12530
4798,12466 726 725 10448 11591 14636 3617 14352 9106 14433
4799,14591 820 10505 11405 12868 14636 11402 13286 7421 13306
4800,13017 13513 14579 14391 14052 4424 315 3990 4430 10171
4801,14821 14592 1605 14822 10115 10468 13947 11731 1597 1435
4802,8334 8832 1475 12672 8329 8328 8332 8331 5345 8330
4803,12850 13737 14923 14130 11384 14480 13681 14548 9658 14222
4804,6004 2468 4351 407 8305 5777 13513 10209 11114 12522
4805,8832 11880 12838 13326 11955 14079 8829 8827 7203 8334
4806,14593 12928 4444 11907 12927 14230 2978 3582 2970 2974
4807,14594 2847 14197 2844 2843 2851 2855 2853 2854 2857
4808,6105 14579 12030 6471 10820 4016 11365 15207 13513 6045
4809,13435 12359 3542 14003 2291 2294 7368 14738 11646 7954
4810,14591 726 11405 14636 12466 13286 12868 3617 11402 12530
4811,9106 726 14591 11405 14636 5108 12466 4662 9116 5107
4812,15020 14618 8873 4324 592 593 4321 611 5591 7494
4813,6654 14302 14301 14097 6663 12556 10392 14096 6660 6661
4814,9656 7689 9655 11087 13920 7956 3257 9602 3182 5664
4815,14595 14596 13680 14209 14561 14213 14458 4511 8456 11120
4816,8999 14851 13680 15228 14865 15060 14595 14839 3483 11820
4817,3719 13012 1489 13013 1485 1486 1483 11316 12719 10203
4818,2742 2822 13353 2614 13320 13319 13201 2743 2741 14405
4819,13327 13353 2742 2816 2741 14405 1165 2743 2744 0
4820,14598 4151 13417 4149 8770 9517 4150 4148 12142 14437
4821,8834 14327 14599 14324 3463 1534 2816 14457 6352 13701
4822,6488 8574 10171 5131 11148 9504 5133 1586 5150 5130
4823,14600 13920 13815 12964 10604 1996 8214 13810 3010 8960
4824,2291 2294 7341 12359 9051 14621 2289 11646 2290 5452
4825,11017 6147 13645 4504 6702 590 9688 9743 3809 10202
4826,14586 11444 11440 2031 1988 4509 47 13134 9052 13952
4827,14450 11389 11388 9150 7709 9825 13398 6665 11971 10402
4828,8815 14602 14601 9285 4418 2321 4471 7838 13546 2290
4829,14211 13736 14009 14574 13050 8020 9287 8008 8683 3107
4830,7158 8798 5415 6186 1496 12995 8241 15021 3719 15154
4831,14605 12784 14604 8370 10651 7324 100 108 2083 7116
4832,10252 14606 13898 10250 12864 266 14171 13280 10253 7180
4833,7352 7350 10609 10610 13385 8264 13386 12867 7351 7349
4834,5095 12387 2464 6297 14549 14573 13042 10348 2574 9921
4835,725 9399 2129 4192 7908 5 9342 8892 9350 11832
4836,3242 3240 705 8401 10781 5010 4568 12941 259 7620
4837,9910 14355 5398 2655 4589 9692 4582 13632 3494 1018
4838,2441 12762 8695 938 977 1538 14608 12760 9880 966
4839,10266 14610 7821 14513 13420 3387 12463 4728 8045 2341
4840,14611 10707 11807 10857 10753 8069 10855 12484 3413 10590
4841,14378 8059 1926 1923 10151 10125 9650 2426 14169 1924
4842,11621 14012 1268 7106 13762 13654 14890 14027 10870 6070
4843,7698 4994 5037 3355 6817 11738 10618 3905 340 5956
4844,5194 13233 12380 12006 12884 15102 11541 14325 5192 13539
4845,2464 11442 12515 8801 3558 8391 9315 10539 6882 10290
4846,9944 8037 12522 13205 2592 14614 14613 7586 3134 6481
4847,107 8074 5512 3306 12190 7357 9700 7821 14926 6691
4848,5261 12028 4439 3410 2726 2724 5911 7647 10560 6691
4849,6572 10040 6573 12884 13440 6338 15271 6990 15102 14882
4850,6339 15007 13603 14363 6338 658 6344 6337 14935 10554
4851,2178 10486 11980 11717 1944 14966 2171 11094 6863 9187
4852,145 1047 6575 6317 215 15241 2460 6579 2001 8403
4853,3228 379 11294 3229 3232 10780 909 13973 7774 3968
4854,7051 7052 7050 14618 489 7633 4441 794 3947 5508
4855,7803 6146 12081 7802 14890 7779 13256 6772 6392 1125
4856,14367 6128 9430 10077 8171 14676 157 2660 6003 8617
4857,6809 10814 602 7092 9756 10813 6323 1710 9663 10816
4858,8893 8892 8894 8889 12672 13353 3929 1475 0 13522
4859,2426 10145 2432 10151 8228 4668 7705 7704 8230 10146
4860,12785 12266 3972 14583 3583 5607 14544 15078 8636 14317
4861,3743 1518 12044 8515 11289 5887 12280 2916 2100 11148
4862,13264 15228 651 1415 14396 9779 6020 5594 4498 3528
4863,14618 15020 14550 14926 12421 4245 11820 10834 14621 2262
4864,14621 11213 14620 3956 15020 7341 11484 11483 7230 5001
4865,3968 2796 5215 6525 14622 4348 11165 5557 12602 2037
4866,13556 10911 14763 14410 14762 7014 13212 14764 5784 11273
4867,11265 13826 12484 13121 7433 1276 7848 12867 2287 7775
4868,12296 14623 12135 13759 5654 1602 1611 3410 4169 3089
4869,14624 12594 14232 5252 9813 11855 14233 12003 14231 3005
4870,364 2061 15020 11066 12568 11561 5751 12051 7236 9694
4871,12426 2822 14405 2816 11418 1535 13186 13346 13651 13188
4872,8644 9255 4861 4418 8815 13580 11293 14697 14417 6589
4873,13611 14076 13612 11687 13613 12266 13813 5224 14025 14077
4874,5338 5289 5291 8236 710 13601 11142 10184 8677 12753
4875,1365 14625 1364 4785 1359 1363 1361 1362 12214 1794
4876,12845 14591 12581 2956 12843 12844 820 11444 10974 13411
4877,8200 3916 3922 14549 14573 14695 6367 9741 3920 7506
4878,14627 14629 3787 14628 14630 6395 10321 12386 11614 15235
4879,5887 14632 8471 11946 10491 11552 9405 13596 15026 8281
4880,9706 14297 634 9701 9700 12663 6691 9169 5527 603
4881,1262 2451 7886 6096 13417 1548 1264 6559 1818 7882
4882,7580 7357 7821 6471 5489 5488 11021 5527 12591 5490
4883,5082 5078 10532 5031 8453 9990 9153 5076 3932 9045
4884,6118 1746 3980 7852 8397 6330 2256 13930 13385 13113
4885,5481 14635 7359 5469 7430 5476 4956 6094 3472 9370
4886,14636 7232 5740 6186 4496 15069 11692 14091 7830 7231
4887,11259 5986 10507 10633 13239 1040 9495 14637 9885 8837
4888,14572 14260 11306 14574 14238 4379 13558 7580 12392 8250
4889,8195 12501 3500 1905 8419 14591 1904 11148 3615 12506
4890,8063 587 2537 7493 4319 3192 324 2337 8067 2344
4891,14639 14839 2748 9097 9830 14686 14240 10348 2704 4416
4892,11082 4507 9209 8434 15111 4645 14187 4511 1258 8740
4893,14625 4131 1365 7579 2089 11621 14723 5762 1941 5062
4894,10242 2795 14966 14179 2797 1254 5555 4738 13817 4654
4895,6528 6187 9826 7405 6698 11344 10190 3231 7406 11476
4896,10345 3009 3005 10344 2603 717 13970 4899 5282 3007
4897,4907 1029 9912 12280 4326 1032 7388 1559 9043 1073
4898,2116 2943 7836 7708 14615 1047 7705 551 6317 4500
4899,15020 14621 14618 11213 11483 3214 3833 14620 8873 15154
4900,6054 8434 11082 14540 8431 8432 14352 10297 7822 10306
4901,365 1828 11569 9540 2875 1862 9832 3415 10824 12708
4902,14611 15055 12652 8898 7954 11704 12388 2020 1613 15236
4903,10126 4862 10017 7495 228 7494 14621 4509 3719 3811
4904,14636 12386 11366 692 12530 14130 15196 13058 12388 8250
4905,13162 7851 9128 6482 13691 8657 13069 8271 8751 7986
4906,11820 4419 3945 9890 4496 8567 2212 3479 6831 11072
4907,10573 10181 4801 7763 11836 7996 11720 2679 1254 11134
4908,13017 7850 13530 7660 13513 14891 8572 14396 13848 3719
4909,8167 2891 10857 11907 4444 10193 3667 3688 7078 4367
4910,3253 2938 10742 7622 12852 10389 10884 6688 8223 9884
4911,10883 10915 8724 2720 1018 549 10547 9902 6913 10212
4912,7397 8243 8047 10045 1812 6578 10665 11083 8548 5083
4913,8363 14071 11980 9026 10789 1134 5224 2797 9374 3780
4914,7691 5408 7398 13439 8285 11157 13728 6989 3796 10725
4915,11777 2374 1354 351 4141 2370 9663 1356 2371 1829
4916,14643 3259 13211 14642 14644 13739 9698 10163 13602 3214
4917,12484 8328 8329 8332 8341 5711 8331 8330 7526 8340
4918,3003 3107 12376 11104 7449 1145 11101 5686 10543 11351
4919,232 12168 9511 162 7697 5699 8390 9143 6912 666
4920,12295 6648 8450 6127 6592 4774 7335 5012 6046 11196
4921,1082 5570 5571 6754 14844 4840 7224 14021 10731 12473
4922,14638 8374 11315 14950 11956 9287 15176 8683 8679 10713
4923,10832 12094 9049 10472 6367 3209 260 2133 5699 1569
4924,5780 14645 1094 8979 8128 14835 4601 2394 1889 7105
4925,3719 586 13013 11316 11662 1485 13012 11035 2956 10203
4926,8979 14653 14649 3506 14651 6465 14648 14652 4952 14650
4927,4726 5004 7433 1115 10537 6262 11482 10009 6834 6998
4928,8964 8570 5498 11994 14934 10281 2187 1661 4286 3241
4929,10672 12103 13886 389 11836 4408 9060 12034 4332 9597
4930,14450 9373 3393 3392 335 3400 7234 3401 3394 555
4931,10348 1818 8836 10597 10599 5866 6477 6650 14222 7709
4932,544 3114 12086 578 5467 6367 5796 12868 6849 6072
4933,14540 14352 14654 14426 8434 14752 15175 5239 14862 15225
4934,13186 14655 14183 14335 13660 13188 13659 13539 11418 12426
4935,8979 1094 8128 5842 7105 2394 4601 1663 3881 1889
4936,2816 14139 2743 14457 2745 14405 404 11418 13353 12426
4937,13201 2822 13330 13202 1323 14457 1324 13651 12426 13346
4938,8906 2822 405 6417 13425 14405 13235 13346 13353 12426
4939,2741 4515 2744 6416 12425 13353 2742 11418 13327 1165
4940,360 2743 2742 13353 2822 1326 11110 5999 13651 12426
4941,5998 5999 13319 1529 13578 13186 12426 11112 11418 2614
4942,12426 5998 11418 13186 13188 13651 13271 13319 13187 13232
4943,1339 12426 11524 6417 1535 13322 13651 13452 13701 13320
4944,1323 405 14457 1324 2614 11418 12426 13186 13187 2816
4945,13439 13326 3464 2816 2614 11393 13320 13452 11392 13319
4946,2699 1752 7698 5417 3944 10596 4456 9885 4784 2681
4947,14315 14316 1632 4118 13904 3067 13310 8096 5436 8829
4948,1489 1497 10174 1493 14107 1481 12016 8802 1487 10550
4949,9242 12133 5498 1262 1979 7494 7495 14621 9245 13699
4950,11254 6716 6722 15031 2959 6712 12420 6754 11789 6724
4951,14043 3894 5559 12480 4719 14658 13020 13720 10596 603
4952,3369 1160 8852 7361 11551 9687 493 7365 8973 9501
4953,14660 9799 924 15242 4381 14609 10529 7367 9533 11621
4954,5766 9602 14175 13121 12867 3719 5762 6060 6667 4324
4955,10478 2162 7501 3574 4477 3101 1197 6919 3199 1202
4956,14507 14173 14284 14174 13312 8218 13986 7232 14141 6974
4957,8695 1538 977 14608 12762 15042 938 7039 1536 15021
4958,14661 3837 1243 8618 9090 1194 3701 8970 11608 11924
4959,14195 13409 7236 14180 14330 7249 11982 11076 12821 4728
4960,2807 5653 3171 13409 1028 5646 500 7670 5649 5277
4961,2078 2952 2249 3192 8196 3947 10700 9039 8063 5814
4962,14663 12593 9352 1742 11204 2094 8758 5808 11201 11097
4963,9793 14139 13260 13574 13539 13354 13271 2816 11418 12744
4964,10407 11425 6819 8085 12266 14034 13780 14664 13072 11472
4965,8363 10789 8759 10787 13877 5370 9026 5224 14071 3780
4966,14666 14667 13077 8133 394 8210 5259 1082 558 5970
4967,14618 4245 9590 12421 4850 8376 8195 9588 14584 8565
4968,12420 6589 2121 8176 1479 10528 10390 2959 11320 14668
4969,5452 2655 2296 14621 2293 2291 2294 12359 11646 11483
4970,8999 14851 8370 15228 3056 3053 2083 3058 14865 3052
4971,3605 11746 1484 8347 10235 2100 13898 1103 12864 4453
4972,487 1807 5577 5273 1806 367 12305 5397 5280 8775
4973,13722 4479 10166 347 4245 9049 502 10268 11065 6825
4974,3759 945 4305 1539 13721 14534 8898 3758 967 13720
4975,13651 13332 13539 13330 12426 1326 13334 2816 13960 13333
4976,11458 7633 11461 1989 2107 5508 10039 2936 3911 1782
4977,6497 12208 4971 11357 6531 4706 7172 13951 12207 5486
4978,10787 6911 1734 7345 8857 3638 5435 249 5084 7514
4979,14518 4994 496 3382 4319 10739 6882 10661 4325 7362
4980,10909 12387 11740 3955 1347 3224 5095 13197 14865 12753
4981,447 4737 14730 1453 10547 3510 10348 10597 7345 10472
4982,337 13631 9829 6068 273 7199 15192 6582 12305 7083
4983,134 6679 8815 150 123 1555 127 157 14602 14601
4984,3906 10321 12386 13588 14278 6836 13920 6800 11592 5785
4985,11777 10072 351 10071 10074 15281 7083 3001 2371 6742
4986,15245 15007 6579 216 8708 1078 6577 2562 3222 0
4987,14671 14672 14673 13488 13956 9172 13935 11577 14346 13884
4988,1773 1774 7217 1353 1704 5669 11949 11082 5876 14682
4989,8056 9976 8555 2710 13121 5794 9335 6754 2916 13744
4990,10488 230 10867 14130 14636 11366 8644 10328 12850 3859
4991,3831 3339 13920 3833 5214 4341 5212 10874 13256 3289
4992,6385 10983 13799 14626 9272 4130 12490 1365 3822 8612
4993,14142 14417 14490 14674 13699 14470 15261 15132 12621 14120
4994,15207 12574 14039 12518 3264 7367 275 12719 12134 8695
4995,7397 6642 11707 9186 10567 10452 9468 13055 7001 2769
4996,10305 12185 635 3226 8658 8431 5489 12004 7429 2773
4997,5846 1769 11120 10628 11027 11949 4336 1011 11026 8982
4998,13640 6244 6377 11704 13601 6161 11237 4674 6241 9149
4999,10532 3332 5610 3161 8754 3583 4894 12852 4348 4900
5000,3271 174 3272 11373 1290 3270 197 4100 8793 8502
5001,11589 7416 7415 11074 5790 6477 5145 2989 12518 3116
5002,10626 11808 1778 9851 6432 2372 5873 2371 2375 7404
5003,8680 5444 10808 5685 13236 12913 1705 8684 8150 14677
5004,10845 10844 12676 12677 13703 14679 8085 11636 14795 13589
5005,13444 1315 5867 12145 9643 9626 10367 9644 12375 12374
5006,14680 4848 14527 2750 3909 2313 5016 6800 10276 6698
5007,13684 14681 11368 11252 11251 11370 15217 2011 15219 15170
5008,5781 3889 12472 6540 14064 12223 9806 9826 11593 6171
5009,14145 10084 14179 13461 13410 3716 5524 13011 10694 13916
5010,13983 1315 14267 5844 4611 4621 4625 11536 4624 4619
5011,1451 5988 290 286 12868 4540 12867 8456 5990 4538
5012,14682 5857 1705 2875 1708 5854 12143 14267 1724 1717
5013,10929 89 11114 15271 9576 10331 11113 15224 6579 6573
5014,14684 14106 12582 12172 14683 12911 12978 13307 10809 3513
5015,5398 14258 5623 2102 14121 14842 2994 14934 11904 2096
5016,14579 13513 13017 14391 15189 14052 15228 13991 315 13757
5017,14685 941 9267 10821 13928 3114 1808 8921 1807 5663
5018,7121 7122 15069 7112 91 14100 7113 7116 4436 9119
5019,10950 10951 12218 10949 10937 10942 10955 5594 3069 10952
5020,6786 10798 2227 10934 708 3386 13276 2217 2212 5084
5021,1765 4511 7380 198 544 3553 6603 13606 8008 2655
5022,11047 13481 8471 5887 11946 10491 10839 11552 9405 13596
5023,5123 13716 13231 15235 286 13658 2562 11596 12327 5629
5024,9511 14687 15192 6582 10560 10834 14865 14171 2635 2634
5025,6836 12966 13920 3906 14718 8190 13884 11027 14865 5595
5026,10384 14688 8770 725 6581 10802 6924 14731 7653 14937
5027,8999 101 14690 14851 14547 3063 14898 103 11185 15184
5028,14574 14492 5788 5708 6489 9830 6502 6480 820 14452
5029,10596 165 6587 11962 12337 10516 11961 12276 9769 11810
5030,9244 14539 14694 14693 9486 7244 7229 9245 15048 7203
5031,2930 5612 14222 5950 1586 7775 11811 9695 4294 10296
5032,14695 10620 893 3117 8326 5465 9029 1604 8863 7487
5033,14697 14696 13256 389 9564 7014 14396 4672 14341 14847
5034,14698 273 13716 13743 260 11026 3950 15281 7083 7839
5035,1186 14699 15021 14584 15055 9510 10209 14615 6196 9278
5036,14700 12530 15289 9471 13227 14199 14198 6732 6301 11216
5037,6323 9756 10268 396 6320 7554 6809 14753 9628 9753
5038,3607 13699 11294 2514 2834 2338 8756 1093 11149 71
5039,2031 14100 106 2204 14702 1351 9052 14703 610 6509
5040,643 4111 500 10403 9657 1577 12546 5127 13905 14099
5041,8334 8329 8328 8332 8331 8330 12672 8340 272 1324
5042,15020 14618 8873 7494 11065 611 14621 8362 8871 11172
5043,14704 13430 7545 10906 14705 1332 13847 1885 1282 10369
5044,13838 14572 8250 14574 692 12386 14636 7580 11402 12392
5045,9845 12565 14708 9251 5095 7851 12387 8882 6297 14549
5046,13919 4881 14304 1078 4717 1670 14391 3264 13710 8734
5047,8576 14710 11865 8640 12620 11740 8944 7945 12784 15055
5048,14316 14222 11384 9113 13430 5623 13439 14176 9116 9106
5049,11148 14476 101 14493 8419 1696 8272 14547 14891 1078
5050,14636 12386 14591 692 11405 15196 11402 13058 12530 12388
5051,1627 1628 14591 11405 12868 15246 14636 3066 11216 3064
5052,12850 14923 14130 14480 14548 9658 13896 13897 13885 8200
5053,6202 14574 14542 11574 14497 14994 14819 10184 14046 1094
5054,14618 14865 8999 14163 14851 14391 13919 15228 14868 14869
5055,11111 13439 11110 3464 11108 13348 13326 9795 5193 6990
5056,12420 11593 3049 5082 6411 12030 2318 9181 6471 753
5057,11089 11204 7276 1243 11134 10573 5085 10786 10181 2149
5058,5459 5454 3457 9979 12864 10472 5455 9973 5794 9335
5059,11895 11894 8031 8730 11893 12387 7078 8405 9198 9536
5060,14310 14295 5721 2320 15192 14298 12387 6582 502 8581
5061,13919 58 11737 14605 103 3005 15154 9357 9026 14323
5062,11473 14583 113 10664 2360 14584 1345 14669 9367 11458
5063,11924 5743 5013 10100 3266 6870 1516 3218 9250 3515
5064,14587 12480 1134 11425 13367 1883 9004 6568 11980 5329
5065,10102 10625 10200 14740 14227 3197 3605 6274 14564 10201
5066,6527 3216 8963 1103 3544 3215 3837 7398 8618 3748
5067,14378 5917 10125 5904 6855 10294 11333 12086 7996 8988
5068,14319 8760 11027 4336 11026 1904 8328 8604 14704 13578
5069,3753 14028 8400 9830 11144 11129 9324 9323 14839 13654
5070,7960 7961 3197 6400 10231 10233 2607 5636 10334 2416
5071,12089 12200 6331 12090 6327 11621 11841 9445 4652 7782
5072,14715 13690 9557 13686 13687 13689 13688 3429 13691 7259
5073,2096 7857 11137 2830 14440 1243 3863 5636 11131 7851
5074,11065 6911 3942 11466 4075 5990 3638 11064 13563 9504
5075,10612 15285 297 15204 9405 11900 10267 11478 3114 14197
5076,15118 12668 7914 10308 14108 2415 11149 14359 11934 6072
5077,2428 9298 486 8656 2426 14541 11619 2416 2727 9301
5078,7396 12426 7395 13326 11418 4346 13322 2820 13188 13651
5079,14141 6505 6493 14717 14716 13178 13195 6495 9661 6679
5080,14718 8780 1670 14997 5225 14036 4881 14493 13919 1078
5081,6754 7347 13485 13256 10346 2811 2813 8780 13612 3073
5082,9660 2800 8085 14413 14549 3717 10080 12266 10678 14684
5083,12386 1058 15196 692 13058 12388 14636 1032 14243 14239
5084,12673 12293 12675 15000 12292 12289 15253 12290 13381 12291
5085,4210 3542 14591 14003 8303 487 2462 820 7368 14738
5086,13947 4671 14719 14720 1345 4672 7967 10468 7170 14310
5087,10254 12683 13239 11988 10253 15140 265 14039 266 9387
5088,8167 11907 4444 10461 12934 12282 7784 12874 12735 12876
5089,12858 1178 14167 13616 10982 9661 9830 1558 6812 9324
5090,2050 13778 13777 14109 13678 7804 10869 2728 13548 13547
5091,14722 7853 7854 3863 7855 7857 7851 14119 5009 13457
5092,14723 7712 7713 14724 12545 13839 10229 14737 2726 2724
5093,14725 10027 13239 7107 12846 6090 15140 14365 11491 2430
5094,9436 14726 7085 13457 14640 13459 2468 4785 13543 13544
5095,14728 12650 13769 14727 2992 6397 6395 7471 13934 2434
5096,14598 1178 12466 6297 14397 12194 15222 11050 4151 4124
5097,14410 13101 12961 15106 12632 14445 15155 13556 8960 3989
5098,14173 3387 14507 14174 8218 13986 7695 10184 10125 9867
5099,14173 14174 14507 8218 13986 409 7522 9843 13760 6974
5100,13239 13950 7107 13217 10468 10027 14725 13947 9827 2430
5101,12518 13254 8264 13252 13253 14977 6479 13251 4551 9395
5102,691 15192 8716 6582 10560 9264 9511 2151 2152 8644
5103,12682 6748 12981 11082 4658 4645 12055 6799 14923 4661
5104,2436 2434 3798 13769 10145 9116 13768 2430 532 3799
5105,11346 7404 4415 11350 11349 1780 3001 6573 5450 6551
5106,7801 13710 9857 11620 14161 14119 14177 11619 12476 11615
5107,12854 9024 13081 13939 4813 13133 10491 12493 8362 8567
5108,1120 8055 1121 12948 5249 8021 1119 12588 3535 1122
5109,14730 4737 14167 9555 12858 13616 7670 3894 12528 12527
5110,12037 7302 337 12305 2406 12141 13881 13726 6196 6778
5111,6800 5759 9126 10714 4709 14732 13962 10321 3423 12386
5112,13116 13719 4379 11312 13718 5489 12482 4445 11020 12520
5113,1863 3077 4625 3076 3078 6703 3079 11056 1316 3107
5114,12219 13705 12218 5594 15204 11885 12221 6937 14097 282
5115,14169 12926 13777 12827 13280 4707 13279 5124 13778 1126
5116,12927 12928 11907 4444 6800 10714 13962 5716 8649 5759
5117,3977 13571 7046 10744 11779 356 4391 4509 9483 11938
5118,6356 1321 2998 6807 2996 2997 9634 6395 9641 9191
5119,3753 12981 12804 14028 12682 13950 8400 9830 7568 231
5120,14735 10286 1563 6598 15137 9510 14532 15116 2526 2387
5121,3667 7078 2891 7065 11346 9536 9535 7075 4367 15041
5122,4691 8982 9850 1000 10748 9194 10461 10749 12739 7818
5123,9236 11778 1356 3416 1355 1829 4141 9237 2999 10366
5124,5193 13351 13439 2950 2947 11899 3464 2816 13855 13326
5125,14736 11598 12332 2622 14591 15236 15027 6324 6447 6320
5126,10501 3942 3847 10156 4275 12424 13119 9504 1467 2285
5127,9658 8401 585 14865 11473 9326 10308 12403 1078 7232
5128,9194 12210 12209 12735 12734 2874 9752 12739 2871 6847
5129,2370 9663 2374 9640 10366 10365 4141 9634 7092 2371
5130,2371 2374 4142 2375 12282 2370 9191 1356 1780 9666
5131,1012 9640 4367 999 1000 9634 9642 6810 6811 12074
5132,12282 2371 11777 11949 9851 7057 1357 4142 2374 4413
5133,11949 4687 14270 14758 4607 9756 1011 4132 6323 4615
5134,3435 14739 4881 12868 13919 8343 6772 1078 12470 5758
5135,11382 14105 3844 3843 3709 10628 2876 12663 1826 10556
5136,6555 6806 5447 2871 9752 10199 10988 7427 4603 13185
5137,7179 13560 10416 8188 10276 14923 10472 10489 14561 13083
5138,6668 2281 14096 14302 14097 6062 4327 13849 10394 14301
5139,14405 2816 13439 1166 404 11121 14457 11112 1532 13651
5140,1145 4596 1136 7215 1146 5841 1725 1156 10824 5844
5141,14099 10403 14292 14291 8395 6665 4276 6661 14289 6656
5142,12078 12079 12663 4737 14730 2871 402 12661 12076 12073
5143,6244 7232 14141 11780 9682 8979 1094 6476 4674 12468
5144,725 13119 3993 10108 12784 7432 13121 7433 14742 2562
5145,12484 14284 2821 12483 7232 14141 7526 14507 6658 2286
5146,14744 2086 6568 2089 2088 12678 2091 2090 2093 3562
5147,5845 7215 10824 7057 14218 2869 1771 10628 6804 9191
5148,4039 2880 14745 4037 12327 6319 14267 13142 10856 13163
5149,14749 14748 14746 5871 12807 14747 14750 12942 10570 5668
5150,13426 4036 4035 673 10817 13982 15189 6447 3082 10071
5151,4111 9658 643 4099 12484 9657 4112 5796 10770 4100
5152,101 14898 103 14547 13952 11444 2142 11148 4436 14876
5153,7817 14751 7449 9625 9851 4407 12376 1011 1862 10246
5154,11724 4403 6579 7092 7404 4602 11346 4394 8850 4687
5155,6090 7849 11781 14365 14147 13710 11245 10184 12846 7848
5156,12545 14173 14174 8218 14737 10316 14507 3264 12194 13760
5157,2903 2730 2896 2905 2906 2899 2895 2898 3091 2900
5158,5467 5468 544 2927 6367 7913 600 2581 4842 5463
5159,4141 1354 1356 4138 1003 8167 4687 1829 11624 10366
5160,14352 14540 14752 14426 14654 8434 13176 15175 5239 2840
5161,12520 12300 1933 13778 13278 13403 2842 13279 12892 13116
5162,14753 7014 4037 1138 12657 4062 7067 1719 6361 670
5163,14527 13121 275 7715 14754 3861 1181 7713 5614 7660
5164,4687 8167 4132 11724 4688 4444 11907 9756 2996 14758
5165,6510 4851 7936 5259 4852 658 4358 7947 15100 15192
5166,11712 11665 14281 8581 637 13419 7978 14891 15197 8409
5167,14167 13617 12520 12858 13616 13641 10253 13654 12282 13848
5168,14352 14540 14752 14426 15175 14654 5239 5189 8434 7430
5169,1002 15115 8932 999 11204 3083 1001 6579 8167 10999
5170,12764 67 6863 14554 12691 14493 12150 3796 11646 3990
5171,10035 8025 1078 8008 11855 1124 5244 4071 13263 3428
5172,14755 14707 14756 15224 15223 13350 11108 14811 5935 360
5173,5671 5669 9665 4142 4693 1914 9663 6320 2622 10366
5174,13881 11660 2925 10914 7885 7884 7603 9516 11661 2406
5175,9952 9950 9951 1344 9949 8382 13833 13834 12335 9948
5176,2858 12379 5954 8509 9438 7410 7299 9440 5322 11117
5177,6589 7532 12955 12951 3590 12957 12420 12463 8644 12956
5178,11589 1547 8432 7429 6472 1514 10308 10297 10306 3120
5179,1121 1119 8016 1120 8008 3428 11592 9394 14266 8021
5180,8526 1323 11112 14457 4515 14405 5193 1324 12501 1532
5181,12985 13667 5975 7779 14185 8674 10971 14568 12493 13719
5182,6748 12682 12701 12681 12679 12704 15267 12981 12702 13280
5183,14270 14758 4607 14759 12658 4613 14761 4614 9758 9753
5184,9659 14352 14185 14189 14188 14186 14191 14394 14190 14184
5185,2622 11107 2618 1829 10366 2886 2620 4141 9663 10365
5186,7014 14762 14763 13556 14764 10911 11273 9307 7015 13212
5187,12895 1356 4142 6360 6931 1829 10366 10365 674 4511
5188,14579 14391 315 13513 14052 5219 11834 1446 7398 307
5189,2088 9075 12544 4755 5254 3562 2746 7748 13814 14023
5190,11687 14664 12328 12266 14025 3013 11247 5563 7248 4664
5191,8780 6940 1630 6722 5259 8396 13612 1631 7347 5970
5192,13995 12311 11980 2088 2636 14255 12313 12315 5559 9025
5193,14767 14768 12317 14766 12318 9891 13364 6063 8851 10529
5194,14769 14770 10085 8218 6579 14066 5758 2813 4738 4654
5195,9364 3073 3578 3994 14665 11685 14773 11949 12179 14772
5196,13003 12614 4713 11767 6925 8674 3849 13351 9081 2768
5197,14774 14147 5699 8497 15134 1515 12165 3257 4482 12720
5198,11943 6274 13032 6289 9445 8003 3523 13714 1633 11793
5199,337 273 13714 15192 9170 6582 10560 6274 12305 11424
5200,7248 14617 11429 14664 14222 11687 12266 5436 14025 12327
5201,13806 9575 4715 11095 9572 12614 12617 2018 8252 8902
5202,351 13019 4654 14775 13720 11281 8218 14769 6139 14636
5203,9077 8487 12183 12695 9076 8486 1536 12266 2801 14784
5204,11040 13402 11042 12187 13720 6568 6139 13019 6136 11004
5205,6672 14776 13816 10681 10682 10683 3660 6675 10686 10689
5206,2665 4058 4056 12183 13306 12949 9021 4057 2663 15000
5207,11980 2797 9374 1884 2796 12315 1134 13400 12003 14071
5208,1997 12092 13818 11095 14966 15110 11191 13451 14777 2662
5209,13780 14780 5328 2094 14370 2088 5326 8096 8094 13995
5210,8814 7565 1130 12003 8813 2665 11980 14232 8960 2797
5211,11365 5324 6824 1957 6105 9101 11188 13527 14359 2593
5212,8096 5254 1298 2088 13563 2801 12678 9075 8094 12544
5213,13461 14587 4715 14779 10978 13720 4584 9573 13064 14935
5214,14019 5556 4657 9112 4719 14658 13927 9106 14043 10604
5215,11427 8096 14891 13 14684 0 5071 13307 11268 15
5216,14454 1883 8631 2088 4349 8626 8632 14684 9026 13320
5217,13461 9573 8903 11204 2094 8758 6588 13563 8812 9078
5218,14066 14769 14781 13240 13720 6588 13563 13019 14233 13031
5219,14780 6139 13780 13114 4713 6136 2094 13563 13720 13019
5220,1884 13432 13433 14809 12997 13532 1885 15165 11980 8323
5221,14782 2795 5564 14966 5566 15000 2797 6793 13817 1254
5222,14453 1324 12313 9001 5254 7393 13011 2801 5334 1743
5223,13009 1883 9026 9015 5224 10917 8363 13813 14076 9025
5224,14784 9077 13720 14788 9076 1536 14035 7443 13915 13914
5225,9083 15000 912 5566 14260 3942 10646 15248 14830 15173
5226,3330 14785 13806 10976 1884 12997 8085 14392 11980 14377
5227,12997 13433 14809 13432 8085 1884 13246 13532 15165 13247
5228,14026 8095 5326 13307 5328 8096 8094 8098 14684 5327
5229,13567 2830 4673 7857 12269 13615 8237 7642 2829 7942
5230,14373 2088 5258 8567 10081 4738 8901 4572 10973 8570
5231,1082 14787 8389 186 5570 3368 5413 2510 12481 8210
5232,10874 3831 4719 13256 3833 14396 10696 14636 10873 8523
5233,293 3005 13954 14097 11254 5253 286 953 3744 934
5234,12968 12969 12970 1129 12971 8629 11038 14453 8964 12967
5235,13720 14788 14784 14035 8617 7443 8594 12601 12316 10824
5236,13974 14591 820 10872 10874 8295 10505 12331 10873 9946
5237,14377 14783 13900 1475 8414 8416 14392 8419 6567 1541
5238,14789 13399 12998 8085 3896 12697 13819 15192 14155 5571
5239,5326 5327 5328 8631 7562 14026 1882 8095 3482 14454
5240,13720 6139 13019 5559 14790 14781 6102 12963 3561 1544
5241,13612 8780 8488 7347 6722 9075 13611 6588 6278 11789
5242,12274 4643 14043 15000 2805 4648 4646 4647 11980 13020
5243,9576 11191 8085 6579 12999 13820 11095 5792 12677 5436
5244,4594 11209 11687 11621 12678 4652 12625 15000 9111 12624
5245,13780 14780 2094 2593 11096 4719 13531 5330 10873 14034
5246,14618 1351 9052 2031 740 636 14702 13454 13136 106
5247,8759 9708 13781 14476 8100 14798 9609 12431 12614 13916
5248,6139 9772 13529 4713 13240 9353 6136 14780 13563 8899
5249,14794 7014 1634 10605 8295 6464 232 14113 8441 14506
5250,5377 13099 4332 13101 615 623 604 614 7544 617
5251,14066 14781 12480 14233 8093 11207 11203 12182 12647 13996
5252,3480 2088 14369 14222 8646 14373 13995 10081 8901 10973
5253,13995 2636 11206 2989 8326 8544 11204 2094 8758 5331
5254,6985 6115 14128 13431 5374 10613 7354 13754 12269 14444
5255,12614 7443 8101 8759 1074 14797 13720 14798 2089 12431
5256,11202 12601 11204 2094 13720 8960 8758 11095 8812 14788
5257,8545 10884 12316 13720 12313 14788 8508 1343 4349 8097
5258,12182 12274 13608 15000 8757 5397 14066 12825 4349 12861
5259,12648 10696 13946 12310 15000 14234 10874 12646 13473 10057
5260,6788 6 0 8420 18 6210 11373 2289 7580 11652
5261,13974 12006 8349 5579 10872 10203 4974 14066 11959 972
5262,9896 14398 14399 691 2294 10057 8102 14417 8695 4834
5263,8626 4644 8634 8632 4642 4647 8633 8625 4643 14923
5264,8759 14798 12431 12614 13916 6136 11211 12069 11543 12066
5265,6101 15000 6100 14066 7556 7555 13473 14233 13257 14781
5266,2612 8632 2613 2610 2666 4059 8626 13451 8628 15110
5267,2816 13439 14405 1166 404 14457 13651 13326 13322 3464
5268,2614 5999 13320 13319 11112 1529 12114 13578 5998 13186
5269,1323 14457 2614 1324 2816 13320 12114 12501 13319 8526
5270,2743 13327 12747 4515 405 13333 2744 13353 13352 2742
5271,11112 405 13708 5998 13319 1324 13539 13187 6416 13439
5272,13650 14457 13628 12747 2817 8727 2816 10730 13323 5998
5273,13323 1325 1165 14405 1535 2744 4330 11418 2816 13346
5274,11403 405 11402 14383 13187 13539 12275 1168 11404 1323
5275,14800 7249 2614 15271 13578 6415 11110 12269 6573 8808
5276,13186 1475 405 13439 8892 1166 2816 13353 14183 14325
5277,2816 14457 2817 8727 1165 13439 1166 13524 13522 2742
5278,12426 11052 405 2816 1525 14405 13651 11418 13332 1323
5279,11112 6989 14183 13439 13352 11749 1324 13009 13855 6573
5280,11112 13201 405 1324 13539 1168 13200 11418 13187 13439
5281,2741 2743 13353 1165 2742 6416 2816 13327 12425 14405
5282,12500 12426 13518 13232 11418 2742 2816 1535 14405 13186
5283,13352 14405 11900 2614 13960 3465 2816 13452 2742 13651
5284,13346 13323 13347 12426 8906 11418 2816 2741 14405 6001
5285,13730 14802 14124 6350 8831 13245 13357 13128 9115 13326
5286,2816 14405 13327 2742 13439 1166 14457 13353 404 12426
5287,13353 2742 14405 11112 1532 2741 1324 13322 13327 13320
5288,13316 13315 12905 7917 8362 13409 13009 13010 15031 2959
5289,12742 13661 10321 12386 12744 13539 3906 2816 13651 13186
5290,13659 15031 13235 13327 10160 13325 11046 2742 13353 11868
5291,405 14405 1165 2742 11112 2816 13353 14457 1532 12426
5292,2816 1166 404 403 1165 12426 13322 14405 14183 13651
5293,13353 2742 14405 11112 1532 2741 1324 13322 13327 13320
5294,14405 13353 2742 2743 12426 13187 1165 2816 2741 11418
5295,8730 14405 5998 404 14457 2816 13319 7203 13651 12426
5296,6416 2741 1165 13353 4515 2742 13322 2744 10525 6417
5297,11111 12070 14803 14408 6990 4329 4784 4791 9787 9785
5298,6416 2741 5998 13319 13353 13320 10525 13322 6417 2742
5299,2816 12426 14405 13188 14457 1166 13439 13651 404 13186
5300,14804 13727 8828 2288 8829 5459 8827 11982 11752 15096
5301,1475 13353 6417 4516 12672 5193 14325 13522 8892 13248
5302,2835 12425 9784 13336 1078 9785 14179 14405 13439 14183
5303,8362 13315 13316 12854 14195 14805 13409 11231 14180 13009
5304,11112 2741 1475 13353 14806 6416 13574 2742 12425 14405
5305,2741 12425 6416 13353 2744 2742 11418 13322 14405 1165
5306,12425 2741 2744 13353 2742 6416 11418 13327 14308 13201
5307,2741 12426 11418 6417 12425 6416 13322 13353 13651 7396
5308,1168 13562 405 1323 1324 13346 12744 13186 12006 13670
5309,13188 12426 8828 13186 11418 8827 13344 13651 13187 13539
5310,8362 13316 13315 12905 13009 13409 13010 14180 14196 12906
5311,2741 6352 13701 12425 6416 11418 2744 11110 13353 12006
5312,7045 10062 8057 12748 11041 11218 4837 3878 6800 8362
5313,4840 14808 2813 2811 536 6754 4837 6820 7224 8713
5314,536 14808 532 6820 530 535 534 4837 538 533
5315,12885 12431 11355 1415 6123 11353 10589 11354 5717 982
5316,14045 6789 10259 14527 6579 8420 2834 9770 15221 5524
5317,7208 7203 13593 6319 13058 11270 7205 6585 7209 7204
5318,536 6820 532 14808 538 530 535 531 534 525
5319,10127 5998 14195 14323 13409 14196 10596 11555 14194 6722
5320,297 9773 10432 5744 12822 10267 11069 11065 11953 6911
5321,12516 8479 10566 49 5750 9024 5752 9773 13753 12918
5322,14196 13316 13409 12905 14195 13009 13010 8362 14180 12906
5323,14590 8110 3551 8108 2614 13409 8109 13320 12114 6754
5324,14195 13409 14180 12821 13316 8362 13009 14196 13010 14330
5325,5036 3208 12086 4251 11982 5037 11076 5024 2253 3771
5326,1622 5752 3044 1621 9694 9467 11563 4379 56 1752
5327,11790 14322 10191 10180 12961 9667 15241 10064 7671 6880
5328,6129 12823 8171 8175 5224 15036 9533 8173 3450 10059
5329,5615 2930 11871 10943 7199 11685 7684 14127 2266 8041
5330,14180 14195 13316 13409 5998 13009 12821 13010 14323 2816
5331,13308 8111 13989 13747 13728 10898 4381 12272 13187 15140
5332,2820 12426 5999 2823 2816 2742 13186 13187 13188 12747
5333,1575 1093 985 3607 2350 1428 596 2353 9271 7191
5334,14813 13121 5208 7313 7311 7307 14814 5214 7309 7846
5335,13589 14815 935 14818 1095 14816 2757 6280 12358 1414
5336,7231 7232 8082 1816 10864 3102 7931 1820 10250 1400
5337,14819 6202 14574 10494 14542 1935 14994 14497 9602 1923
5338,12785 13780 14780 14317 14034 2094 12266 14468 13382 2593
5339,11862 11132 7518 6838 12858 7996 8518 7809 5889 12212
5340,6264 12753 12387 3989 14197 1675 13570 150 5476 7311
5341,8440 3245 4860 12150 3882 706 4079 7341 7860 14253
5342,14865 14798 14307 14869 725 14868 15206 14100 14554 2204
5343,6210 3891 15228 127 7233 5990 9944 11114 10929 6675
5344,8576 7945 14396 14710 14709 11865 8640 6663 7944 8944
5345,14820 8186 9287 5947 3005 2080 14383 8683 2853 12467
5346,5088 2479 625 12017 178 10806 8522 6639 1835 2526
5347,13654 8688 9506 7606 7605 5677 14028 262 1558 13798
5348,5401 6391 10781 3387 10184 6202 14497 9867 14574 7869
5349,1401 2807 12717 15245 89 9367 6053 9247 3556 1028
5350,14147 6090 7849 12085 11855 8497 3004 12233 10184 10834
5351,8504 9582 5989 8195 3906 2950 2548 1374 14056 14082
5352,14200 14591 11405 12868 14636 11402 13286 14342 13306 14224
5353,14821 1605 14592 10468 14822 10115 13947 13652 1597 3885
5354,13766 7250 383 7202 13161 6465 8573 14115 10982 8362
5355,13807 6399 12387 15055 5095 14161 9263 5663 12388 12753
5356,11143 11780 11260 11141 13597 9682 9805 2174 10506 5351
5357,13616 1558 12850 9324 9323 12858 14167 9830 14923 14130
5358,8873 13940 14997 14826 14824 8871 14578 7199 13587 14825
5359,14012 2724 6498 11728 2729 6785 11729 11621 3091 6538
5360,14145 14636 12386 14591 11405 692 15196 11402 13058 10084
5361,13277 11799 8541 5689 11797 11801 5662 4401 8536 1725
5362,1778 1321 1319 4415 4060 1780 9191 2375 6362 2371
5363,6614 14028 8400 6227 13654 9830 1558 13278 9323 9324
5364,12966 9044 6021 7966 10076 8009 6075 5596 13919 11955
5365,5758 11384 14222 5757 13439 15129 14316 3068 5759 12064
5366,9850 2996 3072 14218 12218 2622 6807 5594 13443 12219
5367,11218 3017 3665 11471 10468 12518 4640 13947 3782 6537
5368,13547 11764 11765 2413 13548 5862 11763 1030 1283 9941
5369,13806 13804 4131 7579 2089 1178 816 12466 6297 3333
5370,14674 7719 14417 9143 14142 14490 6766 15261 14120 7779
5371,3271 174 3272 11373 1290 3270 197 4100 8793 8502
5372,11315 14638 13559 8374 6186 11309 11692 14091 11308 14887
5373,11692 14090 12693 14091 5967 11693 9998 6186 12694 8886
5374,14813 14814 13121 9829 7199 7846 11116 11114 2851 13631
5375,451 1948 4522 14434 4525 3152 1880 3137 13082 5777
5376,4652 12625 11209 12624 9111 15000 9110 7735 11858 7738
5377,14829 15192 6582 10560 3864 9511 5259 2635 691 15188
5378,6589 14062 13718 8675 14450 13123 12889 7018 2633 6774
5379,13144 14832 14831 9545 3868 4905 4638 14348 15208 3320
5380,6589 1479 1267 11077 9696 8978 12466 11359 10535 9331
5381,5514 14224 13431 8696 14591 8695 15163 11405 5516 5515
5382,14834 14833 14142 13195 14579 11400 9433 5965 14391 14835
5383,13919 58 11737 14605 103 3005 15154 9357 9026 14323
5384,8562 9779 14591 726 12466 3755 820 3754 8561 8241
5385,15020 14618 8873 7494 11065 611 14621 8362 8871 11172
5386,14522 577 14095 4956 13767 13362 2916 9620 10023 1376
5387,3226 8658 11760 11704 4417 12563 12004 5954 7299 596
5388,14052 174 9170 11424 10648 10505 8260 3837 11373 12995
5389,12387 3955 11310 14904 5095 8372 10414 14865 4379 10276
5390,1559 14101 14836 12700 12707 7200 12701 12703 9972 13176
5391,14838 12864 3457 10472 9973 13139 14274 12528 11911 5778
5392,13937 15069 8740 10181 10328 10203 12884 9787 10040 9335
5393,14171 12520 10253 9387 12282 14039 13175 14687 267 12518
5394,14839 9830 14686 14841 14639 3753 9324 9323 14028 1558
5395,14542 6202 14574 4129 14994 4126 14497 14819 9332 14865
5396,13547 11764 13548 7804 11765 11763 11021 5737 14090 13549
5397,14843 106 12591 14404 13124 2204 8780 14100 10049 2020
5398,14844 10731 14021 5570 13039 6721 6722 13224 14195 1082
5399,6417 13701 5999 13320 13322 4516 6416 13353 13319 10525
5400,2391 4463 13697 11148 680 351 15189 691 2395 10613
5401,11365 6105 8891 15207 6004 14844 13008 2593 11188 10916
5402,13494 13506 13507 13491 13495 13499 13510 13505 13497 13496
5403,12545 14737 12194 14845 3265 11303 3813 10216 3263 13679
5404,13403 6435 5249 3428 6531 12893 14176 1523 12892 13778
5405,2116 9050 8954 7763 3831 2241 1881 3180 8794 11167
5406,12734 13897 13896 1916 1858 1859 7546 9194 10461 12551
5407,12387 3955 5095 14865 131 12753 10596 14359 14869 3149
5408,11977 12447 4553 730 10728 12341 4511 198 8397 544
5409,14848 14706 14960 14591 13521 11405 14705 14975 12868 13520
5410,14849 15189 771 7203 14524 0 12995 15205 8370 2161
5411,14851 9510 14555 8497 14850 15079 15288 11820 10209 15184
5412,14734 14738 12800 12137 8325 2410 3542 6663 2426 15205
5413,14853 9021 9023 645 8829 6997 2341 8506 2031 5298
5414,14329 15078 6270 14854 13409 14525 13018 13132 8218 5758
5415,3709 14070 10786 9053 8999 14851 1243 15228 2149 14865
5416,1766 6222 5887 5836 5729 6338 8693 6339 5731 767
5417,14855 15139 4928 15142 15143 9142 15141 12469 6816 11740
5418,6301 3619 4898 7320 5393 3316 5209 14934 4878 4580
5419,6483 1222 11408 13905 14507 1220 11005 602 7779 1224
5420,1916 8541 9192 11346 4138 9191 8536 4687 8008 5876
5421,12805 8689 14857 14586 10440 12429 39 6115 6904 8462
5422,14734 8958 7477 12476 5976 7480 3171 11456 11043 6663
5423,3696 7361 5054 8656 3139 4209 4206 10572 11216 8651
5424,11799 5689 13277 8541 11797 11801 14591 5662 11598 6320
5425,10701 3887 12864 602 9973 13887 1807 10711 5102 6783
5426,7875 14508 14860 11306 14573 14859 14861 13596 13598 14222
5427,13627 5369 8860 14168 11737 14466 14465 3884 9026 14323
5428,14864 7203 6319 7208 7209 14863 4837 10101 11111 9687
5429,2681 13276 13677 2685 2703 2678 2687 11149 1761 389
5430,14391 5335 3020 15128 14396 13919 8427 11087 8695 13256
5431,14865 14869 14554 14868 14558 14870 14866 93 12436 12434
5432,14872 14871 13675 15246 12509 12671 3064 13521 5345 4434
5433,3093 6306 10804 8560 840 14428 14096 11151 3233 6308
5434,1078 4881 2835 13919 13949 10468 13263 1670 4071 13947
5435,14621 7336 10596 7164 11213 9511 14276 8390 14620 7161
5436,14100 3055 7121 13016 14307 11314 14876 4436 9119 14558
5437,14733 11124 14240 11125 8871 6197 12103 14361 5759 9116
5438,10884 9429 1345 2304 13513 9081 13338 15012 2328 425
5439,11843 6211 9097 3188 12438 579 13143 11905 10472 7397
5440,14188 14185 14189 14186 14191 14190 14184 14187 9659 6943
5441,8770 12142 11887 14437 14040 11984 4151 8771 9714 5136
5442,5437 7313 7311 7307 7305 10171 1816 7309 5663 7181
5443,13635 8808 5190 14183 408 15210 4514 5192 13441 6571
5444,8110 13908 12818 14590 12821 12856 3551 3892 1342 6942
5445,14878 9050 13825 3123 2225 2116 10268 1514 1881 1093
5446,6754 13256 5664 11685 10338 922 8056 6663 9656 6359
5447,14844 1475 12672 13522 13353 5345 8892 8334 0 4591
5448,9197 13161 11734 9947 8573 9204 9207 9209 2197 12280
5449,6663 10329 14734 5664 2186 5021 6654 6661 13849 15281
5450,11456 14258 14167 5398 11455 14121 7695 5623 2634 2102
5451,10532 11645 6968 6688 3516 7726 2509 2548 15084 56
5452,13269 13910 1534 5999 12719 11111 8808 12720 9795 8834
5453,2137 8240 7524 2121 12194 391 9581 2954 12359 9147
5454,13942 10229 13794 14723 13941 13980 13978 3265 7712 5426
5455,10824 6337 14880 8534 14348 8361 9597 6338 6384 8362
5456,12784 7122 8802 108 7116 14605 111 8370 7112 91
5457,7224 2811 2813 7748 12111 6754 12748 11529 12126 12114
5458,1310 1311 14845 12545 14737 3813 2829 3263 12194 3265
5459,506 9591 1161 7776 13454 13606 1943 7152 14428 3233
5460,13716 13879 7264 9895 13770 14752 14636 11707 12089 12530
5461,7457 8063 13563 8064 14136 6177 8067 9078 14636 13670
5462,9751 10072 11949 3442 10071 1011 10074 4687 8645 4138
5463,13843 4709 13029 7744 5354 1521 5356 6800 6125 8235
5464,1124 12263 13404 284 6502 11772 12948 7261 8025 10535
5465,15228 15244 14555 7124 15079 3921 14427 14166 13912 9204
5466,6338 13440 6572 14882 13166 6355 13693 14883 14881 9361
5467,12493 6622 13892 14926 7846 1664 10413 13440 6338 3702
5468,1310 1311 13217 14886 12351 14845 14966 8144 7054 2829
5469,14887 6186 11315 11692 14091 8679 14638 12850 5967 10713
5470,8581 14891 3906 14080 9056 8588 0 8260 12440 14914
5471,10911 6260 4229 7398 13556 7021 11150 3544 253 5784
5472,1618 1617 14939 235 234 1619 12178 12766 7494 5398
5473,10679 8454 14740 1841 8401 12509 8456 1528 3017 9656
5474,10824 14889 11402 14591 11405 14208 13716 11403 12868 3617
5475,14063 7717 10174 6374 5974 9273 10371 1565 10372 10373
5476,13950 231 7940 6170 3753 6800 5157 12804 12981 13217
5477,14890 1268 6070 7106 7261 5249 6531 3859 14588 8355
5478,14891 8581 8588 14396 13848 8260 15022 10666 11665 9056
5479,5193 3046 8826 4515 13439 6417 8827 2744 13651 4516
5480,7940 9957 11227 12229 10350 1178 14146 4070 12466 6297
5481,7397 7915 10308 10472 6367 3209 6642 182 5737 11843
5482,4153 14839 9830 14686 14639 13388 12931 14841 9119 11314
5483,6055 2782 5777 13161 8573 5769 3341 8799 7565 8936
5484,2277 5896 5895 4964 4752 2276 7583 10950 10954 9517
5485,5377 626 4332 7544 9365 7698 1178 11148 6509 1586
5486,14893 4961 10468 8241 4956 13947 4960 3885 13948 11217
5487,2415 1345 8028 10672 5792 2468 8008 109 4351 2426
5488,14914 14689 9787 9056 2341 14427 3181 15064 609 10893
5489,4656 4657 10456 9770 11427 14045 11042 10230 4664 10604
5490,5261 6766 14894 10522 14718 15073 3017 7719 7953 11692
5491,8081 1841 13601 1847 1842 8082 1849 8076 3745 7170
5492,9323 1558 9324 9973 12858 9830 9387 13239 13654 262
5493,10754 12656 10628 10994 8982 7449 10627 7065 5846 4145
5494,3152 14334 714 12784 14179 14742 13439 3944 3942 725
5495,13401 6974 1812 1807 13143 7397 12438 4121 8243 11935
5496,8464 14113 10491 3942 6588 10348 2121 10597 4763 11670
5497,15118 15007 4426 3063 6785 14578 91 10536 15288 15045
5498,14498 14897 14497 15160 13771 12234 1904 2291 15272 4522
5499,14100 3019 7121 13767 11313 13016 7122 4436 11314 14876
5500,12491 4544 12720 4540 4538 10468 4542 13947 4539 290
5501,12266 12785 14900 14549 3722 11687 3721 14573 8274 2801
5502,10371 1622 10372 10373 1621 1620 3595 4379 155 1617
5503,14699 949 15021 4966 15055 9998 9517 953 9278 15189
5504,14901 15288 10495 14909 2288 7700 13521 10964 14067 4434
5505,14463 9011 4356 9021 4349 9681 15285 6997 2341 1335
5506,10865 2577 3986 8184 11138 859 12061 14393 12020 1735
5507,14904 12388 11310 13670 4379 14903 14391 11308 14941 14426
5508,12901 13428 10412 10875 2435 6710 2920 5640 2468 6724
5509,817 3365 12005 2428 2750 14261 2324 9250 6198 4230
5510,10884 8581 14891 9299 14430 9298 8656 9301 7815 15022
5511,7438 11124 14240 11125 8871 14733 9116 4864 11143 11260
5512,14905 7643 7650 8218 5758 2813 7649 13715 7648 1127
5513,15154 3615 14907 14906 2703 666 7357 4400 10806 4349
5514,14908 14909 14004 13606 13521 14901 4430 13675 886 13520
5515,12320 11550 3833 12466 11844 8243 820 13936 5971 15244
5516,14100 10715 14702 4436 9119 11314 14876 15045 13016 11185
5517,15020 3962 14261 2562 9459 871 3931 13570 1969 1398
5518,1677 10111 12867 12546 10755 14260 14391 10105 7612 7213
5519,11659 10604 11977 6288 4656 13904 4657 6087 2562 923
5520,14865 14618 9511 15192 14550 14163 6582 9658 10560 585
5521,7663 7665 7666 14046 7662 7664 7661 7667 13207 9837
5522,3055 15205 15060 13016 7125 7122 7116 7121 12810 7112
5523,6196 14130 15026 14636 11366 7233 13558 7847 12850 7109
5524,5266 14479 14636 14130 14497 12530 11366 12850 9658 5267
5525,14497 6202 5266 14486 14636 14574 14130 14498 11366 12530
5526,9097 13956 8988 11189 14904 8576 14673 14672 3502 3479
5527,14130 14636 11366 12850 14497 12530 13885 14131 15069 5267
5528,14801 14912 13923 2655 7442 12861 5115 7086 9026 11614
5529,14130 14497 5266 14636 12850 9658 11366 12530 13885 14479
5530,12850 14923 14130 14480 13885 14548 9658 13896 13897 14497
5531,14461 13370 11593 11389 14462 11388 297 11473 11739 10613
5532,14497 14130 12850 14923 14480 13885 14548 13896 13897 6202
5533,12850 14923 14130 14480 13885 14548 13896 13897 9658 14488
5534,8609 14130 8610 15129 8611 14636 11366 3066 12850 5101
5535,14130 14636 11366 12850 14497 12530 13885 14131 15069 5267
5536,3857 12297 3428 13278 7650 7643 1127 7649 7648 12282
5537,14130 14636 11366 12850 14497 12530 13885 14131 15069 5267
5538,6985 6750 13928 10950 10949 12818 4962 11473 4509 13930
5539,14130 14636 11366 12850 14497 12530 13885 14131 15069 5267
5540,9424 4176 7083 6974 4131 4121 1386 7579 14010 2089
5541,10441 1094 14645 8979 9218 8128 14142 14230 5384 2930
5542,12850 14923 14130 14480 13885 14548 13896 13897 9658 14497
5543,14130 14636 11366 12850 14497 12530 13885 14131 15069 5267
5544,11740 7925 12030 14130 14636 6471 11366 4207 12850 4215
5545,3833 3828 4719 14130 14636 11366 11883 12850 3383 8063
5546,14636 12386 11366 692 12530 14130 15196 13058 12388 8250
5547,14130 14636 11366 12850 14497 12530 13885 14131 15069 5267
5548,14480 14923 14130 12850 14548 13896 13897 13885 9658 4430
5549,14222 12850 14923 14130 14480 13885 14548 13896 13897 9658
5550,14130 12850 14923 14480 13885 14548 13896 13897 9658 14131
5551,11260 4746 7874 11143 8008 12386 9885 15196 692 13058
5552,14130 14636 11366 12850 14497 12530 13885 14131 15069 5267
5553,12850 14130 14923 14480 14548 9658 13896 13885 13897 4430
5554,12850 14923 14130 14480 13885 14222 14548 13896 13897 9658
5555,12528 14913 11366 14130 14636 12530 13885 13716 12850 14838
5556,14222 12850 14923 14130 14480 14548 9658 13896 13897 13885
5557,14222 7875 13596 13598 13599 13597 7876 7610 13600 13430
5558,14222 12850 14130 14923 14480 14548 13885 13896 13897 9658
5559,12850 14923 14130 14480 13885 14548 13896 13897 9658 4430
5560,14130 14497 5266 14636 12850 9658 11366 12530 13885 14479
5561,13392 8335 2439 13079 5383 14636 14046 8329 11366 8328
5562,14130 14636 11366 12850 14497 12530 13885 14131 15069 5267
5563,14479 14636 11366 12530 14130 5266 5267 14486 13885 14491
5564,9473 9470 14130 14636 5737 11366 9469 12850 14497 12530
5565,14130 14636 11366 12850 14497 12530 13885 14131 15069 5267
5566,11359 6758 6761 1124 6757 14130 14636 11366 5243 10535
5567,14130 14497 5266 14636 12850 9658 11366 12530 13885 14479
5568,14130 14636 11366 12850 14497 12530 13885 14131 15069 5267
5569,9658 5266 14497 14923 14130 12850 12682 14548 14480 14479
5570,11260 11143 9885 14130 14636 11366 12850 14055 14497 12530
5571,8123 13968 14153 8122 13566 14006 8127 15188 7650 4450
5572,14130 14636 11366 12850 14497 12530 13885 14131 15069 5267
5573,14915 6658 12484 7526 6654 13849 2282 6663 2286 14541
5574,4350 14130 14636 14027 14185 11366 10529 6072 12850 2930
5575,11893 8405 8414 8419 7078 11895 11894 8031 6567 9536
5576,14130 14636 11366 12850 14497 12530 13885 14131 15069 5267
5577,14636 12386 11366 692 12530 14130 15196 13058 12388 8250
5578,14130 5267 14636 11366 12850 12530 14131 13885 14479 5266
5579,14130 14636 11366 12850 14497 12530 13885 14131 15069 5267
5580,14130 14636 11366 12850 14497 12530 13885 14131 15069 5267
5581,14130 14636 11366 12850 14497 12530 13885 14131 15069 5267
5582,12850 14923 14130 14480 13885 14548 13896 13897 9658 12321
5583,12485 12392 6202 14497 14574 14542 14994 10184 14819 14968
5584,14137 14504 2604 7468 10209 10755 3815 2453 13998 2416
5585,11190 7244 12218 14904 3886 5594 9244 14539 12219 14694
5586,11005 11007 8143 11006 3615 13385 15022 14891 4400 1115
5587,14636 14591 11405 693 11402 11403 12530 12868 13286 691
5588,12545 6606 14846 13183 14737 625 12017 7054 9258 14845
5589,11711 3486 12392 10508 9411 3107 4314 10308 13319 15237
5590,14917 14916 14919 6334 14918 7875 14032 15253 12861 3590
5591,4153 14839 9830 14686 14639 13388 12931 14841 9119 11314
5592,14618 6054 9703 3947 8674 9700 2346 7051 6691 7872
5593,1559 7544 4332 8396 9365 2161 5280 5377 14101 7698
5594,14920 9890 8708 9209 6078 13499 13507 5919 9889 1702
5595,11143 11260 544 9885 11141 13756 8576 7438 6367 5467
5596,10495 8407 8414 8419 4350 10498 6567 14027 14185 8420
5597,14921 9144 12803 9143 13675 7700 14456 13674 15288 14748
5598,6537 3017 3665 12518 11471 3782 11218 10468 4640 10143
5599,4575 12086 4742 3771 6076 11467 3208 2942 3098 4741
5600,739 10806 2142 14551 14554 14555 13410 1647 14306 767
5601,14865 14798 14307 14869 725 14868 15206 14100 14554 2204
5602,6785 1094 366 8979 11687 14219 11849 13737 8128 6107
5603,14476 9609 14493 8272 14891 1078 12876 6980 11148 9889
5604,9054 15079 14555 14868 14551 9052 14166 14824 14306 14930
5605,14926 14618 6079 7711 14934 2049 15204 2262 10834 1301
5606,13699 2834 11084 12128 635 2835 14982 8431 10391 8411
5607,5172 5163 5170 8644 12554 7543 11391 6589 9510 15207
5608,8037 4074 600 1345 7977 1807 4474 10183 9944 2672
5609,12670 1807 14953 10529 4474 14055 12669 5508 9527 8929
5610,14449 14927 13216 14830 13993 15225 14500 14561 13112 14268
5611,13168 2687 10670 10214 8401 14954 10225 2681 2703 8979
5612,14618 14865 14163 14391 13919 14868 6990 14869 0 14147
5613,9055 14088 14427 9052 12438 14306 14555 6106 3019 9051
5614,10884 12264 13278 9299 9298 9405 14219 3643 8656 12979
5615,8260 10897 10666 4349 14928 6197 12921 15285 4918 8464
5616,9052 14427 13134 14929 11440 14868 3021 14166 15244 10806
5617,14843 14404 12591 602 1807 5102 8780 7505 14400 7840
5618,14396 4191 7050 14162 747 14709 14891 15006 14933 11458
5619,13455 14924 7580 13422 6714 7840 13670 2637 11110 3400
5620,8873 9054 14824 15079 14555 14930 14166 91 14551 14868
5621,15118 15228 8999 14851 3063 14578 91 14555 7124 15079
5622,11259 685 12545 9885 14396 14141 13256 5986 2161 5280
5623,10909 12012 2932 11740 13208 7509 8782 15244 7633 7115
5624,14939 10321 12386 3906 14391 6800 11592 13588 9296 2354
5625,10690 9278 14910 14699 2595 6812 10683 10681 15021 3660
5626,8282 1841 1845 8274 8286 6186 8281 11849 400 15139
5627,14554 14551 14553 93 14555 14552 14081 11314 9119 14876
5628,7848 7849 14940 6090 10834 13616 10270 10833 12476 9051
5629,11737 14618 14865 14163 1493 1489 15244 13919 14466 7115
5630,14162 5463 5581 15006 11458 14396 9511 9779 9296 4191
5631,13521 14942 8428 14975 13675 13520 886 14705 14848 14944
5632,14943 14536 12700 14948 999 15288 15182 15246 3066 12850
5633,11027 6836 13920 4336 3906 11026 1904 14865 5595 13884
5634,12784 12620 14334 725 14742 9296 13476 13472 3152 3257
5635,14997 14853 645 8780 637 7774 8829 9526 9795 12063
5636,12640 11135 11401 1243 3064 2562 7203 8918 8452 12641
5637,6562 11779 11784 14946 11781 8985 12342 709 7660 13522
5638,9373 14947 335 7234 13031 9364 8977 411 9375 3578
5639,13935 14672 14671 7768 14673 13488 13956 13884 14346 14011
5640,7229 13033 14780 13597 9098 13959 13588 4504 14278 15199
5641,14484 4028 5259 8218 5758 2813 6270 14914 14482 12417
5642,8833 9405 11577 8829 8827 11957 8045 8831 8832 14671
5643,714 14579 3944 3942 10820 3152 1078 13513 14102 14334
5644,14948 14435 12700 999 15182 15288 12815 14943 12772 4131
5645,14452 13335 10124 2178 6489 12867 7384 6990 820 7433
5646,9292 1379 9239 11358 1380 1124 1120 4971 13978 13404
5647,10679 650 1528 12509 14740 10133 8350 3834 3835 3220
5648,14636 14130 14491 12530 9658 11366 692 12850 12386 13716
5649,14949 12828 12950 8829 14356 8626 12173 1911 10655 9243
5650,14950 14951 11956 8419 10491 15176 6584 12497 8374 15177
5651,15118 15007 4426 3063 14578 91 10536 15288 15045 13016
5652,11424 9170 10381 2319 6691 9700 5777 9701 9706 3152
5653,15118 4245 4777 3221 4090 4175 4426 14431 5592 8644
5654,14471 13430 14714 15129 14483 14222 14429 5101 13431 11391
5655,13836 13794 9583 3942 22 13793 5133 9581 13550 7779
5656,5107 14157 5102 14952 5108 5101 14158 7581 14159 13838
5657,9430 4738 6128 6003 14179 2660 14381 14356 14769 4654
5658,15118 15007 4426 3063 14578 91 10536 15288 15045 13016
5659,11084 14183 4711 13320 15097 13855 2834 12128 3121 8869
5660,337 273 4536 4540 4538 4542 4539 12305 290 7083
5661,14953 297 23 10267 12670 15185 15105 3944 1472 11053
5662,5107 5102 5108 5101 13838 9106 5106 15129 5105 14952
5663,12803 4339 14921 3615 7013 3268 12801 12802 14568 9144
5664,14695 517 6579 10804 11670 10620 4502 3117 893 4715
5665,14574 6202 14542 14705 14497 14994 14819 10184 14704 13719
5666,14954 14955 9553 6135 10214 14356 13168 10225 3895 11707
5667,13286 14591 11405 14352 12868 12530 11402 14433 14636 3617
5668,2128 8866 12995 11646 5187 223 6006 2121 1098 7388
5669,5026 10743 5990 3208 9098 13588 4504 14278 11053 14280
5670,14864 9615 3252 4742 1917 666 9139 8721 12202 9614
5671,8734 14304 13919 12032 3068 8733 13439 8736 15129 9371
5672,10865 12020 0 919 14393 14809 924 915 14975 10978
5673,1885 8323 9026 13532 2082 13432 1884 14809 15165 13433
5674,3261 1345 14932 1311 3259 7713 3260 13970 4012 6081
5675,14958 14957 12190 434 1818 11204 9081 5594 1830 9178
5676,12281 14390 15048 13047 2562 13265 165 13267 7171 12026
5677,1746 10334 2416 6118 6639 10335 8933 13888 13930 12224
5678,13432 13424 14809 1884 13532 13433 12964 1885 12997 15165
5679,7229 6610 13959 6614 15199 6609 6611 6605 6604 14539
5680,14790 8237 13720 14276 7642 13019 15108 4673 6226 6139
5681,14130 14636 11366 12850 14497 12530 13885 14131 15069 5267
5682,7126 12233 4245 14460 9590 14584 14462 15012 12194 6186
5683,3064 3066 11401 3065 3068 15246 11398 1523 7779 11402
5684,14704 15224 9989 14136 13670 14636 11402 13430 12530 15230
5685,13838 14009 14574 13893 12566 9287 14211 9682 14146 5107
5686,10233 311 14636 12386 15196 692 3208 6400 13058 12388
5687,13937 15069 12386 15196 13058 692 12388 14636 8740 14243
5688,11701 11702 13124 9795 12882 11111 13584 10563 6990 12500
5689,6105 14227 5708 11365 15207 8891 12881 10102 603 1124
5690,5986 14637 11259 10507 10633 13726 6196 6778 1040 15026
5691,14946 12779 13570 6562 11784 12324 11779 6407 12781 12772
5692,14848 14960 14961 886 13521 11087 12324 13675 14706 14975
5693,12950 14949 12828 8626 13957 15179 2655 1659 210 9256
5694,11781 7232 14141 12518 11780 5923 5936 5924 5930 6476
5695,14963 14962 4959 4958 11652 10655 10615 13594 8171 4956
5696,12493 6622 13892 14926 7846 1664 10413 13440 6338 3702
5697,12778 6407 12781 12772 12771 5257 10076 12774 12133 7282
5698,5514 13431 12059 14224 7457 10563 13563 5515 12061 10362
5699,14202 14069 11428 7964 4968 8188 7581 7398 14425 11139
5700,11956 12840 14950 7345 15160 13771 15176 12234 1904 2916
5701,13838 2835 11221 1078 14462 5373 5107 5108 9106 14461
5702,12386 15196 13058 692 12388 14636 14243 14239 14574 14904
5703,14964 11384 14222 3643 13439 12979 14316 3252 14572 12064
5704,14636 14136 12386 692 13670 15196 12530 11402 13058 12388
5705,9832 12708 7705 6803 1668 1667 8969 7706 14136 7707
5706,14540 14426 14352 12388 14904 11217 14524 13670 10468 13947
5707,12493 6622 908 13892 14926 6180 1094 1115 8979 6183
5708,8326 14729 14090 11957 10417 4852 13454 8740 210 10693
5709,7663 14046 13183 7665 7666 13182 14462 7664 7662 7667
5710,4968 14202 8188 7398 14425 13162 7581 14069 603 7085
5711,13838 7256 14366 12386 692 15196 13058 12388 5107 14636
5712,187 14858 4884 5215 4450 4636 3377 10054 7163 10656
5713,14472 5521 12557 6608 12545 9097 14737 14208 692 12386
5714,13673 9961 12064 14956 12333 13647 12385 14013 267 708
5715,12545 8401 1701 14141 14208 11402 14377 2329 13716 11241
5716,6608 14472 12386 11402 5521 692 14208 15196 13716 13058
5717,14102 4934 714 7875 1652 5734 7695 12031 1647 12030
5718,8233 8234 10269 1680 6946 8230 7642 8235 4673 8228
5719,9614 9097 6620 12493 7936 4742 3252 5259 1917 6510
5720,14615 12392 14968 9165 4517 2851 12391 13263 9691 12485
5721,6183 5259 13961 8114 5970 10286 1563 14885 1700 8128
5722,6495 7526 7528 12282 10529 7524 8235 14039 13175 6494
5723,7782 10682 13010 13775 2416 1076 8771 12200 10666 566
5724,11781 8992 7660 14528 14527 13988 11780 8268 10491 11782
5725,3847 13359 13378 13393 12965 4545 12282 14039 13175 13394
5726,14885 14706 13961 8114 6183 10286 5259 1563 11849 3849
5727,14960 13943 14706 14848 13675 13521 14705 7699 351 7203
5728,13838 9551 9965 4046 14205 14046 14462 11867 9549 12759
5729,7660 13530 10443 7850 11781 13405 13368 11116 14531 3719
5730,14057 191 682 372 11289 4332 691 681 11148 5777
5731,11424 15140 15084 9594 5383 725 10254 7433 517 10711
5732,15020 6083 14618 10893 15042 8873 6303 15021 4837 14554
5733,11424 3055 9170 15285 15140 15069 13016 15205 9594 14306
5734,11959 12966 15244 14718 8190 15057 13513 13056 273 13716
5735,7320 7313 7311 7307 6642 8351 7309 7232 7181 14141
5736,117 383 150 4509 118 123 10612 11301 5133 8880
5737,14934 9228 5896 4964 5895 645 10529 5897 8770 2276
5738,9658 7846 15069 2957 14447 12493 7844 14923 14130 14480
5739,5678 14971 11781 5676 7660 11780 12691 12451 7602 11446
5740,4279 14969 9795 4284 3637 12882 11111 8218 10563 4287
5741,12484 1988 7526 12483 6658 4394 2286 2465 11932 5924
5742,12633 109 14509 5972 2777 10420 14039 12586 2213 12708
5743,14538 12850 14636 12530 3617 13716 15054 14433 13737 11315
5744,14538 12850 14636 12530 3617 13716 15054 14433 13737 11315
5745,14972 14068 3709 15235 13675 7700 15288 14456 12324 13674
5746,12466 726 725 10448 11591 14636 3617 14352 9106 14433
5747,14538 12850 14636 12530 3617 13716 15054 14433 13737 11315
5748,7229 14538 12850 13959 14636 15199 14539 9244 12530 13623
5749,14142 13699 14417 14524 13831 14490 15132 14426 14674 9245
5750,13623 6072 6071 13240 407 6004 13959 14524 13804 13622
5751,14222 14415 14223 14524 15129 9244 11230 7203 5101 14176
5752,1616 10423 8425 10468 3700 13947 3696 11588 3701 3885
5753,14542 6202 14574 14994 14497 14819 10184 1090 15043 3387
5754,14513 14610 13420 14478 14277 8547 11911 14926 1816 4549
5755,14618 12233 14865 14163 14523 14391 12194 14176 6057 1697
5756,13584 1655 8298 13124 1094 8979 8128 4601 2394 2204
5757,15020 14618 1621 1622 8873 1618 1617 4379 1620 13898
5758,14974 14003 14176 1904 1697 10596 13778 4576 13610 14953
5759,14975 13521 8428 10608 5777 13675 10978 10862 10861 14944
5760,14593 13764 14976 13278 12024 11575 14230 12626 12451 13216
5761,8988 14904 3502 3479 8989 7486 5917 8987 1494 8986
5762,14974 14003 1904 4576 10334 14504 2166 8969 3430 14147
5763,14974 14003 1904 4576 10334 14504 2166 8969 3430 14147
5764,14977 14978 13026 13405 14656 7660 7650 14450 14147 13689
5765,11959 13056 15244 15057 273 13716 260 2203 7051 14930
5766,15069 11404 1367 11402 11403 13952 7125 103 10203 12275
5767,9851 12551 11900 10365 10366 1829 12282 9749 14758 4142
5768,12788 9606 9602 8346 10201 1220 12787 8202 1868 10204
5769,14591 726 11405 14636 12466 13286 12868 3617 11402 12530
5770,7874 14130 14636 11366 4745 12850 4746 14497 4749 12530
5771,12650 12392 6852 14728 602 1249 8507 6397 2992 6766
5772,14618 14013 8935 740 14979 11817 11087 9052 2031 12064
5773,14981 363 6004 15154 12422 3615 8307 8305 2703 6863
5774,8081 14616 13601 8082 13365 8076 4400 4399 7170 13737
5775,14756 13350 14755 14707 13675 10280 14456 7700 14563 13674
5776,14615 12392 2116 14968 658 4511 6683 12571 3696 4717
5777,14804 14904 12017 9300 9298 13727 3841 2288 8656 8241
5778,10865 14393 2210 2678 109 2217 12020 9519 7709 14693
5779,8281 13268 14580 5887 14097 14030 4811 4810 6196 15026
5780,6943 14185 14188 14189 5670 10214 14186 14191 1888 14190
5781,11253 14268 11928 7232 14141 10755 13216 14508 14561 14400
5782,14209 14561 14596 8456 14458 14595 11120 4063 14286 14285
5783,14285 14286 15173 11614 14377 487 7014 4441 13395 8274
5784,15205 2562 1287 11681 10541 4810 4811 8880 9227 9209
5785,14714 14471 3066 10276 10414 15246 2065 13430 10417 3064
5786,11309 4379 11308 11565 4911 11681 2803 4811 4810 11307
5787,11212 14511 8589 9658 4339 3615 11849 12803 14923 14130
5788,13699 2834 14982 14874 12128 635 2835 11084 8431 10391
5789,5373 14203 11221 5518 7581 14478 7085 6606 13205 5519
5790,273 8586 5945 337 5259 7397 14061 7473 14003 14059
5791,7544 8397 4332 8396 7698 5377 14056 681 12103 191
5792,12386 15196 13058 692 12388 14636 14243 14239 14574 14904
5793,3152 714 14334 3944 3942 1078 14102 3137 8456 10909
5794,3152 14985 11310 14904 11254 14334 4379 9781 11308 9787
5795,12386 15196 13058 692 12388 14636 14243 14239 14574 14904
5796,4449 8250 4448 14574 12030 11310 14904 8258 14580 692
5797,13058 4349 12386 15196 692 12388 14097 14636 14243 13162
5798,12386 15196 13058 692 12388 14636 14243 14239 14574 14904
5799,14569 14574 12339 8484 11596 14238 14492 11744 2916 4410
5800,12252 11384 14222 12386 13439 15196 14316 692 4810 4811
5801,2699 7527 4456 4784 10184 9277 12030 1596 7470 12327
5802,8221 7328 14835 11306 4829 4379 13667 6650 8008 13558
5803,14572 6582 14964 6581 3643 12979 7580 12392 3252 6584
5804,13843 12876 9469 9466 12874 9411 7696 5737 11304 10472
5805,11230 13395 14888 10093 4954 15031 14591 11405 14285 11867
5806,165 13896 13487 2134 12282 658 14039 13175 15154 10126
5807,14573 14549 14861 5095 14860 12387 14859 10781 6297 11306
5808,14573 14861 14860 14859 11306 13726 6196 6778 15026 2047
5809,14574 6202 11630 14542 4451 14994 14497 14819 10184 14268
5810,14209 14458 4063 11120 1859 14213 14596 14561 14286 8456
5811,8374 14950 5407 11956 14638 15176 6584 12497 8419 14424
5812,14573 14861 14860 14859 11306 13726 6196 6778 15026 2047
5813,3840 14425 14505 14396 14933 5009 14385 13761 13597 8188
5814,3887 12156 11021 3665 3017 12154 12518 14352 10701 4456
5815,12083 3747 7169 4784 13137 3745 7171 1943 9795 4502
5816,14993 14992 14991 14990 14989 3061 14988 3060 14987 14840
5817,12403 12304 11789 11219 12518 9795 10468 6141 12882 13947
5818,9347 10897 10653 14344 10656 6880 13930 15243 7863 9338
5819,8414 8408 8419 11138 14525 10484 6567 8420 14198 9122
5820,6113 14591 11405 6107 12868 14636 3750 6105 6112 2113
5821,14581 5518 14204 14222 14274 6606 5373 11221 7085 544
5822,8411 8414 8419 6567 10534 8420 12128 14129 2835 14199
5823,12841 13997 5224 9025 9026 13515 14074 8363 13995 13813
5824,14222 11384 13439 14316 12064 5623 13430 14882 13440 6338
5825,2681 13276 13677 2685 2703 2678 2687 11149 1761 389
5826,2685 2681 7183 4339 13677 2703 5468 13276 12581 2678
5827,886 8421 14961 3801 7700 8414 7699 13675 13852 14441
5828,14757 8529 15207 14176 6292 6272 3437 8701 3552 947
5829,10214 5670 1888 8979 5669 13168 14653 6465 14954 14649
5830,13940 15228 8873 15079 14555 15244 13587 7124 14427 14578
5831,14995 10921 10922 10926 10924 10923 10215 10706 10928 10925
5832,13511 13513 4756 4759 6998 11809 3769 1805 14564 11920
5833,14914 14689 9787 9056 2341 14427 3181 15064 609 10893
5834,12805 14524 7203 9245 8689 13831 14857 10440 14415 12429
5835,13570 15192 6582 9938 14721 10560 9511 14740 2635 691
5836,7699 8421 7700 8414 8419 13520 6567 886 8420 14441
5837,13852 886 14450 14996 14410 13675 13521 8421 14961 13674
5838,7457 12059 13563 8063 8064 6177 10563 12061 8067 10362
5839,3709 12541 4279 2212 9795 4284 3637 12882 11111 10563
5840,7700 8421 8414 7699 8419 6567 886 8420 13675 15288
5841,14564 14565 14780 14487 3628 15181 10200 15172 3638 10505
5842,14997 8780 14718 8873 645 7199 1670 12061 4129 14853
5843,14591 726 11405 14636 12466 13286 12868 3617 11402 12530
5844,14718 5225 14997 12966 10522 14493 5261 663 15006 11458
5845,8008 2985 8013 3673 8010 8011 8017 8015 8009 4746
5846,6642 12810 7125 7112 7134 14876 4436 11314 9119 15045
5847,14998 7777 7681 9845 11151 2035 4722 6699 4467 3048
5848,11403 14512 11402 12275 11404 14383 8250 12530 13716 14636
5849,8414 8419 8408 6567 8420 14525 8218 10259 8411 8406
5850,8411 14199 11399 8414 8419 75 3063 6567 10534 14142
5851,14591 7229 11405 12868 13959 14636 15199 14539 11402 13286
5852,11655 5435 4864 3321 666 3158 13318 4595 4559 2342
5853,4552 9423 10897 3769 5095 15140 14377 13675 3092 10254
5854,12487 13161 4394 8573 4397 2886 8567 4400 2121 4388
5855,309 11780 7580 9841 12493 6484 11619 11615 9699 6622
5856,7050 7052 15000 10171 7051 4191 5398 3942 8771 12985
5857,1916 9554 8008 15271 6931 8010 8011 8017 6573 11893
5858,13353 2742 11493 2815 10932 2816 13322 13235 6417 2741
5859,6351 2742 2816 13353 1165 1166 13322 2741 6416 10525
5860,1260 1261 9973 7899 10320 12927 1259 4457 8291 4784
5861,14584 3058 3056 3053 3052 3054 8370 15060 3057 2083
5862,13919 58 11737 14605 103 3005 15154 9357 9026 14323
5863,8039 12897 6931 15271 12896 1829 674 15224 1356 8274
5864,2741 13561 12425 6416 13353 13201 2744 11418 13322 13319
5865,13574 2816 13439 14405 1166 13651 13352 13452 3464 12426
5866,15020 14618 8873 7494 11065 611 14621 8362 8871 11172
5867,14586 11440 13134 517 11444 9692 11670 12326 14695 14383
5868,8411 11920 3796 13883 10909 10759 12130 2588 13413 12510
5869,13920 15006 297 11458 8329 8328 14475 1091 8332 9779
5870,13920 15006 11458 14475 9209 9779 9296 7112 4591 14162
5871,5369 15008 13627 5373 12280 5372 60 14168 10906 8860
5872,14527 5016 4316 3208 14132 9642 14680 9636 10406 13411
5873,7846 502 14039 14310 4727 12518 6821 7658 6584 9400
5874,4953 990 4956 11756 10907 7677 4957 4952 8957 3659
5875,14910 10495 8407 15009 8414 8419 14388 10498 6567 8420
5876,405 2816 1165 2742 14405 12426 13452 1166 13187 2820
5877,14457 2816 2823 3045 12747 13672 14327 2745 1166 13356
5878,10304 5489 602 5490 7430 7821 6471 9370 5488 7357
5879,7846 658 712 3600 14615 5525 5984 5064 6252 6242
5880,14519 14583 15022 15011 12785 15079 7430 5489 6179 15039
5881,12671 12672 8889 5345 8894 0 8893 13353 1475 3929
5882,3656 13398 3654 14450 14292 10403 11971 11389 6665 8395
5883,4411 4519 8391 2569 2468 13129 9588 851 3735 7373
5884,6002 14508 10125 2161 7506 8880 11820 4005 5240 13543
5885,15228 14578 3055 14579 3063 91 15205 53 10501 13016
5886,564 565 7520 570 10230 566 7203 562 10231 6400
5887,10732 8336 1576 8314 8329 1577 8328 9544 11027 8332
5888,9387 14171 10253 267 14087 12519 13641 12851 13103 265
5889,14856 5436 1082 8205 13163 15236 1258 367 10672 13172
5890,7397 7288 11707 13548 6642 1231 3697 8705 1969 9186
5891,12318 4742 12343 1949 3296 2676 11065 4924 3146 13641
5892,5225 7398 14718 8188 7691 339 13162 346 341 253
5893,15015 14442 15235 3947 13476 13472 7051 13478 13473 14409
5894,8541 11799 1319 9191 9192 4415 7062 1780 2375 11346
5895,10988 4603 6555 9626 11624 9647 2875 8159 5667 396
5896,10406 7862 3839 3532 8176 1432 768 2962 3531 13991
5897,12850 14923 14130 14480 14548 13896 13897 9658 13885 4430
5898,7014 12143 7015 5463 7013 12145 14753 12147 13101 9307
5899,14130 12850 14923 14480 13885 14548 13896 13897 9658 14131
5900,10102 8176 2790 2428 8171 9602 3110 12420 9544 5527
5901,2096 4596 10574 11624 11891 9626 1005 7078 1145 11351
5902,15016 3663 962 14966 3006 963 977 9287 958 12943
5903,15020 10832 8581 14904 14618 8 4861 8578 260 14903
5904,14352 14540 13176 14752 14426 8434 2840 14654 9659 5239
5905,14789 14155 12697 15192 5571 8486 6582 10560 3481 12313
5906,6356 6807 2996 2998 13443 9634 15017 2997 9630 9636
5907,11482 12436 12435 12434 2514 10537 9925 4300 14865 14851
5908,14609 11859 11860 9782 4384 12673 9171 10323 12331 475
5909,7170 14719 1345 13947 7967 10321 12386 14720 4671 14310
5910,10181 12057 527 2696 3267 72 532 60 73 9890
5911,10611 4862 11143 13161 11657 8573 10171 10506 3472 8816
5912,13278 4674 10443 15018 12264 13279 12039 11575 12024 6131
5913,3676 4559 5435 10806 3208 4864 11469 7046 3969 1647
5914,3003 4039 2375 2371 2370 4402 2374 7064 9663 11347
5915,13959 14387 999 14388 13623 13804 14524 13521 10865 5405
5916,9469 14348 1552 1962 9544 600 1982 11087 4157 8768
5917,8468 7898 3709 4441 8431 8471 14062 10922 165 3799
5918,12128 3923 11930 3922 7357 7821 15019 5906 3924 2582
5919,4813 10968 8567 6691 9700 9701 2306 9706 15244 7470
5920,7719 9143 6766 14302 14674 13524 11299 7953 11591 4532
5921,4415 13076 11949 5876 4134 1008 6705 6707 9191 4626
5922,5003 15065 3200 7232 14141 6691 9700 9795 517 2018
5923,15020 14618 8873 611 7494 11065 14621 8362 8871 11172
5924,9527 9273 9296 4869 11213 6374 2251 1565 14063 5663
5925,10168 10852 6821 167 1078 14039 2312 9700 12518 6691
5926,14310 13522 2597 14298 6128 8857 8896 9484 14295 5721
5927,7014 9307 14762 11273 7015 13101 15155 14763 10913 14753
5928,8248 2471 9116 9106 9114 1295 2477 4662 3330 6197
5929,15022 15021 13957 9371 15179 13806 6065 15042 62 5398
5930,9966 11140 13695 5582 9893 12945 11213 7964 11700 4763
5931,15228 13767 9405 3179 2462 3726 11957 7830 8045 3176
5932,5078 11938 14898 15023 4391 14603 2266 4859 1991 13571
5933,13753 3017 12995 1291 8362 7875 12516 11646 10566 3252
5934,4785 2174 4784 11141 9402 2178 2171 2180 4788 11143
5935,10978 14809 14975 919 11824 9102 12991 8085 4715 12997
5936,12853 10111 13256 10755 13563 14391 10105 9200 8771 10110
5937,11301 11560 2128 12516 10595 5752 13373 13372 5751 12918
5938,13803 7563 10605 6136 1634 11148 13802 13800 13801 2344
5939,13881 2925 9442 6330 2917 10763 2916 13385 8052 10914
5940,4611 5844 13911 5841 12368 12369 13983 12367 4621 4625
5941,2095 11980 10967 6099 4892 14005 10270 8085 8349 11860
5942,14377 10057 13975 8295 12069 6138 15078 14798 8759 11544
5943,12964 13432 14600 12288 1884 13532 12289 14809 13920 11854
5944,14319 8760 11027 4336 11026 1904 8328 8604 14704 13578
5945,15024 10184 2100 15272 6202 14497 14574 12392 10417 3387
5946,2294 8418 2239 12359 5088 2290 4770 8414 2291 4106
5947,3719 12386 15196 692 13058 12325 10203 12388 14636 6107
5948,11949 7403 4762 14158 11692 5699 666 7357 10806 8957
5949,14586 11440 12326 13134 9588 547 4853 13919 3742 10820
5950,10955 576 4948 8424 7866 10950 10949 7953 10937 12816
5951,10910 11215 5508 1836 9741 10050 11748 7054 5592 12191
5952,5792 15025 9433 4284 2415 14540 7086 202 8243 9432
5953,9191 2375 6364 11532 9192 4415 2371 1780 1779 4606
5954,9442 2925 8052 10763 14348 14934 6103 10042 2655 3853
5955,8777 12484 12190 10125 14243 14239 4025 11761 6411 7506
5956,14618 101 740 9052 14898 14547 2031 14296 103 13952
5957,10664 1760 11294 1754 715 14222 113 8008 3877 9527
5958,3479 1834 9149 11298 2118 7190 2333 6595 12712 7286
5959,637 14281 8409 8414 11361 6620 11665 11712 8419 13832
5960,11780 13597 11781 11593 9972 13658 7660 6349 14027 6485
5961,10471 7054 9248 5792 11065 8662 1282 10567 3701 10478
5962,8142 6468 10292 8364 12403 7832 6969 5281 7798 1206
5963,2908 4358 1222 6510 1896 13905 7936 1938 9652 1061
5964,10534 2950 10394 9906 8502 2562 9164 0 2516 13454
5965,3906 2950 8874 1374 15154 2213 0 14056 5792 2703
5966,4496 13699 11194 10607 4129 4128 6176 2307 3945 12493
5967,2880 5535 13380 4037 8848 11385 7819 8850 5449 1135
5968,2662 8215 8214 10080 2088 11095 8216 8275 8812 10934
5969,342 9142 11864 9097 14855 6981 6974 4121 5259 11866
5970,3017 5553 6047 12862 15069 141 10276 10418 487 14396
5971,7430 5481 9370 10304 8700 602 635 8434 5469 7364
5972,2588 1282 109 5555 12614 5971 6698 7709 12617 3933
5973,4153 3052 3053 3056 3058 14584 3054 8370 3051 15060
5974,2276 2277 1346 2283 2272 14003 11654 14176 2281 2269
5975,12935 14750 4687 4037 15027 9289 13519 4132 11949 6286
5976,15028 9200 15060 14618 8999 14865 14163 10383 14493 12876
5977,9519 4350 14027 10529 14185 15226 6072 13836 8171 2930
5978,12506 12507 15030 6430 15031 11046 12503 12501 4302 12500
5979,15032 406 361 14811 12502 14812 11873 6507 14052 11533
5980,15033 8236 10184 12753 3921 3847 14504 14010 8456 11971
5981,2375 2371 3001 7215 10072 5686 3094 2374 1780 9191
5982,4017 9602 10494 7453 2987 3684 2719 7760 9561 12876
5983,7046 5828 12410 4392 2483 3988 1297 7009 12233 4444
5984,11265 14313 5010 4068 6297 4359 6562 11447 12861 5115
5985,12748 8997 9021 14153 6997 2341 4881 15253 14616 8506
5986,13610 13778 14176 7138 13403 14177 7232 14141 13777 13107
5987,13353 2742 12007 1165 2816 2822 2741 2815 13322 2743
5988,5999 2816 13960 13651 1326 14150 15035 13259 13717 11524
5989,1168 12744 12007 12006 1324 13200 14359 13670 13562 13201
5990,2816 13439 1166 12747 3464 14457 13452 6417 13322 13701
5991,13574 12747 12426 14324 14879 12007 13623 13202 10207 14806
5992,11955 14079 12746 2744 12747 2816 1525 12007 14150 14457
5993,9851 5689 12075 5672 10365 10992 4141 4142 9751 10366
5994,2096 13240 13239 8741 2100 13237 7821 12571 14440 2102
5995,11659 5418 6857 5308 4095 3559 5416 5120 8422 9177
5996,7427 7091 11949 7057 5687 10199 9534 6742 9756 9535
5997,6186 90 5312 2464 7438 11627 4864 13563 8622 6903
5998,14966 6702 2224 768 6127 1642 12916 1474 2231 89
5999,8888 12176 3929 1586 605 8893 8889 10296 6105 3991
6000,14657 6094 12984 11493 10443 10131 6130 5650 9894 7748
6001,15036 7630 9533 8986 10059 6129 11098 14195 8171 13293
6002,10300 14386 9530 635 12663 3310 6642 9169 15006 10472
6003,13593 421 14450 13058 3393 7208 3152 11270 3137 14740
6004,12842 7393 15038 7908 12027 1740 1324 8761 12313 14155
6005,9441 5622 10433 9097 9601 4406 12431 14636 9597 658
6006,9171 7552 12730 4139 7062 11624 4606 10824 6858 9626
6007,7449 8982 10994 10627 10246 9084 7817 10628 6805 10355
6008,2366 8455 5750 27 363 5810 10230 4379 3035 15206
6009,8970 1835 3702 9177 3704 49 1198 5810 14386 3247
6010,708 4020 10934 5411 13058 4349 5924 5936 7680 7467
6011,15039 12759 15040 15204 11867 3114 14282 11149 10254 5595
6012,14934 14926 3983 7913 1301 5592 7354 5467 10613 13754
6013,12105 5655 5663 161 5017 5646 11140 166 9467 11446
6014,885 6406 1787 11903 2225 13058 10671 4126 5460 10672
6015,14682 15041 5854 1774 2883 4687 6809 1724 11074 11949
6016,13452 14127 13320 13319 2816 13203 5999 6417 7684 12500
6017,3847 13634 2859 3849 11740 13113 10154 5702 8236 10184
6018,0 12020 6646 9056 14647 8581 14865 14391 12620 14163
6019,4509 4245 85 2504 13048 47 11444 2526 8260 11440
6020,9495 9829 1302 7345 11472 9405 9597 7633 2018 6384
6021,771 7203 14524 14849 0 12995 8370 2161 10125 7506
6022,1475 8889 11583 12671 14183 12672 13353 15210 5192 0
6023,15042 15021 12061 15043 1536 9079 14608 12559 4088 6015
6024,14844 6933 6936 6931 3220 3950 6937 6932 10308 3133
6025,14586 11440 10770 10776 10775 13134 10773 11444 10768 10777
6026,6202 6829 6382 7357 11574 6588 6911 7821 8780 10491
6027,4663 4660 4662 11368 11370 7054 11369 9106 4653 2804
6028,15006 9372 11065 3821 6489 3304 335 11458 6491 6480
6029,10901 8104 14358 3394 7698 14357 14318 5261 13525 11579
6030,12307 14280 15044 5026 12741 10667 372 12305 4881 5990
6031,14618 14865 14163 14391 14869 14868 14307 14554 14798 13919
6032,6374 1565 9527 1564 9296 11213 14926 9273 1586 7420
6033,14541 11361 6312 11406 7049 467 6463 15046 637 9143
6034,14621 1351 10390 12420 5858 9052 242 6974 11213 4121
6035,5259 1784 4028 9602 12538 14484 2212 13719 13840 5970
6036,15162 10366 10365 4141 9170 4142 6360 9756 7096 9663
6037,11881 2741 12006 13200 12425 11418 13353 2744 6416 13323
6038,14352 14540 14752 7264 14426 14654 15175 13770 5189 14636
6039,11545 13486 2212 9602 11380 646 6909 12539 10493 12538
6040,5535 11949 10913 1011 7366 11528 8296 5508 5532 5876
6041,9934 16 314 1586 10296 3991 10491 10303 0 18
6042,1829 1356 4141 1355 6320 9663 10366 1354 2886 2370
6043,11550 12403 3765 12466 820 10348 12420 10597 1077 10448
6044,11231 560 7494 11418 8362 14325 3755 4737 14170 15157
6045,14799 3464 2816 13439 8828 14325 14712 6992 13326 8731
6046,11111 9784 11108 9785 11110 6990 9795 12506 14374 12500
6047,4643 14923 8626 4642 14548 7003 8632 2151 4647 4644
6048,3922 4155 4160 3914 3924 4165 3919 3928 4164 3921
6049,3702 12435 8846 3020 8499 3708 7153 9617 10546 1961
6050,15047 7823 9984 12001 11998 3130 11995 5794 9335 11996
6051,8152 10246 3080 2096 7215 14439 14438 12756 5686 1721
6052,5037 10305 8799 3041 14997 3165 6022 8283 2782 2138
6053,1512 3957 8567 13256 249 1428 14396 6693 14843 8570
6054,4344 4906 11868 5828 4899 10133 8180 6301 3377 3834
6055,4509 2056 1754 11456 9048 13048 9390 2768 6317 9469
6056,2225 8198 1093 14878 5777 15083 205 15082 8194 14843
6057,11970 7313 7311 7321 7307 7309 7181 8523 7312 5220
6058,15048 12506 11111 14151 9244 12783 15030 5188 15031 10758
6059,15031 10657 3553 14408 13513 11868 10656 1765 12783 2962
6060,4072 1709 4596 9851 7057 3667 15126 7078 10716 4142
6061,11707 4116 4117 11673 15050 11681 7399 4811 4810 4118
6062,6990 5190 11108 14408 10563 12500 9795 11111 4329 12882
6063,1960 8503 6998 4370 3160 6908 600 7433 3137 3152
6064,7740 7487 5247 905 8329 10322 14695 8328 8332 8331
6065,15051 15241 8023 8008 8010 8011 4504 15168 8017 8130
6066,966 8263 9880 4590 9879 2196 4589 15052 7655 9287
6067,8263 15054 15053 15052 7655 4589 12943 1540 12946 966
6068,7869 10439 6391 3881 9053 3709 11065 6402 4075 4355
6069,9847 6065 15022 11634 15021 13957 5320 6109 7851 10101
6070,5078 5812 5082 3148 15222 2121 3350 4918 7345 5085
6071,6095 13823 13597 3877 12831 8979 1094 4434 8128 5842
6072,13699 2834 10259 8408 4577 12797 6789 8414 8419 12545
6073,3025 10066 1254 10573 13553 60 1205 3036 3488 3769
6074,7181 5414 12620 9166 7921 10348 9250 6588 10597 13649
6075,864 6148 19 1652 4779 1979 887 6588 10268 12663
6076,11293 14265 11294 2117 4861 8644 8756 5796 11295 1032
6077,4713 4718 4715 1541 2018 4717 8252 1451 4714 14377
6078,11082 5336 3838 911 4645 12682 2015 4646 4648 7233
6079,11368 11370 11369 4663 7054 4662 13431 4660 14409 13684
6080,3709 15028 2325 10383 10382 8591 9200 14359 103 11934
6081,14583 14584 12017 8239 15006 11458 9207 14585 113 7083
6082,708 13673 10934 14548 9961 5411 12403 12064 10834 149
6083,13919 4881 14618 14865 8999 14163 14391 14851 14868 1078
6084,11643 1666 944 10920 9000 12995 13385 13386 953 14704
6085,15006 11458 9779 4591 13940 7392 13390 4288 11462 14162
6086,10659 9667 14222 10263 1044 11391 3503 9 10563 11424
6087,7014 7015 9307 14762 14763 7013 11273 10913 15155 13101
6088,271 5796 4339 2865 4099 15160 4111 4784 13771 269
6089,2374 14616 6395 9407 9410 9411 9409 3483 8997 9418
6090,14583 4805 11087 12785 15079 14220 3257 8933 7492 7017
6091,13930 699 15059 10563 15168 9795 691 12061 10362 12882
6092,3058 3056 3053 15060 3052 8370 3054 14584 3057 2083
6093,14306 13897 13896 6106 1858 14561 8456 15285 10536 14427
6094,14910 10667 14280 12307 10669 15044 3017 9278 14388 10690
6095,8411 2129 9371 12201 13919 8414 15064 771 11900 8419
6096,11087 12324 14961 14391 11817 886 13919 3257 13675 14848
6097,15207 12574 14039 12518 3264 7367 275 12719 12134 8695
6098,14618 14550 11820 14865 15184 9511 14166 14555 4436 14876
6099,14240 11125 14639 11124 9777 5751 15066 2445 15067 33
6100,14618 14865 14163 14904 14391 12017 14868 9300 9298 13919
6101,8241 6971 2282 4346 4153 5586 5540 11328 2021 7368
6102,13767 14100 8474 113 10715 7121 15274 9119 14876 11314
6103,14166 8999 14851 11820 9060 9472 15244 8243 15228 15081
6104,14213 11043 3153 8063 1093 12995 14734 7698 11138 8958
6105,14558 14865 14868 15244 6521 14869 14866 14427 14554 9043
6106,12017 625 15006 11707 14926 9143 9296 12089 9207 6020
6107,14508 12338 14950 14860 11820 13780 6303 11956 12497 15176
6108,2083 7116 8370 2085 3058 3053 3056 12711 2084 3052
6109,12134 14039 12518 3264 12850 12574 12101 275 12719 5334
6110,7170 15078 14854 7381 13018 14526 14329 14391 10321 12386
6111,10884 3713 6022 10453 11070 5038 2709 5538 7723 1377
6112,12868 12819 876 9211 3587 12867 7670 578 297 5990
6113,14652 15070 13627 15187 10787 8979 8860 14653 13052 14649
6114,8560 11195 11696 11694 14428 14096 11695 3233 6407 8638
6115,11299 2829 14302 4005 14845 1311 4011 2828 8441 9143
6116,14096 6668 8560 14302 9509 14097 13429 10153 14473 11847
6117,13522 13526 8256 12493 8896 2207 6562 15057 6128 13705
6118,12387 12388 11894 12392 5095 11895 12753 8031 11893 10565
6119,3654 3656 3648 13211 10393 14292 11389 10403 11971 3650
6120,8873 10529 13933 8500 2324 5325 5375 6411 11481 8872
6121,12620 12017 13949 15205 14493 12784 7002 8581 14391 15072
6122,3719 74 10214 2986 541 13168 10203 14954 10225 13012
6123,12017 14092 15075 15074 7579 13884 12753 4788 12387 13636
6124,11458 6374 6596 14591 9527 11459 14243 11213 14239 9296
6125,276 12512 8038 13847 14529 3800 8667 3055 10010 13216
6126,14792 14296 3041 12013 7622 15076 5463 9155 15072 10256
6127,14255 4564 1886 3561 2015 13929 5559 13720 8085 13000
6128,2938 9544 11993 3922 15244 6948 1093 6367 11867 2781
6129,14780 8901 13780 15204 13917 2094 2088 14926 14373 6139
6130,7433 11934 15140 5028 14447 6072 10254 12621 8970 6155
6131,2277 2276 9683 2283 2272 10334 2416 13767 2278 2254
6132,14080 12440 4436 11314 14876 9119 15045 13016 11185 14382
6133,14022 6278 5524 5329 13364 5523 6568 5527 11945 9021
6134,9573 15077 13563 7240 9078 15007 13461 6971 6588 1830
6135,12995 2128 2514 3738 2123 7370 11643 547 12347 6914
6136,10529 6495 7526 6543 11619 11615 13137 9699 6536 13178
6137,12293 12673 12289 12290 12292 12675 8211 11186 13381 12291
6138,2089 10133 1637 12277 13969 8101 9566 4131 12593 14798
6139,12852 8196 1093 8857 7698 249 3618 4250 14197 12614
6140,15078 2151 8350 8286 733 14854 3972 5319 4720 11544
6141,15007 14578 15204 15118 8563 13603 2468 3735 3063 4426
6142,1173 15128 9885 8921 8929 10596 1225 8695 8916 13031
6143,11687 12266 14025 3013 11247 14024 14076 5563 12328 11246
6144,14865 14798 14307 14869 725 14868 15206 14100 14554 2204
6145,14865 14559 14866 14869 14823 15244 14868 14163 8999 14554
6146,7960 2929 13978 2276 5636 3197 9092 3974 7961 7343
6147,12620 14493 12784 8581 12017 13937 15069 14579 12689 14391
6148,13945 351 2717 5259 14398 13898 12864 8102 11281 13175
6149,6812 5823 9049 10270 1735 1739 8652 7265 2300 11985
6150,8188 14578 15012 7398 3053 3056 15013 3058 14407 13162
6151,6614 14223 14028 14222 8737 8400 14160 6346 15129 13124
6152,12386 12388 15055 10321 13807 3906 12387 14904 6800 13670
6153,12388 12387 15055 13807 12386 14904 5095 13670 12753 10596
6154,14703 2204 15206 14100 106 2031 14702 610 14220 1351
6155,15081 14839 14840 8243 9830 14686 14166 14993 14639 14992
6156,12104 1544 13527 5634 9770 1883 8414 8420 8416 8419
6157,4215 6366 3441 6367 6974 3719 9049 4243 4121 5762
6158,3548 658 14591 13161 656 8573 2116 820 2023 8666
6159,4238 12876 7632 6610 12653 2161 8880 15039 12004 4215
6160,15083 8198 15082 9097 4406 10328 5990 4394 14893 205
6161,13838 15192 14721 14740 13570 6582 10560 9511 3197 2635
6162,15060 11473 14493 15028 14570 7122 3053 3056 3058 7125
6163,12134 14039 12518 3264 12850 12574 12101 275 12719 5334
6164,14476 5595 6836 11867 13920 3906 14493 4454 14543 8272
6165,12784 15007 14334 725 14742 13476 13472 3152 8050 14578
6166,6099 2613 8212 8211 6100 10604 8638 12480 11166 14066
6167,13940 15079 14555 14583 14851 9054 15228 8873 14427 14551
6168,14120 15245 14299 8581 13143 14493 12438 3990 11935 8708
6169,2107 2748 2949 2950 11461 2468 580 2103 11458 10348
6170,12463 14718 713 6589 10266 1625 3590 12719 4728 12479
6171,12313 15085 1028 12720 14274 5454 7670 1238 11934 14431
6172,11665 3411 11733 1652 2653 3947 1304 4973 7846 2655
6173,15006 9207 14583 11458 11462 8007 12017 9779 14584 5376
6174,8081 7170 10321 12386 13601 8082 3906 8076 3745 13598
6175,13538 14890 9832 11610 3429 4375 15129 12622 8033 3849
6176,518 8483 12983 11653 15056 1553 5792 3313 9265 9715
6177,14268 4576 11928 11253 14003 13216 14508 14561 7179 14405
6178,3906 8581 9056 15069 15072 0 14391 14891 14792 14914
6179,8904 12501 11112 5193 13455 14324 13329 12534 6570 8905
6180,859 2577 8184 11424 3986 9947 749 10348 13161 5095
6181,7393 4346 5850 7395 7394 12842 1324 12313 13323 7396
6182,6613 13577 12371 11709 6747 6951 8788 10683 11467 2942
6183,14215 11073 6054 13454 14890 14506 12142 13040 7380 9974
6184,12282 14039 13175 10253 10254 7648 12520 6507 13641 11568
6185,2774 6826 10138 109 6255 14780 14243 6020 14239 9298
6186,3504 10737 7572 10798 11632 12237 6065 8999 11529 10508
6187,8960 14842 4265 413 4245 1310 7954 12708 14915 10085
6188,6270 4028 14484 5259 8218 5758 2813 351 14854 14914
6189,15078 2151 14591 7003 11405 1434 5434 12868 6998 14636
6190,4963 12385 10529 12064 14956 14013 9688 14843 9961 13673
6191,6415 13932 11755 12746 12006 1168 13931 8526 13628 10525
6192,4450 7163 14858 12247 187 15188 7161 10335 11849 7162
6193,8376 14607 3485 7208 5455 12785 9590 12421 14578 14554
6194,15016 13594 3006 962 963 3005 9287 953 5058 958
6195,12620 12784 1069 15088 5438 10488 651 14396 11841 14356
6196,15089 6276 352 10695 6291 11654 6268 1246 14176 10694
6197,600 9071 10281 11361 13658 1989 8964 4509 637 10282
6198,2930 1747 12667 297 9890 11294 10308 2916 11855 11301
6199,12087 11480 5971 14056 12516 9024 8479 2813 4788 10566
6200,12843 5430 5431 13409 12581 12844 8642 5432 10974 6876
6201,13813 14416 12504 10604 14074 5224 14077 14075 14076 8214
6202,5747 4705 8759 7354 13754 10613 6334 127 8192 10141
6203,13315 13316 8362 13409 14195 14180 12821 13009 13010 12820
6204,11112 13200 1324 12007 12006 2742 1168 14405 13353 1167
6205,2742 13353 5998 13319 14405 5999 2741 13327 13320 6416
6206,12509 1528 1323 405 13244 8892 13326 13128 13730 14457
6207,2816 13439 14457 1166 13452 1535 6417 2815 13353 13322
6208,13574 14405 13327 13271 2816 14183 1165 404 13353 2742
6209,14405 2816 11418 12426 14457 2741 13232 405 13651 2742
6210,297 7923 13129 6863 10267 9405 9187 10612 1880 13082
6211,12502 14052 15032 6326 13422 13851 6867 12506 12500 12501
6212,14376 15271 14374 14375 13439 13440 4533 13256 6573 12900
6213,13353 2815 8904 11112 13322 6417 11749 10525 5999 12501
6214,13326 13439 2816 3464 1166 13452 14712 13320 2614 7396
6215,13345 403 14122 13346 13651 11418 14457 4737 13347 12426
6216,11052 13439 2816 3464 13326 13731 1166 5193 14712 11878
6217,13346 13326 13562 405 1323 13347 2822 1166 2816 1168
6218,14811 406 15032 14812 11123 361 12502 13439 9787 14755
6219,13422 12502 6867 14052 15032 404 9791 3464 2816 9792
6220,11112 14405 2742 13353 13439 12742 9784 1532 1324 13322
6221,15032 14052 15091 14811 12502 14812 406 13422 9792 6867
6222,14405 1323 13334 14457 2816 404 13651 11418 12426 13330
6223,15032 15091 14029 12502 406 361 14359 14811 13320 15224
6224,13327 5998 2816 2742 13352 14405 2744 3465 12426 12425
6225,13327 2742 13353 12426 14405 2816 2741 14183 2743 11418
6226,14405 13323 2816 13650 13439 1166 1165 13353 13326 11418
6227,14374 9784 9785 9787 14375 14408 4329 11111 14376 14179
6228,2816 13651 13672 2742 2741 13439 1166 13353 14457 14327
6229,13353 2742 2816 2815 5998 14405 6417 5999 13352 13319
6230,2816 2744 13327 13731 2741 13439 1165 3464 15035 13353
6231,6351 13248 10525 6416 6417 8906 8905 13320 13322 13701
6232,1323 14662 1324 14457 8835 14405 12501 8526 2816 5193
6233,2365 15224 6573 360 12816 13200 11112 8354 10040 11614
6234,13672 1530 1525 12743 11392 405 1330 13574 1535 13651
6235,12006 1168 13628 13932 13700 8402 13200 13323 13651 8401
6236,14457 2742 12747 13353 1165 2816 4515 2823 2741 1535
6237,13959 405 11121 14405 12446 9791 1532 13187 13651 11112
6238,2744 4515 12425 13327 2741 12746 12747 5193 13731 14079
6239,14325 5194 8109 14712 8731 13248 13328 14799 15035 15010
6240,7686 2614 13352 13339 13960 13338 3465 2816 13319 5998
6241,14405 3465 13352 2816 13651 11418 6417 13574 12426 13327
6242,11112 1339 13319 5998 1534 13320 5999 6416 13322 10525
6243,14655 14335 5999 13352 13186 13960 6353 13651 6417 13539
6244,11112 6350 5999 10207 2816 13319 5998 2815 8904 6417
6245,2741 2614 13320 13319 13353 6416 2742 11112 12425 13701
6246,13806 13804 13957 3333 13805 10976 477 305 9575 12192
6247,1165 8830 14405 14457 1532 11112 14138 2816 13353 8827
6248,6417 4330 11418 7396 4516 13651 13326 2744 13701 12426
6249,11418 13324 12426 13187 2741 13186 2364 7396 13539 13188
6250,408 2820 12426 2824 2816 5999 2823 13322 7396 2742
6251,6989 14183 14405 404 2816 13352 12502 13271 14457 403
6252,2741 8907 12425 8827 6416 11418 2744 2742 13353 13322
6253,2741 12994 12425 12882 6416 12006 2744 11881 11418 14405
6254,2741 8830 6994 8907 8827 12425 11418 2744 13186 13187
6255,4315 1381 15069 6109 2657 5262 5263 6107 11001 7705
6256,13117 11782 6923 11781 11684 14446 11689 15098 3955 7660
6257,14120 14674 15245 14417 8581 14142 13143 12438 3990 8708
6258,1844 13070 1841 14588 14890 6297 7405 1268 7779 7106
6259,10254 15140 14039 1912 10253 12282 7433 13175 7571 2727
6260,11011 14000 947 500 13675 934 4970 914 2184 11014
6261,14090 5970 14091 13004 11692 13971 1669 8326 5967 13547
6262,10184 6090 7849 14147 7848 10834 8236 13616 12753 6202
6263,14657 8869 13320 13855 14183 2614 15097 7224 6094 13351
6264,11780 11781 9972 4454 7660 14027 12282 11026 13597 2843
6265,1133 15042 15021 12559 14561 1536 12061 15043 9287 6274
6266,12923 5102 12924 9712 14966 5101 5111 1341 5108 12859
6267,11536 12876 12874 11537 3082 15126 4611 5508 11624 14225
6268,10417 11855 10818 4285 12282 10276 4131 816 7579 478
6269,11047 13481 10838 15099 8038 11424 5728 12359 658 9890
6270,7014 14762 14546 2009 13212 14764 11571 15217 9307 7015
6271,12934 15027 10461 12735 12935 8164 6847 15236 12199 7072
6272,7474 1226 1117 7473 7475 1220 5799 1221 1224 7472
6273,11120 8164 14753 5673 10950 7014 10949 4061 14209 4063
6274,14226 14923 14130 14548 9658 14480 12850 4430 9249 13885
6275,267 14182 6842 9961 10443 13368 12333 12611 13103 13647
6276,13483 1861 11949 6320 6323 1011 4061 5876 6324 8536
6277,12282 9851 2014 10365 10366 6553 1357 4142 2376 5671
6278,14091 14090 11692 13004 6909 5967 6186 9998 5970 8886
6279,13142 12959 7018 12951 6884 2418 5287 12954 12958 12955
6280,14170 560 13616 11642 10253 7628 7253 13605 6548 12282
6281,9436 14342 1789 13459 12931 9233 13544 7085 14726 13252
6282,12229 6225 12765 13070 11140 6395 6228 3643 7580 10970
6283,9661 12858 9807 12025 1178 10986 14340 13393 11661 4545
6284,11841 6510 15100 7106 7947 1592 1844 2731 7434 11840
6285,11907 13841 11908 4458 8032 14006 10490 4454 8008 13830
6286,14146 13961 3753 14002 14314 13893 13530 1700 11649 1846
6287,12196 9438 11143 658 2422 11260 567 3661 14737 7438
6288,6479 12748 14731 13239 12518 11529 11219 6240 1665 10970
6289,1844 11648 13217 6781 1841 7938 8144 6783 8770 6297
6290,127 12620 13285 7302 6210 6974 4121 7633 6971 725
6291,13782 5259 3862 13385 12868 14274 3877 5970 8118 6533
6292,11112 1532 13439 14405 1324 2742 13322 2820 13353 13855
6293,9658 1345 6548 8590 14923 14130 14548 14480 12850 4802
6294,14091 14090 11692 5967 13184 6186 9998 13004 14953 8886
6295,9183 7394 3947 11273 12714 4346 7014 3989 14258 9181
6296,14001 6669 7850 13537 13269 13104 4785 13176 14230 14118
6297,13665 15101 15238 9165 4517 2851 13263 9691 13685 14968
6298,10441 8329 8328 8335 8331 8332 8330 14046 8340 272
6299,15102 13441 10041 5192 12884 15210 14183 8808 12501 12500
6300,7401 7571 11692 10254 10910 7253 2724 5983 11637 9170
6301,11949 10071 1011 10073 10074 8645 5876 10068 7925 6320
6302,6783 9803 7571 603 10254 13617 10910 5983 12868 11215
6303,13519 14274 6810 12077 6811 12074 12071 12072 12895 7404
6304,13556 12147 14763 14410 10911 12143 15235 13101 12145 4881
6305,14085 10986 9830 1561 14086 11782 9999 12486 5151 13901
6306,7630 14672 13585 3044 1751 1752 10268 15006 13935 4869
6307,2820 12426 5999 2823 2816 2742 13186 13187 13188 12747
6308,11065 3092 11064 9604 3769 8523 11068 10139 9075 4552
6309,15105 4444 11907 15104 9517 1472 1471 10642 1121 8467
6310,14057 11190 9199 11148 13697 9683 11289 9204 10334 9207
6311,1002 999 1001 14753 10999 2622 1005 1000 1012 1004
6312,7217 4367 1773 1774 4061 13483 14682 5854 4415 15041
6313,2885 11025 11027 5129 4336 1772 11026 4285 1904 12282
6314,12802 12803 3268 12801 11530 12796 12800 12798 12795 13675
6315,10365 10366 4142 2378 4141 6320 1888 1356 5671 6360
6316,4430 14923 14130 14548 9658 14480 12850 13606 5646 5649
6317,10191 8167 12297 11703 11907 4444 8166 6550 7099 3083
6318,13728 1082 8210 13729 8058 731 12327 14666 6319 7868
6319,9236 12282 10366 2014 10365 2374 4737 1356 9235 5671
6320,11469 3676 8181 11681 4811 4810 1249 10806 2414 3208
6321,14740 3197 1527 10625 14721 15034 15192 10884 13570 5999
6322,13105 12568 12717 13668 7623 1094 11117 9965 9581 364
6323,13668 1094 13105 9965 11117 2867 12717 15019 13419 11375
6324,13795 12499 1558 9324 13175 9323 7850 13171 12498 15241
6325,10488 13848 13793 14229 11248 13278 1558 14891 13794 12527
6326,2875 4454 9752 2871 1827 9751 4135 14758 14270 4607
6327,11536 8541 11648 8536 12876 12874 11650 11537 1725 8538
6328,13766 14115 5693 318 12804 13694 12939 14112 9939 5713
6329,2371 2374 2370 1356 4141 9663 1354 10366 4142 2375
6330,14118 10251 6764 12233 10892 10250 266 109 7180 6911
6331,5006 5005 5009 5008 5007 7850 4381 11540 14591 820
6332,5452 14057 6911 9085 2276 13570 5454 7830 2291 2294
6333,14739 13898 12470 13741 14311 14310 3435 1127 2655 7849
6334,7014 11273 13101 15155 9307 14763 7015 14762 15106 2881
6335,574 102 5796 5793 2276 4339 2283 2272 271 2288
6336,3197 2023 12221 13767 14740 12218 13970 11477 297 5594
6337,15107 4576 9287 14003 14268 14383 2166 3098 10334 9893
6338,3709 4784 9053 4787 4785 6911 10435 14070 1078 11934
6339,8386 12311 12253 2288 11980 4045 12313 2930 9021 15204
6340,9296 15006 14162 11458 13920 12178 12784 9779 14475 625
6341,8621 7121 3055 7122 1367 13952 7125 7112 7116 7113
6342,12975 7441 14579 8960 14391 13513 5304 10860 3383 5833
6343,12617 10037 12614 3834 13240 11855 8902 12618 12613 14377
6344,9361 4657 13440 6338 4656 11166 10604 6572 4664 15189
6345,9658 9470 9473 5737 820 9469 9334 1631 4019 2768
6346,6347 416 10086 2086 13720 14744 9438 8509 6568 9440
6347,13065 1998 3572 3573 3571 5221 2088 2797 187 12949
6348,5095 12565 11038 12387 8882 6297 14549 14573 767 6549
6349,14790 15108 14276 13810 3615 7444 9026 8214 13720 12614
6350,13811 13810 10604 8214 13813 6793 979 13812 9287 5010
6351,6136 8759 14798 12431 6139 12614 7563 13916 11211 11148
6352,12647 13703 14795 13269 7309 12646 12310 10845 14066 12844
6353,13431 5364 5374 9576 6115 5373 5371 5372 6921 10613
6354,6303 15160 13771 12234 1904 15285 15272 4522 7695 4540
6355,10084 3716 12785 15109 8636 9004 8085 14179 6128 14145
6356,12182 1956 12274 15000 14900 1951 14066 8757 1884 1955
6357,14809 13432 13532 13433 12997 12172 13256 9760 1884 1885
6358,12949 3572 3566 1997 4056 13920 11095 1998 1996 13306
6359,6128 10824 8617 15109 6003 14381 8896 13522 9430 14676
6360,8096 13382 12049 4565 15 9759 13 8095 0 2662
6361,14381 10824 6128 8617 15109 6003 9430 8896 13720 14676
6362,14428 8638 3233 2796 8560 14777 11171 11165 13817 12602
6363,3450 3451 12740 3447 6278 3448 5349 13364 351 3445
6364,2797 1542 12066 14622 8275 14041 2663 5557 12977 1635
6365,10884 12410 12414 12415 11261 12413 12411 12416 12417 12408
6366,11095 11191 14777 15110 3274 14622 1997 10083 12092 2610
6367,13904 12392 6852 13031 602 12650 12391 11659 9364 14066
6368,6334 14917 14919 14916 14918 14032 9820 13754 12884 4164
6369,13461 9027 14222 9573 11855 14935 13064 8903 7774 658
6370,8899 9571 14796 13063 25 14795 11095 8252 13311 2018
6371,14519 11184 12877 7116 15112 12810 6642 14578 7125 7113
6372,15113 13071 7225 15006 7723 11472 11458 580 1345 9779
6373,14706 12494 9693 14960 14705 13521 14848 13675 2254 14975
6374,15020 11949 5398 10919 14618 12086 11683 4762 3596 216
6375,14900 5116 1956 12266 3245 10669 157 1955 1884 1951
6376,15115 15117 15116 15137 15136 15138 10287 6743 15245 8708
6377,5758 1247 7399 12327 6579 1248 10268 12466 14431 1249
6378,15118 12668 4426 15007 7914 10308 3063 14578 91 2415
6379,14891 14396 13017 13848 7850 8581 15244 10488 13530 1488
6380,10215 15000 14320 14869 12166 14391 3942 9052 10369 13919
6381,10934 708 10095 13737 9170 7467 7680 10798 11424 15101
6382,4451 9350 11631 11767 725 12530 12179 13160 13451 14636
6383,8140 14436 11704 9991 7085 1613 1699 4775 14835 1118
6384,363 1797 15154 6004 3837 3791 12004 8618 8652 3615
6385,6523 9924 5567 5571 2464 6522 3309 3330 68 11250
6386,12233 8852 5260 12194 3638 6057 2483 7361 11551 9687
6387,1558 9324 13175 9323 4451 14228 14434 14229 15140 12526
6388,3367 14052 3167 4717 15032 12097 15204 5082 361 3989
6389,7579 12017 4191 7050 14348 15074 4131 9442 11914 744
6390,13364 6278 10505 8970 11945 7774 11317 11027 14019 1835
6391,10701 15120 10711 6150 8045 10705 10706 11523 13407 7435
6392,12708 881 979 10558 2867 3805 9832 14243 14239 2912
6393,4348 4900 15207 7326 6663 10532 8754 3161 5610 5215
6394,7954 4129 3811 603 12089 1796 12431 3719 10511 4379
6395,15123 15121 15122 6081 12386 692 15124 6646 15196 4250
6396,12238 9853 12240 11225 12242 11436 12241 12239 2375 11347
6397,4731 11249 12973 14013 14095 12476 15042 1178 12466 6297
6398,10441 9810 1094 5385 5716 8979 12576 9809 1665 1663
6399,6070 7796 12208 4971 6098 12924 13251 12938 6515 9393
6400,13673 1360 8008 8885 13267 8029 1122 8024 1364 1359
6401,4503 805 9974 12053 4490 3936 1390 6588 109 3922
6402,2672 9098 10532 1804 974 8973 15100 2790 3466 14386
6403,13017 4424 13513 4430 10171 4431 5224 8771 12985 9183
6404,13716 9895 13879 1121 273 2843 6573 11771 260 14698
6405,8489 7334 6940 6722 2614 529 1345 13612 4837 8780
6406,8403 1901 6317 8401 1047 1830 13570 12084 14935 9442
6407,9576 6137 13821 2018 8252 1451 13820 6136 4254 6138
6408,10369 15000 8567 10215 4943 14359 14704 11934 12166 6072
6409,6004 407 2816 13439 13623 1166 1535 14457 12747 12426
6410,14944 8428 13521 14975 13675 7700 886 14441 15193 15288
6411,5074 6222 10645 2987 4422 209 9602 2161 5280 4017
6412,14130 14636 11366 12850 14497 12530 13885 14131 15069 5267
6413,15065 15196 12493 14082 3200 10572 6691 9700 5003 2018
6414,3330 8759 8100 12649 13462 9566 158 14232 13461 15204
6415,14483 12568 8027 258 14429 14471 8008 5259 7658 14714
6416,13017 4424 1558 9324 13175 12693 9323 11147 13513 14229
6417,4311 9298 9302 8656 4132 9406 9301 4687 9307 9308
6418,7 14549 14787 1082 9111 11210 14573 11209 0 12678
6419,5198 15125 8236 10184 12753 4737 4800 3847 14504 14730
6420,13642 11888 13643 12439 13024 13121 7682 14754 5338 13548
6421,4710 4964 4754 5896 9097 5325 771 5895 4073 11546
6422,7505 5550 9312 1427 8724 2232 3071 9926 1481 105
6423,4871 7954 4129 4837 3811 12089 9204 4956 9207 3719
6424,14519 15285 12877 11424 14578 15069 14306 7113 15028 11126
6425,15060 14570 11473 14493 15028 4810 4811 14005 7122 14030
6426,2344 2340 7992 10711 5435 6150 8045 2352 10705 2341
6427,15118 13806 2415 13920 5792 13805 12668 7054 14391 10708
6428,15126 14225 13568 6364 4036 2887 1318 11536 1317 3082
6429,12089 12090 6327 6331 11621 12088 12200 6491 6480 6501
6430,7462 2020 14267 10214 138 13168 6568 9438 8509 8420
6431,10884 15006 11462 3114 11458 14839 9779 8618 9299 4757
6432,8695 15128 5882 4572 8427 14391 5879 8921 8567 13919
6433,15129 14471 8735 8736 8733 8734 5929 10562 13439 14217
6434,1789 12931 15131 9232 6945 13252 10000 13255 6393 9233
6435,5792 12017 3947 625 14621 3407 15006 5737 4284 500
6436,1807 5523 8450 12431 13401 13143 458 8759 12438 602
6437,11783 14521 11884 13024 8613 9713 13691 14117 13104 266
6438,13070 1939 6887 7651 4069 2627 8116 9809 1665 1522
6439,15020 4020 14618 12032 8873 708 13058 14615 4349 611
6440,11235 11236 11424 7705 2319 6691 2657 9700 5777 9701
6441,11536 4142 2369 12876 10366 12874 11537 4141 2374 10365
6442,14971 5678 11446 15057 12691 7821 5676 11140 12451 11488
6443,11120 8141 8604 8374 5673 13393 4545 14209 342 4063
6444,13404 4971 7796 9393 11358 1124 1121 3428 11357 9394
6445,6990 14519 6572 7113 8494 2155 4363 8497 12877 15022
6446,406 14040 14743 13366 13741 8770 15032 14811 3210 5596
6447,13940 8873 9055 14088 14427 13587 15079 14555 14306 15006
6448,14997 14718 5225 8873 8780 14493 7199 1670 4129 5037
6449,14299 9442 12017 564 565 571 2655 3853 10042 13699
6450,13430 14222 13431 13439 5623 14316 14410 14471 14176 12884
6451,13957 15179 13806 3437 10746 6291 15022 6292 6281 15021
6452,13940 14427 14555 14306 14851 15079 9055 15228 9052 14088
6453,14142 15132 13699 14417 9544 14490 14674 13831 14470 3333
6454,15133 12991 15246 3066 10978 10429 9798 10428 3064 14975
6455,5781 1253 5783 10255 5782 14064 12484 1845 1841 7658
6456,15134 14147 5699 8497 14826 11178 2178 14520 11415 11417
6457,8873 14826 15228 8999 3063 15134 14578 14851 91 53
6458,1518 14886 14966 7054 2916 1311 3743 3264 14674 12719
6459,5225 14930 15244 13937 13563 5545 14718 14621 6902 9078
6460,13409 14195 8108 3171 2669 1785 5430 13522 14180 14590
6461,15136 15138 15137 15117 10287 8708 15116 15245 15115 15143
6462,15139 15143 12469 10287 15142 8708 14855 15141 15138 15136
6463,3859 6785 14890 1268 11687 11849 14219 7106 13668 6510
6464,6415 7249 10277 13578 9517 10279 12269 13589 4840 3944
6465,14541 11619 1594 15144 14847 15145 10048 3397 2428 2919
6466,11318 12756 11319 14286 15126 5876 4142 1315 2374 11120
6467,6780 8057 3758 6778 6784 14616 11733 3590 2054 6783
6468,8873 14824 14555 14551 14868 14166 14930 91 11314 14876
6469,9511 14931 15192 15146 6582 10560 10834 14865 14687 2635
6470,739 15147 7313 10806 2142 14551 14554 14555 13410 8060
6471,13033 13134 13919 3021 3160 14780 11440 13597 9098 14929
6472,7014 7015 12663 9751 10067 9625 4133 1721 9752 14753
6473,15148 8999 14851 15228 14865 15060 14839 11820 13919 3063
6474,7909 1883 9026 9021 14454 5224 14076 11687 9025 6210
6475,3019 3240 14591 11405 3618 15203 4332 12868 14636 13016
6476,15149 3548 14957 14581 15162 8666 13959 13804 14388 14910
6477,8860 6378 14405 1532 11112 12884 6377 6573 15102 13439
6478,15150 14213 4511 14494 14209 11120 1859 9370 14458 9516
6479,10910 12191 11669 1830 7054 12190 725 13143 5397 11215
6480,6784 6502 13416 1126 3758 14169 7261 1124 4947 13777
6481,14344 8176 11473 8462 9341 8243 15244 10653 13513 9685
6482,15059 15119 15168 9795 1631 4504 12882 13930 15051 11111
6483,15152 2614 15224 12114 13320 15271 13319 7224 6754 15031
6484,15027 12934 12935 14750 14736 13163 2622 4037 15236 14746
6485,10696 10874 4719 14234 10873 12648 11210 351 14467 13780
6486,14616 8414 8419 8057 8409 6567 4400 4399 553 8420
6487,10080 14413 4909 13720 8812 2662 14684 11767 13461 14106
6488,15153 6866 1532 14405 11112 13855 11111 13439 13711 9784
6489,13916 12618 13067 13807 9574 10959 12614 8759 15055 9348
6490,15021 9371 15022 14699 15042 11080 5398 1620 8798 15189
6491,15057 4437 4245 4199 10321 9296 12386 8871 4496 2018
6492,14091 13184 4966 9998 14953 9517 12670 13534 12040 8235
6493,11424 859 8038 2577 9170 7014 8184 4287 15099 12512
6494,12748 7937 7942 7944 3422 3426 14153 7941 4881 1108
6495,15101 13685 13736 9165 3483 4517 2851 9409 13263 13665
6496,8419 11148 4288 6872 9774 8414 14950 8195 6567 8420
6497,2797 13065 10242 3573 5221 3567 9372 3565 3572 13306
6498,13101 7014 15106 15155 14410 11273 9307 8848 14762 13556
6499,14218 1356 9663 11923 10997 1771 11350 5450 11987 5845
6500,9779 15006 11458 2709 4591 4215 4243 10597 4237 15142
6501,13399 13484 15207 4061 14789 13483 7100 12998 11614 12585
6502,13806 10976 14775 8087 11042 351 3896 13019 8094 13819
6503,11934 10471 9065 7433 458 3226 6381 8658 10472 596
6504,4240 7463 3037 6651 2241 4147 3925 11015 1918 429
6505,1989 11458 11462 10039 2936 15006 9071 438 6022 1992
6506,12066 8759 13916 14798 9348 12431 12614 11211 5224 14377
6507,13617 6783 14167 9803 14732 14340 6781 4551 13887 12858
6508,15205 14493 14718 5012 3186 6636 8780 15154 9209 8241
6509,7670 1028 14431 12789 11236 11820 1243 5971 10171 13570
6510,10672 109 3662 15028 8591 8067 7709 3933 10383 2217
6511,3055 15205 15060 13016 7125 7122 7116 7121 12810 7112
6512,1047 6317 12199 12001 8403 5882 8824 2116 1830 9469
6513,4295 4324 9693 593 592 3355 7698 4321 11301 5591
6514,12927 11907 4444 12928 11841 1789 14732 6513 11840 11475
6515,1558 9323 9324 9830 13654 12858 13278 14028 13279 13616
6516,13286 10821 14356 11148 14685 14352 14568 941 3429 14433
6517,9287 8526 10898 3040 9288 12501 3005 1323 1549 4381
6518,14842 7054 2468 5792 1201 4215 4243 8662 4237 4209
6519,10917 13009 9026 9015 5224 10916 8363 13813 9021 13008
6520,11889 12655 11721 12211 9969 8161 11722 13621 7058 6432
6521,6291 6275 1246 6278 5990 13658 6292 6274 11813 6289
6522,11254 14985 5253 3005 13954 14097 3152 286 13886 9785
6523,15162 4306 15161 4300 568 1799 10257 723 9097 7952
6524,1652 13051 49 10407 10086 9658 7846 15069 7844 3411
6525,3005 5253 9407 2011 12624 13954 11254 2010 8497 6395
6526,2890 6553 9751 9303 13590 10072 7057 8166 11949 4134
6527,10664 13571 296 38 7184 2584 82 11473 56 2468
6528,14493 14718 5225 14997 15205 8581 15060 9319 12875 1670
6529,1187 9442 14082 6103 10804 3863 8354 10308 8052 5997
6530,14780 637 14451 3274 14798 13306 1636 5222 13780 6139
6531,15163 11883 11911 15228 12864 14579 9973 53 14578 4719
6532,13439 2816 13326 1166 3464 14712 13452 13651 11052 13322
6533,3808 8554 6063 3232 1816 4833 2980 10388 7192 8553
6534,1554 12864 14119 12923 1874 9973 7643 7650 9972 273
6535,1472 15105 1471 10642 1470 1473 15164 13438 3947 9517
6536,14274 4346 8567 2604 1989 1820 10792 11104 7621 10561
6537,12064 14956 9961 14013 12385 13673 12333 13647 11384 267
6538,2804 1367 13022 4653 12995 7054 11368 11370 1496 4660
6539,8695 1901 15128 82 1647 6663 3264 4284 5882 15281
6540,1613 3395 8432 7429 1512 8083 11704 11621 6472 5497
6541,8970 10305 6644 1393 11950 8975 9468 6026 4209 3702
6542,11824 11138 6576 3017 10308 10978 13563 603 9296 1796
6543,12497 14950 14591 11956 11405 8419 14424 15177 15176 12868
6544,4695 5581 15232 5463 9511 4454 14548 3208 11021 6691
6545,15051 8130 5259 6533 5970 8128 8007 8023 4504 15168
6546,11124 14240 9522 11125 8871 9116 3921 14733 9523 3798
6547,2741 6120 6123 12425 6416 13353 12501 2744 2742 11418
6548,9143 7205 10247 7203 8355 14005 12600 15046 9241 6319
6549,14377 1541 9348 13975 4441 8295 8274 10057 13916 12618
6550,14621 11740 2313 6675 15154 4379 12593 618 385 4837
6551,7687 14628 8440 3245 10057 4860 14627 14629 12150 3787
6552,13160 15165 14164 15166 4719 11197 14658 11204 2094 3114
6553,14795 7309 9101 14231 1544 9078 14796 14791 10036 13703
6554,14770 10085 4594 3896 13819 14769 11209 11687 11621 4652
6555,14659 12366 12365 1 13594 10646 7755 14549 14573 14359
6556,14798 13306 14451 1637 15167 15078 1636 14780 13720 8759
6557,5331 3482 11204 2094 8758 6278 1882 8812 13364 11200
6558,14453 11844 12274 1128 1078 12168 13936 3833 8243 12182
6559,9576 14076 7909 8085 12999 9026 11687 12266 13813 5224
6560,8295 14683 14591 13975 10872 820 14377 10057 14684 10874
6561,8420 1544 8414 8419 1883 6796 6567 13720 14795 8096
6562,11850 3005 2010 2011 13684 14681 6395 13025 10899 2009
6563,12182 12274 13720 15000 8663 8757 24 5397 14788 13608
6564,13382 11199 11204 2094 8758 8812 11200 12645 8096 11206
6565,10456 2015 14255 335 9021 10613 11200 7354 13754 9014
6566,14966 13817 13944 5557 11165 13818 13814 8638 2796 2795
6567,2787 9350 4594 15000 11767 725 11209 11687 4652 11621
6568,13399 14789 8085 12998 11688 12677 10456 11614 12265 12495
6569,11143 5351 11260 11141 9795 2174 12882 11657 11111 10563
6570,7699 13520 8421 7700 8414 8419 886 14975 13675 13521
6571,15168 15059 15051 9795 15119 4504 1631 12882 13930 11111
6572,3058 3053 3056 3052 8370 3054 15060 3057 2083 14584
6573,7384 4671 4672 14179 14334 13947 2217 7388 14720 15223
6574,12147 11120 13590 12143 15235 12145 7849 4881 13556 13568
6575,6364 11532 1778 9191 4415 11352 4060 9192 6361 1780
6576,2950 11837 2945 0 9829 7199 351 1328 1514 14377
6577,14892 8596 13485 3073 14149 15165 13054 8599 8486 14155
6578,15205 771 7203 15029 14524 14849 0 12995 8370 2655
6579,11373 12017 197 174 8793 6788 7769 1290 7113 13884
6580,5535 4035 10913 8296 10071 15189 4034 13426 12866 10074
6581,14262 11470 1532 14892 14405 11112 13439 14508 8486 7580
6582,5732 10934 10472 708 5729 3209 3015 9318 5731 11383
6583,14056 15020 5601 13216 12204 7865 8460 3501 9582 9359
6584,4956 14635 8737 5481 8733 266 8734 15129 8736 7180
6585,15118 15045 3063 14578 4426 91 13016 15007 10536 15288
6586,6084 6911 6090 9834 12966 3638 9839 11321 2907 9837
6587,15031 14408 11868 12783 12150 15224 11046 10160 12503 12506
6588,10930 328 10931 4568 779 3455 3984 1521 7922 40
6589,11949 2883 2875 4139 11624 5447 9752 2881 9626 2869
6590,11473 113 2310 14669 2161 10664 2317 10125 7506 8880
6591,7311 12420 7313 7307 7309 7181 12753 4153 4950 5082
6592,14384 12663 9287 9169 6054 7872 6150 6845 14383 10300
6593,14214 13050 15086 8525 14209 15217 15170 15169 15219 10913
6594,4590 7654 2442 9287 4589 8683 8432 8814 7429 14260
6595,6650 7709 1451 2180 8221 2269 2251 2289 10225 5795
6596,12533 4509 1685 9390 6964 4353 6962 13048 12531 9405
6597,14891 14476 8581 12065 12312 10082 12697 8272 14493 14396
6598,7224 13320 8869 14183 13855 12114 12111 2614 6754 13319
6599,4752 4129 15171 4126 9332 14865 14542 4956 8008 9511
6600,12850 14923 14130 14480 14548 9658 13896 13897 4430 13885
6601,13216 12858 13213 1841 13214 13215 1840 9830 1558 9324
6602,8414 2681 8409 8419 2703 2705 6567 8420 2678 2687
6603,4616 10091 14269 6739 8541 8849 11102 8850 12608 3107
6604,14762 14764 13212 7014 14546 14763 9307 9406 13556 11273
6605,14887 6186 11315 11692 14091 8679 14638 12850 5967 10713
6606,14887 6186 11315 11692 14091 8679 14638 12850 5967 10713
6607,5917 10125 12086 9326 633 9324 9323 5904 14003 2161
6608,5225 14718 7398 14997 7631 11130 9135 3403 3405 14493
6609,562 15172 14502 5604 10558 5499 13057 14967 564 565
6610,12850 14923 14130 14480 14548 9658 13896 5497 13897 4430
6611,8999 14851 15228 14868 14554 14865 14166 14551 14555 3063
6612,13761 12164 14671 14505 6935 11575 8414 5788 13278 8419
6613,551 6682 4926 7211 4500 2255 3935 11145 3926 8225
6614,4956 14986 13439 15246 14635 225 3066 4957 4959 4958
6615,7846 14450 13852 14996 10209 4727 7841 886 6584 7845
6616,7717 4441 14377 6902 13407 6682 551 4788 6658 4926
6617,14910 14388 2595 15009 999 9278 10690 14387 13675 14456
6618,14561 8456 15173 14209 14285 14286 9287 13216 12206 7179
6619,9789 14091 10169 7779 10171 7662 5889 7713 11149 14636
6620,3401 3719 9602 7982 5762 4324 5766 5764 7981 7398
6621,10268 15174 13104 6155 14447 5695 132 7431 3044 11934
6622,7014 7015 1709 7013 12803 14763 10913 7178 14214 13556
6623,12850 14923 14130 14480 14548 9658 13896 13897 14887 4430
6624,12825 406 14811 14812 11112 14405 13439 15032 1532 8904
6625,14539 7203 8950 14344 9244 5558 5915 1555 9783 14694
6626,12545 14141 14140 12320 126 9265 1397 1796 5971 10171
6627,14230 1754 3134 12144 12143 9510 2056 10209 13930 1732
6628,4447 14353 4448 8713 12090 6724 8316 13101 11260 10431
6629,6951 5102 5101 2462 5108 4630 6747 4632 5106 5105
6630,3922 1390 15217 3924 4503 1415 3928 3921 3919 822
6631,14704 15224 5938 9989 5582 7847 11213 10552 12670 14055
6632,10552 5938 5582 7232 14141 7847 11213 3335 3023 5587
6633,7847 5938 12321 15160 13771 13558 12234 11690 1904 5582
6634,14130 14636 11366 12850 14497 12530 13885 14131 15069 5267
6635,14540 15175 5938 14352 5582 7847 11213 14426 10552 14361
6636,7847 5938 15160 13771 13558 12234 1904 5582 15272 4522
6637,9026 14496 11855 14094 15175 13195 10012 9987 6218 14323
6638,14636 13079 11366 14130 12530 13885 13716 12850 14486 5266
6639,14540 15175 14496 9026 14352 11855 14426 14361 14752 14654
6640,14130 14636 11366 12850 14497 12530 13885 14131 15069 5267
6641,14540 15175 14496 9026 14352 11855 14426 14361 14752 14654
6642,14496 9026 9658 14491 11855 14923 15175 14130 14094 14548
6643,14497 14636 14486 11366 12530 14130 13885 12850 14433 14479
6644,14540 14361 15175 14352 8871 14240 14426 14752 14654 6197
6645,6985 7670 994 14130 14636 11366 12850 14497 12530 13885
6646,14540 15175 14352 14426 14361 14752 14654 5239 14496 14481
6647,14480 14923 14130 12850 14548 13896 13897 13885 9658 4430
6648,15176 14950 6077 11956 6584 8374 8419 12497 14391 15177
6649,12850 14923 14130 14480 14548 13896 13897 9658 13885 4430
6650,14130 5267 14636 11366 12850 12530 14131 13885 14479 5266
6651,14532 14130 14636 11366 2562 12850 14497 12530 13885 5889
6652,14130 14636 11366 12850 14497 12530 13885 14131 15069 5267
6653,14130 5267 14391 10210 9885 9510 10209 658 13919 10755
6654,14130 13697 14636 11366 11148 12850 6403 14497 12530 13885
6655,14130 14636 11366 12850 14497 12530 13885 14131 15069 5267
6656,2332 14636 4005 2344 12386 11366 692 12530 14130 15196
6657,12528 14838 14167 3334 14913 12858 13616 13641 15157 10253
6658,14130 14636 11366 12850 14497 12530 13885 14131 15069 5267
6659,14508 11820 13780 10871 12338 15069 1082 14860 14407 7110
6660,15178 3797 4504 7813 15051 15168 10985 10077 12593 9404
6661,2332 4324 6834 10552 4005 2344 5004 4374 4003 7989
6662,15179 13957 13806 15022 15021 6281 7399 5084 12985 5006
6663,5163 4129 4126 9510 10209 9332 14865 14542 8008 7162
6664,11260 14055 11143 9885 12670 5508 8576 13722 7438 13756
6665,14130 14636 11366 12850 14497 12530 13885 14131 15069 5267
6666,14130 14636 11366 12850 14497 12530 13885 14131 15069 5267
6667,14540 15175 14352 14481 14636 11366 12530 14426 14654 14752
6668,14540 15175 14352 14130 11366 14636 14426 14752 14654 13885
6669,14497 14486 14636 11366 2562 12530 14130 7716 13885 12850
6670,14130 14636 11366 12850 14497 12530 13885 14131 15069 5267
6671,14485 11366 14130 14636 12530 13885 5266 13716 12850 5267
6672,202 14897 14130 10434 5266 5792 2294 14497 6072 14498
6673,14130 14636 11366 12850 14497 12530 13885 14131 15069 5267
6674,14130 14636 11366 12850 14497 12530 13885 14131 15069 5267
6675,14636 12386 11366 692 12530 14130 15196 13058 12388 8250
6676,14130 14636 11366 12850 14497 12530 13885 14131 15069 5267
6677,14130 14636 11366 12850 14497 12530 13885 14131 15069 5267
6678,9658 5266 14923 14491 14130 12850 14548 14497 14480 12530
6679,14130 14636 11366 12850 14497 12530 13885 14131 15069 5267
6680,14130 14636 11366 12850 14497 12530 13885 14131 15069 5267
6681,14497 14636 14486 11366 12530 14130 13885 12850 14433 14479
6682,14130 14636 11366 12850 14497 12530 13885 14131 15069 5267
6683,12850 14923 14130 14480 14548 9658 13896 13897 13885 4430
6684,3019 15244 7115 3240 13952 14865 14230 7125 7122 11059
6685,8882 12429 14005 10135 7823 4345 10133 2703 3834 12678
6686,8891 10658 11840 14179 8857 6105 11365 10916 11188 6004
6687,14636 14591 11405 693 11402 11403 12530 12868 13286 691
6688,11237 11236 6345 13640 279 13440 6338 11238 6572 14882
6689,9116 11124 3798 14240 2434 8871 2436 11125 532 2430
6690,14835 8221 7328 6650 7709 1451 2180 13667 8220 2269
6691,14564 15180 14565 3628 14487 10200 15181 8992 10505 13511
6692,2089 4131 7579 2088 14042 2090 2091 5762 10133 9708
6693,10491 8567 8564 13258 3833 11946 13207 14950 11552 9837
6694,14851 14555 11820 5777 15288 15079 3921 9510 14427 15184
6695,14851 14555 15192 14721 14740 13570 6582 10560 9511 11820
6696,3793 14508 13752 13796 7779 658 15033 3591 13313 7662
6697,3906 7050 10321 12386 4191 13588 14278 5398 6800 14396
6698,7050 4191 14396 14162 15006 11458 5398 9779 9296 7579
6699,14166 15244 8243 11820 15081 14930 15184 9052 14555 14550
6700,14574 14705 14706 13521 14975 14848 14960 14704 13520 7699
6701,2391 9055 14088 15189 2395 2398 2388 14427 2387 2386
6702,11734 9197 8012 8008 10781 9204 9207 5010 9209 5699
6703,15182 8666 3548 3618 12700 14948 999 10534 15288 13675
6704,11389 776 11388 6650 9511 7506 6652 7709 11971 1451
6705,14141 12545 7232 10755 11253 14716 3700 5003 3853 10552
6706,2918 10210 14391 9885 9510 2917 10209 14359 2916 658
6707,1807 14227 10529 4474 12881 9527 8929 10102 9296 10337
6708,13836 22 3942 15207 7203 9519 15000 5435 9583 11302
6709,2637 14741 9097 13455 6150 14517 14636 5411 11919 6588
6710,15228 13912 3921 14555 14166 7124 3176 8377 3177 8999
6711,14821 10115 14822 14592 11731 12403 1605 11733 15197 8128
6712,1841 8414 8419 6732 12720 1855 2161 5280 6544 6567
6713,14970 9578 14329 8918 12641 10201 10308 9430 2302 12639
6714,14583 14865 8414 9055 2468 8419 14088 15079 6567 8413
6715,11820 14618 15184 14555 14166 14851 14550 14508 8999 3373
6716,15154 9613 2703 11485 138 8432 5508 7429 8816 6568
6717,15020 14618 8929 8335 8329 8328 5381 14046 8331 8873
6718,3548 8666 15182 3618 14957 5411 11559 10534 2118 15149
6719,15118 14618 14865 14163 14391 15007 3063 4426 14578 14868
6720,14833 11400 5788 5709 14834 9830 5712 11398 11399 12720
6721,1885 8323 9026 13532 2082 13432 1884 14809 15165 13433
6722,14953 15185 5990 12670 4864 10308 1449 12819 8188 9030
6723,14493 14718 12876 12874 15028 12875 5508 3991 9200 10651
6724,14527 14132 13121 5016 10413 1181 11230 3208 275 603
6725,6780 6778 3758 6784 11733 8979 1094 8575 3590 4674
6726,14522 14095 577 13767 11249 4731 12973 2916 14013 4956
6727,6509 614 610 13848 623 604 12218 605 15055 617
6728,13673 12663 11554 13924 14323 12659 13316 9961 10596 13009
6729,11402 14636 11403 14136 693 11405 12530 692 13716 12275
6730,13943 7203 13892 14960 7846 15183 7699 2600 13675 3702
6731,15186 9239 11358 8016 1124 9292 13978 4971 11592 8008
6732,11402 11403 13716 14591 11405 12275 14208 11404 14636 7657
6733,15070 9239 1124 9292 13627 14652 13978 11358 13052 15186
6734,6614 14028 8400 12164 14502 12466 13654 9830 1558 15285
6735,14329 9430 14970 13018 13409 14854 6128 14525 6003 13132
6736,14652 15187 10787 3893 14878 2112 8897 6718 5524 8979
6737,645 14997 9228 5895 14934 7744 4964 5896 7745 8780
6738,5259 8007 15006 8132 5970 6533 8128 8008 6625 8121
6739,4450 15188 14213 14209 8123 8127 8459 12224 8122 8121
6740,15186 13690 13686 13687 13689 13688 14715 1783 3429 12827
6741,13694 14008 15262 9795 3763 12882 11111 10563 6990 12500
6742,14209 11962 10596 14561 14596 8456 14458 6226 14595 165
6743,6758 6761 6757 1380 12493 1379 260 6622 1124 5259
6744,1379 1380 9292 5259 1120 1378 1375 3428 1376 1121
6745,7256 13208 7257 10308 13838 10572 12785 7136 15222 10909
6746,3019 3240 3618 4332 15203 13016 13952 7125 14100 7121
6747,14959 8414 8145 14046 8419 2161 5280 6567 9964 8420
6748,13350 14563 13675 12465 14756 15288 7700 10280 12324 14456
6749,12493 6617 6621 6622 11005 8882 12213 14926 6611 13385
6750,14213 4450 15150 14209 4511 14494 11120 1859 9370 14458
6751,14517 10906 7984 9890 8134 12086 5259 13455 2637 3771
6752,8414 8419 8145 5788 2161 5280 6567 14046 9830 9964
6753,5897 7497 12218 10268 2622 3886 5594 8441 2829 12219
6754,15189 14579 14391 13513 14052 13240 315 14503 13991 14849
6755,14143 14667 14666 8133 7002 7141 4502 14568 13077 12083
6756,7664 14528 14046 11786 14527 7666 7665 7663 1846 1841
6757,15172 13602 6952 11026 14564 5604 14643 3628 15181 562
6758,8914 13594 6516 8929 8916 8915 8918 8924 8556 6338
6759,13616 11692 7253 6887 13385 14093 7401 11076 4948 11637
6760,1841 11796 12282 14039 13175 7528 7526 1845 10253 10254
6761,4153 14839 9830 14686 14639 13388 12931 14841 9119 11314
6762,15154 103 15000 3615 15190 14907 2703 666 7357 11549
6763,8999 14851 15228 14865 15060 14839 11820 13919 3063 91
6764,10824 13720 8617 14035 6128 14788 14784 12093 9430 6003
6765,924 14660 953 915 934 943 958 9777 3895 2678
6766,12850 14923 14130 14480 14548 9658 14711 13896 13897 4430
6767,14229 14883 10488 1558 9324 13175 13848 9323 13440 6338
6768,3643 10701 12979 5717 3252 1415 11593 4129 10711 2589
6769,9989 14704 15224 15205 12017 1500 15154 11458 1498 15287
6770,12850 14923 14130 14480 14548 9658 13896 13897 13885 4430
6771,14417 14674 14142 14470 14490 14886 14966 7054 15261 1311
6772,14509 13227 5972 2777 14039 10420 2213 2001 12518 4382
6773,857 15192 6582 10560 871 8401 9511 13570 8403 2635
6774,12850 14923 14130 14480 14548 9658 13896 13897 4430 13885
6775,14091 10169 10171 11149 14636 9504 13004 12084 4071 3796
6776,3114 14329 13132 13409 14525 14854 13018 6270 15222 8218
6777,14538 12850 14636 12530 3617 13716 15054 14433 13737 11315
6778,15193 8428 13521 13025 14975 7873 14944 14397 14942 13675
6779,8397 7643 1127 13278 7650 14176 13715 14056 7649 7544
6780,15134 8999 9371 14851 15064 14147 5699 15228 8497 5398
6781,14618 14550 12421 14163 2262 1409 740 788 169 611
6782,13594 11932 12484 10668 9486 12483 12102 7526 12128 14539
6783,12850 14923 14130 14480 14548 9658 13896 13897 13885 4430
6784,10215 15000 14320 14869 12166 14391 3942 9052 10369 13919
6785,5107 5102 5108 5101 13838 9106 5106 15129 5105 14952
6786,8374 14950 342 8141 9097 8604 11956 14638 15176 6584
6787,14621 14620 13699 9768 11213 7230 10893 15042 14142 15021
6788,11026 9972 11027 4336 14027 11780 1904 12282 13602 273
6789,13919 58 11737 14605 103 3005 15154 9357 9026 14323
6790,11781 14618 8992 106 14564 7660 7865 11780 14843 740
6791,8999 14851 10215 14869 14320 15228 13919 14865 15000 9052
6792,10215 15006 10921 6881 14995 5541 15000 14548 9207 12403
6793,3617 3616 6274 8970 15054 12558 10625 14352 13711 12560
6794,1904 4336 11026 11027 15160 14974 13771 12234 14003 15272
6795,14904 12388 12017 13670 9300 9298 14941 3841 14426 5516
6796,14285 14286 15173 14561 8456 9287 8683 15248 14209 11319
6797,8123 15188 4450 8459 8121 8471 8122 337 14607 8468
6798,13896 13897 14923 14130 14480 12850 15195 2134 13885 14131
6799,4379 15194 11311 11308 11309 2803 11312 11307 13116 15233
6800,13897 13896 1858 15195 2374 4142 9666 12756 4511 2371
6801,13896 13897 14923 1858 15195 14130 14480 12850 2374 4142
6802,91 12876 7122 3063 12874 14578 15288 7112 14930 10651
6803,13896 13897 14923 14130 14480 12850 15195 13894 1858 13885
6804,15196 15065 12493 14082 12386 10572 692 13058 12388 14636
6805,13896 13897 2134 14923 15154 14130 14480 2703 12850 2121
6806,13121 9698 2424 2426 15205 13120 14643 2413 2416 2414
6807,14561 8456 13216 15173 12284 721 7179 11928 14268 7180
6808,10444 8456 714 10443 8054 14561 3944 3942 3152 1078
6809,12841 14074 13813 5224 9026 14076 14075 14077 13997 9015
6810,15134 14147 5699 8497 14826 11178 2178 14520 11415 11417
6811,12493 14926 6622 2108 4168 4173 8979 1094 10413 2894
6812,7002 12493 13137 7003 7658 6622 14143 2151 14926 1434
6813,6971 8241 15077 12493 4346 6974 4121 15196 15065 14082
6814,11781 15197 13653 14365 12403 10115 11665 12593 4728 11177
6815,11711 5259 7174 7936 6510 7942 10167 5970 6533 4358
6816,11473 14583 113 8326 14584 15060 9359 14493 10662 5096
6817,5102 9220 5110 5101 5108 9892 9893 603 5106 9462
6818,14621 10276 10414 5325 773 9405 3387 2065 10184 3208
6819,14143 7002 7003 7658 2151 13137 1434 9795 5434 7141
6820,14143 7002 7003 7658 2151 13137 1434 9795 5434 7141
6821,7141 12837 5259 14466 9795 11737 14465 12882 5970 14143
6822,10765 7271 1739 5769 2300 7565 7265 5491 8936 8339
6823,6220 7457 15140 4541 1332 7580 12190 4540 4538 8063
6824,15198 10028 14789 4802 6839 10032 5712 7963 10031 10030
6825,9666 9548 12368 9547 12369 9549 12367 4625 4598 2374
6826,15199 7229 14524 9244 13959 7203 14539 13623 14415 9245
6827,7457 12059 13563 8063 8064 6177 10563 12061 8067 10362
6828,14790 14276 7336 15108 13720 9098 13588 4504 14278 9026
6829,13919 58 11737 14605 103 3005 15154 9357 9026 14323
6830,771 7203 14524 14849 0 12995 8370 2161 10125 7506
6831,14493 14476 12620 14718 15060 12784 8581 12017 11473 8272
6832,14564 14565 10200 3605 14487 3628 15181 14780 3638 15172
6833,15202 2596 11054 15164 14953 13898 15271 12670 12864 12502
6834,2678 14393 14693 12086 2681 10865 2703 10906 14517 3895
6835,9830 14028 9999 1558 9324 9323 13654 10986 8400 7678
6836,10495 8407 10498 8414 10496 10492 8419 6567 8420 10494
6837,14004 13606 3801 886 4430 14908 14909 7203 8421 13675
6838,15203 5489 3618 12958 13116 13767 3019 12953 12952 9431
6839,3061 3062 9818 14993 14992 14991 14989 14990 14988 14840
6840,9052 14869 14427 13136 2031 13134 9051 1351 14089 14166
6841,14596 14209 14595 14561 14213 14458 4511 8456 11120 6654
6842,14595 14209 14596 13680 14561 8456 14458 11120 4063 14286
6843,14596 14209 14595 14561 14213 14458 4511 8456 11120 6654
6844,11549 103 15068 2325 15250 15249 14597 13174 15066 15190
6845,14840 14839 3062 14993 3061 14992 15006 14991 14989 14990
6846,14524 11740 6911 13831 471 7203 14426 3638 14005 8085
6847,15020 14618 8873 7494 11065 611 14621 8362 8871 11172
6848,15204 15007 14926 3114 14097 15039 3226 10488 10612 4918
6849,11140 11446 15006 5376 7821 5259 12359 9207 15168 7815
6850,15205 15154 8479 14493 14718 15192 12017 9319 1500 2703
6851,3744 13970 14097 8354 8355 9187 1470 5592 13965 2022
6852,6140 11190 10603 10356 5095 14377 7368 10604 10358 7954
6853,650 1160 8350 10133 3834 3835 7196 8523 4986 5526
6854,15084 6050 853 5133 6210 1187 7470 8859 5150 4864
6855,14363 6339 10554 6338 6344 9424 6337 1771 2980 5854
6856,15207 15206 9097 7428 635 14356 8431 10297 7429 5489
6857,7152 3538 4052 7776 12466 7907 13454 506 3528 7139
6858,15208 15209 12632 8269 12760 2443 4086 14410 4991 13101
6859,14939 5398 234 1619 235 1618 1617 13898 12864 7494
6860,10404 3653 10397 4276 3988 14099 9117 3654 14292 10158
6861,14183 5192 15210 8808 13441 13635 8809 14328 12883 10733
6862,9097 12584 13455 10524 6714 14684 10523 12582 14106 12911
6863,12620 12784 11865 15088 12017 11271 15055 14493 7345 8581
6864,10905 3132 11065 1243 7433 661 6004 12780 14431 11140
6865,666 9991 3976 2182 4335 4186 7243 2178 3855 12212
6866,8025 8008 11357 5244 1121 1124 12263 11772 1078 13404
6867,1987 8329 8328 8332 15204 8331 8330 9458 8340 272
6868,14443 2562 5683 5898 14967 11659 3208 2462 773 764
6869,8370 3058 3056 3053 3052 2083 3054 3057 15061 15001
6870,10787 15187 14652 6718 3893 8897 8517 6717 6719 5681
6871,15216 14810 12797 12545 12803 3268 13390 10308 12802 12801
6872,3844 2876 10999 1001 14753 2622 11801 6811 3843 1002
6873,9193 2999 3002 12264 11778 6462 2997 11001 396 3416
6874,3001 14283 11347 1829 1356 1355 6320 4141 2375 9663
6875,10537 14621 9933 5838 3044 4344 7965 2028 5749 6762
6876,11044 12190 6637 9081 5594 1830 4985 12191 5680 10711
6877,973 3800 341 8599 12512 3804 276 4346 2094 2016
6878,4818 12466 3110 4817 6642 10275 10448 13580 5527 5771
6879,12261 4402 15049 6067 12809 12146 1723 1888 10936 1711
6880,13130 10022 277 11856 9890 8171 7633 12784 15208 8175
6881,1145 14218 3842 7078 1771 11350 11893 5841 11351 1136
6882,7122 7123 13952 11440 7112 2142 14898 3969 108 7116
6883,1943 506 7776 7152 13454 4052 9648 1237 3745 190
6884,101 4813 14898 3215 103 14547 13952 3219 11444 2142
6885,15217 15219 15170 15169 15218 15220 11252 11251 8525 11571
6886,8253 6550 9889 12803 3268 603 8254 5671 12801 10191
6887,11111 13482 13711 9784 14405 11108 9785 11112 11110 13439
6888,10085 14770 8960 14769 14915 8218 5758 10080 2813 3853
6889,15217 15220 11001 15219 15170 15169 15218 13886 1317 9060
6890,11781 7660 701 10580 11780 6770 12867 12212 8006 11782
6891,15222 4153 8697 5540 3648 3148 4346 8695 8241 8694
6892,11868 5215 4716 11364 187 1983 7048 3104 15031 4293
6893,14352 14540 14752 14426 14654 8434 13176 15175 5239 2840
6894,5225 7398 14718 8188 5792 9265 9715 15007 5663 13162
6895,10501 10500 3347 14904 8274 8286 2285 9218 8281 400
6896,15224 15223 5192 14408 14179 15031 14183 15210 11541 4329
6897,7646 547 2063 12995 12931 5185 9648 9944 12326 12900
6898,7397 6596 10308 6642 273 8656 7697 8861 9298 14063
6899,9218 13392 10441 10501 5384 1211 2439 1094 500 8979
6900,1957 4452 10934 15005 5324 2662 5985 8861 10057 11215
6901,15225 13216 14561 9287 14830 14268 721 7179 13993 14500
6902,12829 15092 6985 994 7670 14609 12475 10943 13804 15157
6903,15020 14618 8873 7494 11065 611 14621 8362 8871 11172
6904,9060 13886 10209 8926 8929 253 8916 9059 4003 8918
6905,1533 13329 11112 14405 1532 13353 13322 12501 13320 8526
6906,2404 8084 6985 14641 12899 12276 4421 11941 12900 2401
6907,1345 2328 6569 7501 3261 3619 3026 2360 9429 1327
6908,13317 13783 13318 603 14093 11821 14839 13970 10102 14038
6909,14986 13439 4956 15246 3066 3064 1627 12884 3432 14714
6910,13048 10417 4477 9157 9529 8878 4364 5083 5013 7622
6911,10824 11384 14222 14889 12493 13439 13440 14882 6338 6622
6912,9990 15140 3055 13952 13953 114 0 14210 771 7125
6913,7680 9169 7670 2106 14431 2771 8656 635 10934 5417
6914,5373 11221 284 286 9393 613 1121 1124 5518 14462
6915,13952 14898 15060 101 7125 7122 9117 14547 12810 7116
6916,1581 7931 6365 10784 1024 1095 8418 9272 2294 10241
6917,13439 12884 15102 2816 5193 12505 14712 407 15093 13430
6918,9576 5579 2276 13820 8349 13821 1690 13974 15268 1347
6919,13970 13548 13408 12212 13972 14521 14003 13971 12437 14520
6920,1859 4625 12145 4063 5867 1315 13444 14209 1860 1858
6921,9505 4221 3104 6854 3196 4737 7698 602 3197 607
6922,6831 8194 7365 7448 1881 8716 4712 3135 12190 3468
6923,9609 1675 226 5502 12803 7645 7644 8682 196 11020
6924,6961 8070 815 6054 8431 3441 15140 1460 3196 7051
6925,8260 10666 4918 6197 12921 8464 9685 3869 11442 12105
6926,12467 13162 1789 13069 12931 3005 15131 8033 2853 7851
6927,8737 8661 8733 266 8734 8736 7180 9581 15129 2954
6928,5594 7394 15228 12714 12190 1807 4346 12218 12191 14258
6929,2960 8581 46 14914 14877 3719 8328 9049 11275 9779
6930,10640 14857 7234 2600 8977 12805 8689 14881 13025 9140
6931,15228 3176 3177 8999 13912 3178 8377 3179 7124 53
6932,15042 6202 15043 14574 15021 14542 12061 14497 14994 14819
6933,11854 705 13589 7620 10781 2727 1095 691 7933 12678
6934,4737 14730 67 10547 12876 131 7670 12874 14554 10883
6935,1544 4453 1623 5397 11789 7621 3467 11905 13720 14795
6936,13485 3073 14149 15165 13054 7908 13002 5770 8641 8596
6937,15204 15007 14926 3114 14097 3906 13563 15039 3226 10488
6938,7823 12001 1028 7670 11998 8702 11995 3130 14431 11996
6939,8816 14418 3396 15229 4660 15154 10163 1660 11485 3214
6940,13329 14324 11112 12501 1532 14405 5193 8526 13353 8834
6941,10278 13125 10348 10597 3404 10279 8857 12995 11301 15242
6942,15012 7126 8293 13546 1027 1035 14675 105 9819 2304
6943,5442 7625 7628 5446 5439 5440 5445 6252 5443 12229
6944,12388 14904 13670 14426 5516 13518 5515 14941 15055 14540
6945,13670 12388 5516 14904 15230 7113 13518 14426 14941 14136
6946,14857 14881 8597 13371 5102 5109 5101 5108 10640 6338
6947,2462 6870 13161 8573 6910 9706 11867 7830 12759 10254
6948,1319 4415 1780 9191 1779 1321 2375 1778 1320 2371
6949,15232 6297 15231 9697 1898 12484 1942 5095 7466 4462
6950,14167 13279 12519 13280 12858 13616 7650 10253 11611 13278
6951,8964 15005 11855 8570 4452 13145 13716 11994 5498 7657
6952,8713 4840 13314 10731 8710 6284 7249 6291 13224 13425
6953,5225 14718 8067 1463 7398 15227 1462 8621 7631 3812
6954,15234 15233 4379 12299 267 13116 10971 13710 8682 6081
6955,13101 14410 15106 15155 12632 7014 14445 13556 11273 9307
6956,7070 7099 10628 7075 7060 6706 10096 7092 11382 556
6957,4813 3377 4905 9499 4901 4900 4899 10054 10505 187
6958,223 2577 1638 7388 10276 9693 5026 2589 10555 12267
6959,11112 8892 13353 13439 1475 13522 8894 12672 13329 12509
6960,14178 7860 12359 8440 2291 2294 2290 3245 3863 7854
6961,6811 12071 6810 7091 4687 4132 2876 9756 3843 4688
6962,12948 1124 9393 6761 6758 6757 1121 4971 13404 1120
6963,9411 9412 3486 9416 9418 9421 9422 2009 9415 9420
6964,7014 7015 7013 12803 14763 9307 14753 14762 11273 15155
6965,13557 9422 9890 9411 11776 4314 602 15237 9418 2009
6966,13031 9364 3578 411 11949 13904 14947 1172 8821 989
6967,11598 7498 4037 2622 9832 1011 1862 11949 12332 12708
6968,10766 12429 870 2703 9582 487 82 1902 500 13570
6969,14338 12628 12632 15208 12627 14410 13101 13121 12630 15209
6970,4314 2712 9890 15237 12199 12001 9422 15236 8824 986
6971,13306 14798 15167 14772 9769 9768 10596 3073 9364 14665
6972,15156 9308 15157 13886 6395 15236 12803 9298 7013 12631
6973,13170 4710 13457 11546 12927 12928 3995 7853 9517 1940
6974,5190 14830 4301 5189 6990 9296 13711 4300 10802 13820
6975,6812 9049 884 1735 8652 710 11985 10983 13601 9544
6976,9271 9693 8193 9580 11030 2928 12753 12320 258 3439
6977,15053 8263 12763 15050 8432 3005 15052 15054 7655 7429
6978,5004 155 153 12105 156 10373 2794 4726 6834 6522
6979,12420 11646 11482 5316 5301 9097 2547 6891 3270 2554
6980,4046 451 1802 4295 2012 3152 3910 3137 968 3922
6981,14762 13212 14546 14764 7014 14763 10911 13556 9307 11273
6982,10628 4743 10996 6804 10989 5846 10993 10995 5450 10988
6983,12440 14080 7083 14010 9424 10491 6921 9119 11314 4436
6984,6889 6899 9915 1373 174 367 8502 11681 9910 9903
6985,12784 9296 12620 12420 10321 12386 9527 3906 11213 5082
6986,4719 14076 10874 12977 10696 11687 13611 7759 12266 13813
6987,2741 12425 6416 13353 2744 2742 11418 13322 14405 1165
6988,11369 11368 4662 11370 4663 4660 7054 11371 13022 9106
6989,11671 11952 2209 10308 15140 7914 12394 12393 10254 2724
6990,4687 4132 1321 9191 4688 1780 2375 9756 11949 1779
6991,12190 10736 3373 3187 11294 11820 487 13794 9081 5594
6992,6407 9130 2048 3363 12280 6403 6405 8548 12781 12772
6993,2232 12782 7054 5591 8755 12405 2217 2212 8452 10718
6994,14290 14292 8395 14291 6664 6665 6655 6661 14099 6656
6995,5449 2869 6447 12332 11598 4625 5448 11536 6320 14591
6996,11855 12085 14147 6186 6090 12543 2212 14780 12539 646
6997,5468 1183 5467 9944 4842 603 5994 6210 7693 9938
6998,7498 10367 4136 13444 13565 12145 5671 8165 5867 1315
6999,7874 7368 7369 507 7367 6987 7872 7873 6080 9648
7000,14950 9182 3822 8493 12775 11647 9132 3989 14012 8419
7001,15238 13665 4133 8164 4605 7014 8154 12934 9751 4602
7002,2758 12593 2527 2768 2774 11097 1737 3528 2526 3527
7003,11624 6364 7425 1322 2371 12809 1778 11625 2485 4060
7004,2375 2371 6361 9191 1780 2374 4415 10824 1322 4606
7005,7449 9658 14923 13878 2375 14130 14548 14480 2380 12850
7006,10472 3457 5778 8399 13139 8670 3170 12864 9973 1684
7007,11598 2622 8541 5689 14591 12332 6320 6324 820 14736
7008,1243 3701 8970 11608 10823 10452 14661 7397 4340 11707
7009,13040 14215 3833 14314 3824 12682 12142 14146 14890 14002
7010,13121 12867 5969 7714 12309 7713 354 13122 10534 6060
7011,7296 11120 5673 2887 12551 437 12086 9658 15126 7449
7012,2887 9851 15126 5689 1721 10365 12075 4133 4141 4142
7013,4381 13641 1078 12466 167 10253 1452 12431 9511 9296
7014,15162 4306 15161 4300 568 1799 10257 9097 7952 274
7015,12436 12434 14865 2963 13129 12435 14869 14870 14554 297
7016,13082 1880 14717 297 10612 12995 10267 2526 6863 3152
7017,7217 2869 4415 9191 4693 6363 1780 4061 1774 11536
7018,9420 8044 12002 5889 9411 3055 12579 11980 12318 15205
7019,9165 11446 13415 13596 4517 9371 5779 15160 11445 13771
7020,6953 13563 888 5591 8755 9078 5545 12405 10718 15007
7021,13842 8354 13841 7054 8355 9187 8030 1470 5592 13401
7022,10824 7215 3443 1771 13786 13565 4689 7078 13483 5867
7023,15226 9519 8999 13058 9426 7821 14851 12571 5460 15228
7024,13568 13590 15126 14923 9658 7849 14130 14548 14225 13992
7025,4774 243 8146 6132 12280 722 9332 6192 12190 109
7026,5424 7133 12451 7774 5425 602 2393 4502 6895 9526
7027,5636 7960 11798 3458 7961 3197 11801 5662 12262 9175
7028,12809 1353 1006 999 13786 1008 13565 3677 12442 1012
7029,8047 1836 7397 10144 2932 8243 10142 3556 12191 3992
7030,8349 3237 10054 1162 840 4918 4913 10270 3989 11868
7031,12114 8709 12111 12126 12119 12113 7224 15224 12125 12123
7032,10534 12995 9774 2128 7727 2496 9908 2514 11069 11646
7033,10142 12011 10144 4005 8047 1106 11904 11934 5523 3989
7034,2824 13926 15096 14331 13575 2823 13353 408 1660 13260
7035,10377 10378 10376 7764 11374 9132 3724 5749 6727 10538
7036,8832 2837 8829 8827 8334 15048 3013 5349 12495 4956
7037,6934 14591 9049 6936 11405 6377 4377 1178 12868 11704
7038,0 3 18 13313 525 5220 12560 17 11560 6301
7039,2375 4060 9191 2371 14218 4415 1780 11923 1778 9080
7040,49 14405 11112 1532 13439 13353 12006 13329 13323 1324
7041,14520 2362 12212 15285 14147 10501 12086 7925 8497 14521
7042,1780 2375 9191 4415 9192 2371 1321 1320 1778 1319
7043,15005 4452 5328 1957 8096 8094 5326 13145 8964 8095
7044,8999 14851 15228 14865 15060 14839 11820 13919 3063 91
7045,5095 3472 8656 7758 6899 9921 8972 2057 2361 14005
7046,15020 15228 10884 9054 10482 8999 3178 14618 10483 14851
7047,3071 8482 12218 11204 5777 12431 8929 5594 8916 12219
7048,2277 7863 11466 2927 6911 3942 2276 5467 11140 5990
7049,13923 15207 7442 14801 8098 10672 11614 14285 7367 14017
7050,15154 2703 2134 14621 15205 9771 2240 363 11485 7495
7051,13853 4580 2288 8380 3786 3098 13667 8381 3260 4584
7052,12906 13316 12903 12905 13009 8362 13010 14180 14196 13409
7053,2213 2777 2001 467 2936 11158 1416 436 10919 6216
7054,7670 15199 7675 14524 7677 7203 6765 5886 7680 12422
7055,13007 6352 2816 14457 14405 11418 2823 13701 14327 11110
7056,4687 11949 4132 9756 4688 14270 6323 14758 8983 4607
7057,3046 5193 11749 13186 1529 3045 11418 12426 8826 5999
7058,13439 2816 14712 11122 1166 3464 13007 14405 13326 13651
7059,6001 6000 14084 13452 13628 6417 12426 13271 13701 13346
7060,11122 14405 404 2816 9791 6352 9793 13352 13651 12426
7061,11121 13186 1529 11418 2364 12426 13334 5999 13187 3046
7062,13186 12426 11418 2364 13188 7396 14183 13187 13326 13651
7063,13439 2816 14405 1166 11112 1532 13651 2742 12426 5999
7064,5187 2234 9282 2526 5095 2494 2518 2528 10806 1647
7065,9816 11323 2702 11088 2696 2681 2703 13919 11087 3257
7066,11871 6231 11397 6230 6233 6229 11398 10943 11402 11399
7067,9519 9440 2714 9680 3802 15157 7272 4313 15240 9552
7068,14137 13998 14504 2604 7468 10209 10755 7658 3815 9699
7069,11369 13022 7054 4662 14409 11368 11370 4663 4660 2804
7070,5591 4250 1219 5586 6469 7821 6953 1093 8755 3478
7071,297 10267 10612 13976 3357 13413 10526 9773 2542 2316
7072,15241 8023 8008 15051 8010 8011 8017 4537 8009 8015
7073,1545 4712 11204 9170 5591 8755 5507 3220 7384 2217
7074,189 12420 3928 3531 5424 4864 1216 3528 6440 5082
7075,2441 9880 11140 8263 4589 9879 4590 12945 966 7655
7076,727 725 5462 4945 729 11334 7669 11329 7484 11337
7077,7925 15285 11740 12086 14431 14147 12030 13124 4349 8497
7078,5092 5322 5388 7800 5835 2485 6688 6302 6955 6927
7079,13125 15242 10278 7071 14267 556 7075 10279 7060 9576
7080,15243 2290 4812 3884 9353 9347 9096 7780 9338 9352
7081,4974 6767 1191 5292 7840 6402 2065 5729 4071 10276
7082,8376 14607 3485 7208 5455 12785 9590 12421 14578 14554
7083,1784 10104 13719 8639 5259 10105 13934 13840 7779 10110
7084,14618 5282 1489 14243 14396 1493 14239 1488 14891 740
7085,4399 3486 9411 4400 11141 4314 5990 4394 15237 10101
7086,13597 13658 13596 10584 13598 11780 13599 12406 10335 9448
7087,600 5417 9287 1973 8432 14243 14239 8434 7354 10348
7088,8993 5772 13799 5346 14414 9128 1947 9993 12716 1948
7089,9209 9227 2142 3333 11082 15205 13806 2125 7263 12017
7090,3599 3964 10058 8040 559 734 3595 4228 7918 8018
7091,14710 3719 8401 12347 12995 11550 7580 12466 8576 14740
7092,10356 5803 3348 12108 4918 13041 15207 2121 6140 11138
7093,8263 1540 7368 10930 7367 15042 15054 15052 7655 15053
7094,15242 13125 9799 14660 4381 10278 3401 7071 12821 3450
7095,1647 2526 11473 4284 2505 2503 1497 2536 2291 2542
7096,8486 14155 3892 13614 9001 1345 12027 5554 3897 14892
7097,11120 5673 14209 4063 4061 7296 1859 14458 12756 14213
7098,13117 15098 11782 6923 11689 11684 14446 14868 3955 11373
7099,4344 7048 6928 1163 2361 7313 10910 11868 7561 10101
7100,15020 11937 9097 11939 11936 14618 8998 11938 8873 611
7101,10567 6651 7397 6642 3226 8662 9468 11950 8658 12021
7102,3631 9675 2467 1812 6442 12360 2776 8365 3706 9593
7103,5514 5515 13431 12388 14904 13476 13472 13478 13670 13473
7104,13878 14236 14923 9658 14130 14480 7449 14548 5673 12850
7105,3547 6108 6388 10181 3543 1076 1053 12789 6107 3750
7106,6084 15058 4044 13425 5982 7623 3980 3709 6090 11321
7107,3019 9055 14088 3240 14427 13016 9052 3618 4332 15203
7108,8971 15084 297 6596 4249 4863 10018 2503 1398 12995
7109,13145 4009 11855 15005 13716 639 7657 15200 12979 13306
7110,7263 3461 9910 8368 1018 10551 10546 2563 10547 9918
7111,12190 9680 2081 11138 5777 9081 5594 1830 8777 12191
7112,12669 10961 7911 12670 5990 1243 8693 8260 14222 9795
7113,6320 4141 11987 14218 4142 1829 10365 12368 2886 10366
7114,4423 13808 8199 4422 6929 4430 2352 10806 590 6833
7115,12571 7821 5210 12569 5214 3942 4979 4977 12570 5213
7116,14789 15198 12697 15192 5571 6582 14155 10560 13010 9511
7117,9576 5579 11949 2953 2276 13820 15207 7868 995 3578
7118,14347 14265 11293 15236 6324 13483 13209 12210 14746 12934
7119,83 12663 7357 7821 9169 603 6054 10711 11704 10300
7120,10742 3976 12438 4181 4004 666 10472 3209 3487 4005
7121,4911 11389 2470 11974 11676 11388 11681 4811 4810 6652
7122,13701 6352 2614 13320 6417 13319 11110 13452 13322 8834
7123,2258 7146 2688 2717 6518 5259 6588 10276 13898 8619
7124,8846 12435 12433 10563 12061 12436 12359 9349 10362 11646
7125,10964 12671 14195 8362 8808 406 13670 12672 12882 5188
7126,2083 2085 2084 9609 9883 8370 7191 7190 3058 3056
7127,5092 12167 9069 6643 9530 8223 7348 8790 6053 11222
7128,2790 2428 9602 3110 9544 5527 4817 10209 4818 2426
7129,10238 12995 28 44 771 13412 4453 5397 8188 7203
7130,12941 2266 3242 2930 3240 705 8401 10781 4568 259
7131,3110 3114 2790 14243 7850 14239 9602 4817 4818 6367
7132,4717 3648 4713 9494 7622 4153 13919 3645 2219 4178
7133,4036 14751 6432 11949 1011 4598 15189 10308 3082 11808
7134,10762 1551 871 8401 13570 15205 3748 10806 8403 1103
7135,14586 9692 3947 8800 2464 4933 5737 5260 9183 14554
7136,3803 7082 6823 9770 74 8388 1888 2288 12803 8380
7137,11272 1252 648 4405 2930 4394 6936 11149 1254 10171
7138,12469 15139 15143 10287 8708 15142 6743 9371 15245 14855
7139,8585 12268 8581 2611 2612 8960 9576 13658 15000 7110
7140,14993 14992 3061 14988 14990 14991 14989 14840 14987 3060
7141,2375 2371 4415 9191 1780 6361 1778 1779 1321 1320
7142,11626 2996 6807 13443 12368 2997 12369 10913 9636 8296
7143,10428 9798 10429 15133 9797 7009 13620 9100 14010 14579
7144,4191 85 8463 7050 14896 2211 6872 13920 5641 870
7145,11001 11643 2963 10526 11098 14534 7651 15217 4315 2500
7146,14986 13439 4956 15246 3066 3064 1627 12884 3432 14714
7147,509 1212 4241 15245 4292 10432 4350 3222 6579 3327
7148,2694 2681 2703 984 14649 8979 14653 2678 60 3036
7149,3615 4400 14618 363 3164 8143 8195 7651 9341 188
7150,13160 12673 12291 12179 12290 11426 9350 12289 2664 3114
7151,3019 13016 3055 7125 13952 7121 14876 4436 9119 11314
7152,14586 14383 9287 8683 11403 14820 15107 14638 9692 15248
7153,1255 1254 5437 1253 14931 1252 7823 1251 6936 7539
7154,14618 14865 14163 101 14391 14868 14898 14547 14866 103
7155,15205 4788 15245 4784 4785 15154 13636 5608 8708 14120
7156,15069 10203 14618 11404 13937 3017 3055 12862 15072 7844
7157,13216 917 12086 9491 487 3208 5023 4837 13213 13563
7158,10472 13263 10592 9295 4076 3709 1078 9219 2515 13920
7159,7290 3095 5435 3098 2352 7278 11150 2926 2340 3740
7160,7448 5630 7450 7449 2980 6831 8194 4640 3782 11471
7161,11082 9209 13920 14920 9890 8708 6078 13499 9204 9207
7162,14618 14865 14163 14391 740 9052 2031 14868 14550 13919
7163,14977 12525 1558 14978 59 9324 13175 9323 13026 9998
7164,13919 58 11737 14605 103 3005 15154 9357 9026 14323
7165,14868 14555 1498 14476 8123 14865 9054 8122 14163 14851
7166,7146 11931 3785 6419 11324 5906 6359 12781 3784 6429
7167,15081 8243 14166 6155 14447 11314 9119 14876 4436 15045
7168,12784 7122 8370 108 7116 111 14605 2083 10651 8802
7169,15020 4727 14547 7846 8999 14618 14851 10501 1696 12420
7170,5469 5479 5476 5481 10159 3472 1489 2739 14868 3719
7171,12017 3841 14543 14566 8241 9300 5595 4974 14868 13884
7172,1367 13952 7125 103 12876 6642 2085 12874 12810 7113
7173,5610 11302 7337 2588 3180 11234 7386 8063 15000 7670
7174,14519 15022 15021 14583 15011 13957 13570 12785 3066 15079
7175,14840 14839 2142 15081 7129 9830 79 14686 14639 14993
7176,13783 11204 3611 10009 9052 14093 10008 3744 9051 10102
7177,14519 14583 15011 15022 12877 15079 12785 15028 14578 6572
7178,2375 5846 2380 13896 9303 13897 14218 14386 9191 10628
7179,8999 14851 15228 14865 840 7128 13952 15060 3063 14839
7180,13919 58 11737 14605 103 3005 15154 9357 9026 14323
7181,2777 6473 12816 7872 15140 9469 12815 7697 2213 2001
7182,15020 9821 7301 9818 9819 10893 728 1918 14618 9820
7183,3068 8734 13439 3066 15129 3065 8733 8736 3064 5101
7184,15248 8999 14851 6106 15228 9287 14865 10536 8683 15060
7185,14618 11236 5641 740 866 2031 9052 14554 864 14551
7186,3055 15205 15060 13016 7125 7122 7116 7121 12810 7112
7187,15285 11424 15069 12931 14306 11126 3055 11314 14876 9119
7188,1013 1001 14753 1315 10999 2622 9630 11624 1002 12737
7189,12063 3552 9680 11138 15207 7774 9122 9526 645 11200
7190,7994 3055 10536 15247 13016 15205 14876 4436 9119 11314
7191,3989 13143 3990 10934 1738 12438 11935 5523 13401 6861
7192,1602 10509 5061 2784 10641 7823 14003 4229 3337 12001
7193,1352 774 4393 8173 1231 1753 10978 7940 1312 2538
7194,6654 6658 6663 6657 6661 6656 6660 6652 7526 14915
7195,15045 11314 4436 14876 9119 13016 11185 14382 13136 14547
7196,103 11549 15068 2325 15250 14618 101 15249 15066 14597
7197,14616 14621 13262 242 8604 11213 658 14620 5527 6972
7198,13891 5095 2142 8370 7129 13952 10651 8241 7116 2083
7199,15168 15006 5376 11140 5259 15051 15059 9207 4504 8007
7200,13355 14114 13240 14785 8740 14636 8517 6718 8075 13719
7201,8581 14891 14120 7110 11665 8583 3333 4957 3013 8584
7202,14447 7846 7842 11367 4727 7843 9658 6584 7844 15069
7203,12015 9054 7633 11867 10209 12759 15079 14359 10254 5595
7204,1883 11205 8085 12977 11204 2094 8758 11472 14076 8812
7205,2575 7911 6911 71 11148 8693 10659 12669 14222 3638
7206,2160 13258 2161 13607 10553 1078 9610 2658 13025 4451
7207,11166 12277 2089 10133 8638 13440 6338 6572 14882 9361
7208,14821 15252 15278 15279 14822 10115 14592 4800 11731 11204
7209,5845 9191 4415 1779 14218 2375 1321 6362 2371 1780
7210,12673 15253 12292 12675 12290 12289 12293 6792 13381 12291
7211,12479 561 564 565 11769 12463 1625 15232 566 11744
7212,13784 12641 15157 3802 10639 9552 10791 9785 3047 6311
7213,14914 15020 9056 3181 15064 10893 3906 9371 609 2960
7214,15255 1121 10933 3429 4324 1367 14876 4436 9119 11314
7215,14166 14555 91 14930 15244 14824 9054 11367 14851 8873
7216,3498 7698 9098 13588 14278 4504 11053 11229 10901 10623
7217,13017 14618 7850 13530 7660 14891 14396 740 8572 13848
7218,6324 3075 3079 12237 9835 7221 2616 13483 7076 2622
7219,9544 15132 14142 6948 13142 11985 11946 6812 7779 11552
7220,6468 7965 6261 11867 3149 12759 10254 10501 5595 10504
7221,3615 15108 4940 9618 8329 8328 4339 8332 8331 1204
7222,12017 11424 15074 10381 1988 9170 7579 11444 15075 14092
7223,13764 12626 13278 12024 14593 11575 14976 12451 15057 10251
7224,9054 15228 15079 14555 15244 7124 14166 3921 14930 14306
7225,14793 399 9973 14337 7899 6617 396 10320 6180 8882
7226,7005 12016 11441 3174 4454 11379 3160 7633 11867 11378
7227,7520 6443 6682 551 4926 7211 4500 109 3935 2255
7228,8759 8100 12614 8099 15204 14232 12617 14798 12431 3114
7229,6364 4416 9191 11801 6811 11624 4602 5662 3843 6804
7230,1652 13051 10975 13025 3411 7873 9577 12310 13720 13031
7231,15050 4117 4118 4116 4581 262 12763 11707 9866 10094
7232,13352 13960 6989 5999 13333 12301 7686 1534 13651 11900
7233,1339 5430 6417 13320 10525 4516 13322 13409 5431 13319
7234,5999 13352 11112 6417 1532 13960 14405 13651 4516 13322
7235,6417 11112 13320 1534 7686 13322 13319 13701 13452 13352
7236,5998 6417 13352 13319 13452 5999 4516 13651 3465 12426
7237,14325 14014 14183 15102 8731 5194 14712 13186 13660 14799
7238,13323 13628 14405 13650 13346 13324 13271 13347 13539 12006
7239,13960 13352 7686 5999 2614 2816 13319 6989 13333 13651
7240,6352 13701 6417 4516 11110 13322 8834 13651 12426 12006
7241,13455 11112 1533 8810 2742 4515 13353 2741 6992 2744
7242,15096 8828 11928 2824 13216 8827 14561 14268 8829 14804
7243,15257 14138 297 5818 10267 9021 14740 13343 10612 666
7244,5194 12884 13326 4330 15102 11541 11418 5192 14325 2744
7245,14082 2548 2131 3018 3576 10133 2121 11444 15039 3834
7246,2302 11860 14147 5990 8497 5699 5991 5102 8918 666
7247,406 14811 15032 361 12502 14812 12825 14179 13439 11123
7248,12502 15032 13422 15164 6867 13898 12506 12500 12501 361
7249,6868 13195 2739 3719 5999 7698 11473 6579 10711 10901
7250,14122 13421 14457 4737 13651 14405 14730 11418 12426 12006
7251,14123 1323 11121 8727 14457 14044 2816 13651 13452 14405
7252,13731 2816 13439 3464 11052 1166 12426 13326 13539 2820
7253,2816 13439 14457 1165 1166 14405 11121 8727 2742 11112
7254,2816 14150 1166 5999 13439 11121 13651 12426 2820 2742
7255,14405 13200 404 1167 2816 1324 1168 13346 12007 13347
7256,13439 2816 13326 1166 3464 14712 13452 13651 11052 13322
7257,14457 2816 8730 12747 405 1166 14122 1535 13651 12426
7258,11112 13334 2364 11121 13326 1532 11418 7396 13186 408
7259,12426 14599 11418 13421 13651 13188 8834 2820 7396 13452
7260,14405 11122 2742 13353 11121 11112 1532 13352 13327 2741
7261,359 15259 15258 362 12098 15094 13658 361 5558 14405
7262,15257 3465 14405 13352 2816 6417 666 13651 11418 1168
7263,15259 359 362 15258 15094 12098 13658 361 5558 360
7264,359 15259 15258 362 12098 15094 13658 361 5558 14405
7265,15259 362 359 12098 15094 361 5558 13658 14405 15258
7266,5430 6417 13352 13409 5431 4516 3465 14405 1339 13651
7267,4005 6861 10142 11904 2101 5523 13143 3989 2096 7400
7268,9143 15260 7719 14302 10181 7205 6766 10247 4434 4054
7269,13902 9587 5133 9581 4394 27 2102 5831 9583 9579
7270,11408 11710 11407 10491 602 3017 11361 8605 13258 1807
7271,2662 8214 8637 3716 8275 3833 7916 3830 8216 1996
7272,4594 11209 11687 11621 12678 4652 12625 15000 9111 12624
7273,8592 1954 6278 1911 13364 11945 8599 5436 14019 1951
7274,8899 9772 13462 13063 14041 14797 1883 11095 13240 13064
7275,12266 6818 2801 11425 6819 8487 14549 12785 8712 11687
7276,8585 8581 6568 11039 8583 7110 12180 5409 2086 10841
7277,4719 10874 13780 10873 11096 14780 10696 14020 2094 14658
7278,945 4655 12992 2012 7903 6099 10604 6793 8214 13427
7279,11714 1635 8632 2662 11715 8626 8214 8628 1542 1996
7280,10037 14777 13381 12289 12290 12673 4896 12292 147 12291
7281,9409 6395 9410 9411 14888 3483 13736 9418 9416 9407
7282,6792 6099 8638 5563 11166 6793 10604 4655 15253 9012
7283,5563 11687 6792 5566 6793 5565 9338 14316 12266 7142
7284,3906 13118 12816 5785 5261 12815 1342 13588 13031 14278
7285,9576 13821 8090 8105 12327 8098 6319 13820 8094 13142
7286,11232 2979 2896 2654 11274 13239 2048 6240 12566 2655
7287,12091 10527 1187 5224 9026 2662 3799 8096 3869 8214
7288,5368 7825 5371 11304 2197 8426 12605 12603 10934 14444
7289,13307 14684 8096 13 0 12 14106 8095 12582 9021
7290,12673 12292 13381 12289 12290 4910 12291 12293 12675 15253
7291,14043 7824 603 14396 3894 4715 4763 5559 8064 7307
7292,4450 9658 10770 9657 15188 13874 10778 10777 11849 10775
7293,14785 13355 15033 3330 14114 5592 14636 10976 3921 8517
7294,8903 12993 11204 2094 8758 13461 9573 8812 13884 14352
7295,12673 12289 12291 12290 13381 12292 12293 15000 12675 12674
7296,8899 12618 9772 12292 12673 13381 12978 13240 12289 9602
7297,14771 11942 12359 13435 3523 10838 2786 2031 5298 10837
7298,4738 4654 14769 10242 351 7916 1958 14179 5258 13019
7299,12673 12292 12291 12289 12675 12290 15253 15000 12293 13381
7300,1911 8899 8103 3010 14041 3011 8592 1890 13306 15000
7301,3113 3114 903 7916 2833 10322 5010 10781 8646 14843
7302,12522 13642 12439 13643 13741 7940 12523 11888 406 12518
7303,8414 8419 6544 2161 5280 6567 4753 10308 8420 11005
7304,11593 7264 6537 6171 13770 5259 10468 14752 14636 11471
7305,9165 4517 13263 2851 9691 14968 11925 3246 13533 15101
7306,12030 12577 906 8001 14508 4518 1678 13393 4545 15140
7307,1265 10756 9998 5334 12959 10311 6812 9832 6869 9999
7308,5929 8735 8733 15129 8736 15246 8734 14217 13439 10562
7309,9439 5778 3094 5777 5779 10472 6962 9438 8509 5775
7310,14008 15262 13694 109 15232 5352 7803 9292 9828 13404
7311,10054 1162 5215 4900 3298 164 122 4813 9499 5392
7312,4964 9097 5896 10529 5895 8770 4073 2276 9228 645
7313,14359 13320 14029 13319 14183 15032 15097 13855 13322 13321
7314,6186 4948 7574 11912 11227 4881 11692 3709 337 12229
7315,6990 11108 10563 11111 9795 4329 12882 12500 14408 11110
7316,9207 9204 5595 5225 14851 7631 15084 11867 15228 14718
7317,6356 10824 7215 1771 13786 13565 6395 5867 11641 5440
7318,13113 8529 7408 2859 5898 3980 3847 14757 7409 13180
7319,13130 5685 10809 12784 8680 14684 10808 14106 1647 14169
7320,7628 1220 1224 1221 904 1223 1226 6783 14170 1225
7321,13282 9411 3486 9406 14545 9418 9409 9416 9412 9422
7322,13142 13733 9997 9998 2946 13643 2161 10125 10711 7506
7323,15129 14471 5101 3068 14483 8736 14714 15130 8734 14429
7324,10009 13968 11204 10008 15188 8123 13566 14006 8122 15217
7325,3067 68 12900 14493 14222 2464 14718 5305 3066 15084
7326,11112 2614 13320 13439 13319 13855 12114 15224 1532 6754
7327,11536 4401 1318 1317 3082 8541 8536 15126 13982 1725
7328,13855 13320 15153 14183 13322 2614 15097 13319 8869 11112
7329,8541 1709 11949 1725 8536 1011 11598 12332 6320 8538
7330,13726 12215 5707 9806 15033 12466 2903 4785 12214 13564
7331,11536 14464 8477 9170 14753 14226 5536 3107 2887 14843
7332,6744 15141 6743 7662 15139 15143 12469 15142 14411 14855
7333,3075 1709 11569 10824 6324 10308 15192 365 11056 1703
7334,13855 13351 14183 8869 13320 15097 13322 5193 14409 11749
7335,8808 1534 13635 4514 14183 13186 10041 12501 5999 12535
7336,14347 2888 13483 4625 14265 9663 15236 14363 2885 13209
7337,5798 5796 12309 13121 4339 12867 5201 13794 271 4099
7338,13491 13499 13505 5385 13494 13506 5383 13507 14146 1864
7339,2880 4037 8645 10071 14745 4036 10074 1317 3082 14753
7340,14678 14082 3947 7051 6754 13320 13319 9169 11254 5397
7341,14359 12744 13320 1168 12007 12006 13346 13539 13574 13651
7342,6311 10639 15157 15240 13784 2779 3802 72 10791 2100
7343,903 13647 12064 9961 267 14182 14956 12333 10781 13673
7344,14765 11651 15205 8599 3006 3005 12199 8494 11652 12945
7345,4611 11536 12368 12369 5844 4621 4625 12367 4615 12876
7346,14352 1947 14394 4522 9659 4525 13176 4520 8993 9127
7347,14545 3486 9411 13282 4314 14591 15237 9412 2009 9406
7348,6990 12500 13235 8906 9784 11108 11111 14179 14408 6417
7349,11120 14464 5673 14226 14209 4063 4061 1859 7296 13483
7350,4133 4605 15238 1829 9751 4602 7014 4381 1830 7092
7351,11949 11768 1011 5876 7925 6320 15192 8536 6323 6324
7352,14571 2377 10365 12919 1827 14433 14579 14391 2374 11463
7353,14740 1527 10884 7241 3197 13296 8440 1526 9170 13293
7354,14408 6990 4329 15224 14803 12070 15031 14179 11111 15223
7355,11111 12070 11110 6990 13854 11108 9795 14408 14803 1324
7356,13483 14347 13209 5845 3079 6324 7215 10999 2616 5873
7357,7014 7015 7013 12803 14763 9307 14753 14762 11273 15155
7358,3259 13121 14527 14754 14643 11888 1311 6589 14642 3261
7359,11794 2981 3789 9516 9515 13705 4950 5731 9514 9513
7360,7627 2928 2178 12867 10973 5990 14452 2088 11646 10501
7361,14038 4034 14409 603 6395 1324 14043 4110 14877 14338
7362,9828 9829 6611 4124 6614 6609 6612 6605 6604 6607
7363,8581 14891 14120 7110 11665 8583 3333 4957 3013 8584
7364,15118 13016 3063 14578 4426 91 15045 15007 10536 3019
7365,14502 12466 5260 2156 2462 8307 13767 14554 14240 14551
7366,10101 11111 9687 3289 10665 5207 2475 4399 6065 14863
7367,14405 11112 10208 6417 15095 1532 14325 13248 13352 14712
7368,12574 15207 12134 14039 12518 3264 275 12719 8695 11689
7369,12314 8487 15118 13740 8780 1743 12313 8825 6722 12183
7370,11112 2614 13320 13319 5999 13855 13439 13322 1529 13701
7371,9200 12853 11873 12784 12420 15032 361 406 14179 5325
7372,12921 3055 7116 13016 2085 15205 7113 7121 14876 9119
7373,9817 3197 11477 12320 2023 9820 5971 4164 3772 12221
7374,2655 2650 12748 12536 2293 14153 15192 4881 2651 6582
7375,635 3731 4341 1066 14012 5590 2331 12190 2344 8431
7376,14879 13202 13423 13201 8835 14324 10207 13574 13623 12747
7377,1093 3618 4250 3935 8146 208 10218 6215 5168 1520
7378,8067 8621 13569 3812 415 10293 5722 15227 8063 8064
7379,10308 4869 133 6020 487 8431 8468 4182 11905 7399
7380,7545 8999 14851 6395 15228 14865 15060 14839 14704 11820
7381,99 9487 97 2570 8458 2234 9284 10015 6201 10760
7382,5225 15264 5365 3403 14718 3906 11737 13455 12269 6863
7383,12876 14476 12621 14493 12874 8272 7632 14891 1078 91
7384,14851 10914 14557 10308 15285 3471 6998 12086 7925 2562
7385,3755 4840 3754 8562 11231 1511 2580 8241 11815 2133
7386,14579 14391 13513 14052 315 14264 14547 14359 11934 6072
7387,14939 10321 14391 5398 1619 234 1618 13898 1617 235
7388,14144 8585 4576 8581 11004 11042 13720 11003 14003 11040
7389,2853 14545 11725 2844 2843 2851 3005 14591 2857 2854
7390,12536 8454 12168 8456 14740 8401 6682 551 10413 4926
7391,14341 14696 4153 9564 5777 6147 3648 2844 4672 4346
7392,11482 13919 4881 12420 11646 6911 109 1334 10806 742
7393,13282 14591 14545 14260 9787 820 9406 12628 9411 4664
7394,9154 9925 9929 5568 11176 9481 2027 12517 3145 11441
7395,3036 7397 5542 6642 13476 13472 60 12673 3387 13478
7396,116 11479 2462 12140 11719 3837 12139 5696 13190 6206
7397,3869 9184 8498 4909 3301 11094 7729 4813 3989 7716
7398,12507 7954 11065 12508 12506 12501 5606 351 12505 12502
7399,4177 4257 12476 2775 10962 15042 6682 551 4926 3935
7400,5689 14591 11598 6320 820 2622 1861 6323 4693 13277
7401,15265 344 13656 1841 8188 346 10787 1254 10789 9892
7402,14583 12017 14618 4153 14584 14163 14865 15006 14543 9207
7403,6817 7385 8063 7386 7698 2217 7384 7388 7774 8064
7404,14337 13006 11899 6477 1532 11112 14405 6969 6573 399
7405,14939 5398 3055 1619 15205 234 15060 13016 1618 13898
7406,1647 4284 2291 1497 8778 13130 8533 11486 2542 11233
7407,15205 5517 15154 3055 2562 15029 1287 6744 4788 11681
7408,14090 14093 1669 2855 9996 14091 11692 2866 7530 4454
7409,11112 13855 13320 14183 13322 15097 13439 13353 8869 13319
7410,9054 15079 14555 14868 14551 9052 14166 14824 14306 14930
7411,3844 2876 8191 14105 10495 1826 3363 4414 10496 3843
7412,7804 11709 1893 5887 13547 13732 2906 12673 11075 6435
7413,34 1573 820 13454 13543 11148 12359 7776 2464 13580
7414,14243 14239 2324 351 10125 3224 14247 14248 14244 14250
7415,6748 12701 12704 12700 15267 12703 12702 12699 12682 1593
7416,4693 1827 4454 9751 7092 7553 5536 2869 4602 4135
7417,6668 14097 10394 109 6659 14096 5092 5093 5094 5095
7418,11112 2614 14405 1532 13320 13319 13439 13326 12114 2742
7419,15268 7703 13337 6395 13390 2276 12119 11614 12754 12797
7420,2887 9658 15126 7449 11536 8477 14923 14480 14226 7296
7421,6614 14028 8400 12868 12651 12867 13654 9830 1558 13278
7422,8243 9187 14344 668 6972 7279 7926 5980 786 7397
7423,15204 15007 14926 3114 14097 15039 3226 10488 10612 4918
7424,15084 7313 2511 7726 5309 10018 12514 487 9371 2493
7425,14344 9783 2134 15159 3873 13896 499 9785 8243 779
7426,3599 12666 10268 6863 10058 3964 8040 10279 7430 12641
7427,11491 11488 11077 11078 12466 10449 11490 10448 1267 4737
7428,8600 11562 8362 8599 11561 364 2740 8593 2061 5754
7429,7469 4445 8400 4336 6925 1549 11063 11114 3489 7603
7430,13137 7002 4784 5246 1789 7003 7658 14143 12931 3264
7431,12086 1219 6861 7051 4509 3596 11759 794 3224 6220
7432,12518 14039 4367 12521 8264 12523 12522 8400 9379 12520
7433,8239 7350 13957 72 15179 13385 13386 7083 12867 60
7434,7146 6523 3560 6522 938 14865 2258 6767 12436 715
7435,12422 14981 12672 2363 11365 10531 12671 11583 11110 6786
7436,12436 12435 12434 14865 15269 14869 14870 12433 14554 8846
7437,13756 9998 13272 13757 13758 4359 11820 11260 658 14615
7438,7051 8466 8456 9262 11817 11087 5663 8464 3947 8471
7439,5779 9165 11446 9371 13596 5777 6861 6177 4517 13415
7440,2116 2508 3715 10618 14615 14966 7698 11065 3467 2526
7441,8808 11111 10041 11897 10733 15102 12501 5192 14183 11110
7442,14736 15027 12934 2869 12935 2622 11598 14750 11536 15236
7443,4341 1295 5835 3298 1369 8349 635 11149 10268 4918
7444,10999 10997 13209 14218 10630 6804 5845 10628 11923 9191
7445,12420 5298 5082 13058 9181 13124 14185 10393 14568 9296
7446,11855 1090 6202 14574 14542 549 6186 3288 14994 14356
7447,13770 12466 7264 1178 14752 14636 11908 6297 12530 12194
7448,6990 4784 11111 14408 4785 4329 4791 11108 14803 10563
7449,9644 2873 2871 4691 7818 12145 402 13444 9752 12628
7450,12493 6622 4962 14926 11867 12759 10254 4956 5595 5913
7451,10625 10633 14740 12303 2706 3197 8373 10171 6274 2681
7452,10612 12130 297 5225 12446 9773 6863 3403 10267 7726
7453,6197 2477 8248 500 14240 8260 9116 8871 6196 4427
7454,10369 15000 8567 10215 4943 14359 14704 11934 12166 6072
7455,8701 637 11361 14780 645 4394 4659 11408 9795 8700
7456,13940 14578 14407 101 14508 8873 15013 3063 13587 15079
7457,15079 14583 12785 14555 9325 5882 9054 15011 14220 803
7458,5828 8180 15118 5834 10274 4906 7566 2539 15140 2485
7459,4486 8128 5259 8113 8979 1094 7473 5970 7475 6533
7460,15060 15028 11473 15063 14493 13414 7122 7125 15288 14578
7461,14776 5824 13528 13589 14468 15217 1542 3005 14815 4566
7462,13940 14578 15228 3063 3055 8873 91 15079 53 14824
7463,14997 8873 14718 7199 8780 4129 5037 645 6694 3939
7464,13017 4424 13513 4430 10171 4431 5224 8771 12985 9183
7465,15271 6573 10040 14183 15224 15031 14376 8808 5924 14207
7466,11140 11446 7821 12765 12573 4666 7580 13513 12229 3643
7467,4482 5425 9885 10276 12451 7774 2065 2393 4471 8815
7468,5507 1545 12841 6419 1016 2700 997 8845 4119 11204
7469,13217 12588 8144 8770 15033 14169 1120 10468 10116 8055
7470,8486 10866 8525 15217 13050 15219 14214 15218 15170 15169
7471,6809 7404 602 9756 6323 4737 11346 9889 4496 1807
7472,14100 10715 14702 4436 9119 11314 14876 15045 13016 11185
7473,12922 10497 3719 10496 10495 14207 10498 10203 7604 6107
7474,14337 6969 8142 13420 9204 13006 13418 6468 7866 12567
7475,12322 13194 13193 13009 12231 10747 8861 10857 14260 11215
7476,12575 14685 12451 11306 4434 4054 4502 15111 4314 941
7477,14144 8817 2509 10612 10654 12995 1880 15224 2526 8307
7478,9054 15079 14555 14868 14551 9052 14166 14824 14306 14930
7479,5558 1758 11389 11388 4291 12784 1754 11975 4394 15042
7480,9518 2468 4295 918 15207 953 7917 9519 934 7698
7481,4495 11172 15020 6135 8339 14618 6032 10572 2294 2067
7482,8693 3502 5275 1766 11740 1285 2950 3709 3833 471
7483,14618 740 10124 2031 9052 7433 14452 1351 3615 14702
7484,7236 11410 13296 13612 6722 13293 9075 13224 13303 6588
7485,9221 10960 9284 5621 1572 14419 8351 7232 14141 10265
7486,5215 12018 187 15022 6863 9187 15021 3377 11811 13570
7487,3719 2739 5999 7698 10711 10901 15241 10526 4022 10279
7488,15255 1121 10933 3429 4324 1367 14876 4436 9119 11314
7489,5095 1919 15281 1489 4370 5187 5273 3856 10806 3366
7490,15162 4300 1841 1846 4306 15161 4430 11849 4301 14830
7491,10190 1841 1846 13391 6698 13393 3231 6528 4545 337
7492,15196 3952 15065 10572 12438 635 14410 4468 8188 13217
7493,10144 8047 10142 1451 2192 10143 10141 2293 11934 6072
7494,15272 15160 13771 12234 1904 4522 7695 4540 6303 11050
7495,13346 13347 13326 13323 11051 13200 13345 13539 11418 12006
7496,14869 9052 14865 9371 14320 10215 13658 14554 14868 15000
7497,3063 14142 75 8370 2083 13401 7112 3053 3056 10651
7498,14578 14607 15060 14824 8873 14510 3063 15228 91 13414
7499,10409 500 7433 14636 4970 2184 978 11010 11009 11087
7500,7913 6580 5592 5467 6377 11704 5468 12848 4977 8815
7501,10780 13973 379 13548 7774 371 953 9526 3968 645
7502,3980 5366 13113 10613 7354 4454 13754 9837 7768 5898
7503,7875 3937 1652 5762 12789 3719 12790 1647 760 14102
7504,14865 14870 14869 14267 7153 14554 14868 12436 12435 6863
7505,3055 15205 15060 13016 7125 7122 7116 7121 12810 7112
7506,13920 6836 3906 11027 14865 5595 13884 4911 15244 9209
7507,113 14583 11473 15274 14851 14618 15273 14100 7117 14584
7508,14497 14636 14486 11366 12530 14130 13885 12850 14433 14479
7509,14130 14479 14491 5267 14486 12530 14636 13716 5266 4131
7510,3066 3064 15022 3065 3068 14130 14636 13570 11366 15021
7511,14130 14636 11366 12850 14497 12530 13885 14131 15069 5267
7512,14130 14636 11366 12850 14497 12530 13885 14131 15069 5267
7513,14130 14636 11366 12850 14497 12530 13885 14131 15069 5267
7514,14130 14636 11366 12850 14497 12530 13885 14131 15069 5267
7515,14130 14636 11366 12850 14497 12530 13885 14131 15069 5267
7516,14130 14636 11366 12850 14497 12530 13885 14131 15069 5267
7517,14404 14843 602 14130 14636 1807 11366 5102 12850 7505
7518,7232 4027 11817 11087 14130 14636 11366 11361 12850 6035
7519,14130 14636 11366 12850 14497 12530 13885 14131 15069 5267
7520,14130 5267 14636 11366 12850 12530 14131 13885 14479 5266
7521,14497 14636 14486 11366 12530 14130 13885 12850 14433 14479
7522,14130 14636 11366 12850 14497 12530 13885 14131 15069 5267
7523,14130 14636 11366 12850 14497 12530 13885 14131 15069 5267
7524,14130 14636 11366 12850 14497 12530 13885 14131 15069 5267
7525,14130 14636 11366 12850 14497 12530 13885 14131 15069 5267
7526,14636 12386 11366 692 12530 14130 15196 13058 12388 8250
7527,14130 14636 11366 12850 14497 12530 13885 14131 15069 5267
7528,14130 14636 11366 12850 14497 12530 13885 14131 15069 5267
7529,14130 14636 11366 12850 14497 12530 13885 14131 15069 5267
7530,14130 14636 11366 12850 14497 12530 13885 14131 15069 5267
7531,8370 3058 3053 3056 3052 2083 15061 15062 8369 3054
7532,15228 15244 14555 7124 15079 3921 14427 14166 13912 9204
7533,8139 14171 15012 14687 12691 3308 3330 123 14675 3335
7534,8873 14578 15205 15007 15029 14825 14824 3063 14826 15028
7535,15205 12420 15000 14668 15029 6589 2121 4788 14103 2655
7536,13017 13513 14579 14391 14576 12017 14052 14577 315 367
7537,14618 14865 14163 12420 14391 15000 14668 13919 14868 6589
7538,15285 11424 15069 14359 14984 11126 11934 6072 12931 14447
7539,15123 15121 15122 6081 15124 6646 4250 2909 15022 14891
7540,7580 12190 1332 5463 11021 6471 7357 9081 5594 1830
7541,14391 14939 14618 14579 14865 14163 13513 14052 13919 315
7542,9054 14296 14792 15079 15076 14824 14555 14551 14166 14868
7543,739 10806 2142 14551 14554 14555 13410 1647 14306 767
7544,14851 14555 11820 5777 15288 15079 3921 9510 14427 15184
7545,8999 14851 15228 14865 15060 14839 11820 13919 3063 91
7546,9052 14166 15244 8243 11820 15081 14869 14427 13136 15184
7547,14865 13884 13920 9227 6836 12017 3906 9209 14391 14869
7548,1622 1617 1621 1620 13898 1618 4379 12864 1619 234
7549,3906 10321 12386 2950 13588 6800 1374 15154 11592 14278
7550,9200 12784 14179 15028 9204 9207 8581 9209 46 5593
7551,12876 7632 6303 9820 8690 4164 2161 11149 10125 3772
7552,15278 15279 4800 6589 15252 13094 3590 13988 13840 5481
7553,12386 10321 3906 12388 6800 15196 11592 13058 692 14636
7554,8121 15188 8123 5259 4450 8459 14607 6625 5970 8127
7555,14157 14159 14158 7581 1131 14160 13025 11746 7873 5107
7556,12386 15196 13058 692 12388 14636 14243 14239 14574 14904
7557,12931 4153 1789 547 14839 15285 103 13388 11424 12995
7558,3055 15205 15060 13016 7125 7122 7116 7121 12810 7112
7559,14240 14639 11125 15067 9777 15066 9119 14876 11314 4436
7560,12850 14923 14130 14480 14548 9658 13896 13897 4430 13885
7561,14100 10715 14702 4436 9119 11314 14876 15045 13016 11185
7562,14143 7141 5259 5970 8133 8128 6533 6625 8121 8131
7563,14209 11120 4063 14458 1859 14213 14596 14561 5673 14286
7564,14540 12388 14654 14904 14352 14426 14862 13670 15244 14941
7565,14540 14654 14352 12386 14426 15196 692 13058 12388 14636
7566,2016 11836 917 6966 3800 15019 13886 8581 8580 9060
7567,4687 4132 4688 9756 2875 6323 8167 11949 14270 10992
7568,3321 12976 1033 1032 5435 4864 3330 1069 123 3335
7569,10514 10513 10511 2810 10512 6407 500 12781 10515 12772
7570,13780 8085 12184 14780 14370 2094 2088 12677 1886 11688
7571,139 3942 3922 3916 14549 14573 14695 6367 0 9741
7572,1834 10711 5779 8047 6861 6177 3990 9181 592 2065
7573,8619 10276 2717 5259 13898 12864 2065 8618 8620 13175
7574,3494 13632 14355 3709 1310 6459 6511 7354 4633 13754
7575,12848 7913 5592 5467 5468 2655 4977 8815 2916 14601
7576,2375 7215 10824 1771 5845 14218 9853 13786 9191 13565
7577,11957 3504 7820 11623 13143 7270 9602 12438 1686 1869
7578,12515 7923 2104 5642 7732 15002 2198 10014 3817 15118
7579,13053 4780 9107 7774 8082 1816 9116 9526 7231 9106
7580,2526 12593 12995 2494 2527 2546 2514 11097 85 1647
7581,15118 12190 2521 12189 2526 9081 5594 1830 8463 163
7582,2374 7062 3674 2371 11346 3001 4415 1001 3415 4142
7583,4652 12625 12624 9110 15000 11209 9111 11621 4594 6797
7584,4797 1232 3461 11233 2538 4784 2056 9159 7372 7762
7585,14954 6135 9553 15157 3709 11172 4495 10214 14955 988
7586,12295 8873 6134 8780 8188 12294 8871 10933 7398 12061
7587,10552 3023 3335 5587 9985 3128 5400 9425 5760 6834
7588,5628 5259 8626 8632 5970 8633 5626 8128 8625 6533
7589,9441 9601 9597 6384 9596 6337 1507 12816 9598 15022
7590,14179 9246 9245 7954 4129 3811 8362 9242 1735 12089
7591,14377 1541 4713 4718 4715 2018 4717 8252 4441 1451
7592,14159 5513 1131 14158 14157 7581 3395 5514 14160 7324
7593,14519 15028 14578 15060 15007 12877 3063 91 9200 15063
7594,4153 4346 11255 6676 3648 12190 7491 4349 12191 8063
7595,2979 13366 406 8057 6800 11855 6186 2970 2974 14616
7596,6579 4602 3370 15245 10268 6030 1389 9309 3222 9576
7597,13563 5508 9078 796 4785 5545 15007 1078 6367 6953
7598,12305 5048 93 2578 10709 3713 1059 3103 8797 14554
7599,15042 12476 15021 12944 8263 12061 8432 7429 1536 15043
7600,11970 5209 7368 7954 14260 8523 5212 5828 5220 8349
7601,2609 15280 13439 4294 14744 14207 13058 11868 10496 11046
7602,7695 14167 5346 11456 11949 4282 544 14102 3387 6367
7603,4687 1153 4132 4688 5442 9756 6323 14270 10950 10936
7604,11855 1090 13216 6202 14574 14542 12753 2563 8307 1018
7605,7681 7670 6437 4454 8171 7821 7247 8175 7677 7823
7606,11834 1446 3253 8873 5219 7512 619 14579 14391 1698
7607,4590 4589 966 8263 9880 9879 12761 15052 15054 967
7608,10222 1130 2088 10223 13009 14368 14373 10081 8901 13440
7609,10348 2464 10597 2574 9815 15206 13580 11482 11985 774
7610,3847 8515 3849 5469 2063 1042 3848 5476 12280 1083
7611,13950 7571 13217 10468 10254 5983 10910 13947 4525 12981
7612,15245 8708 14120 4788 15138 15136 6743 15137 15117 15143
7613,13737 10934 10095 708 12199 15101 9170 13668 14211 11186
7614,14141 12545 7232 10755 11253 1044 3700 15246 3066 223
7615,12809 5442 1721 14749 1723 5440 1156 5439 1888 4402
7616,5507 2508 8995 6596 14527 625 11707 7397 12017 784
7617,14383 14586 11403 9287 11402 8683 12275 11404 8250 14636
7618,10572 6032 11172 4495 14012 11867 457 8662 9298 3701
7619,6799 4658 4661 4659 8701 12682 14923 2615 14548 15189
7620,14702 2031 14100 9052 2204 106 1351 10715 14703 740
7621,2880 1709 4037 14745 12327 6319 13142 1703 2886 13380
7622,15205 8999 14851 2562 15228 1078 14865 11681 1287 4811
7623,12140 12139 11719 116 7326 4903 4901 3234 1371 4813
7624,7465 10534 10824 10890 7461 10549 12995 6915 1496 9898
7625,1323 405 1324 14457 14405 1168 2816 11418 13187 12426
7626,10389 5082 12359 2023 2294 12043 10711 6150 8045 2938
7627,9084 2014 7449 12757 12282 3107 13681 10366 13658 10365
7628,8835 2743 14662 13353 14879 2742 11548 13322 6417 12501
7629,11408 6483 8605 602 7779 1807 14507 5102 11407 11005
7630,275 7483 334 3826 13121 14527 7286 3833 13258 3479
7631,8748 9998 15057 9316 11446 4437 6325 9999 7205 4585
7632,14003 7402 9689 13548 15140 12282 12359 2294 10254 10181
7633,12462 10642 8552 11014 6102 6865 947 293 4777 9566
7634,2962 13780 10268 9321 14508 13752 15069 6114 11560 13313
7635,12086 437 5386 3328 2161 4453 9944 5214 13720 7840
7636,4715 10978 4713 4584 13806 9575 14779 4717 4714 13461
7637,7875 1650 1652 15282 1647 6210 12530 14102 11985 3499
7638,13570 8401 8403 14274 871 14935 1830 1078 5853 12084
7639,3055 15205 15060 13016 7125 7122 7116 7121 12810 7112
7640,666 7238 7243 5482 15154 9991 3920 9870 9871 5758
7641,2472 8857 9768 6434 9181 7698 14508 10596 15084 11149
7642,2158 3905 3812 4007 12449 6375 7698 163 8067 3220
7643,10473 4299 10329 1477 3026 6373 3307 3518 3100 3207
7644,13304 13296 13293 12977 13303 13298 13299 13300 13297 13294
7645,6863 9946 11670 9187 14259 12691 14493 3990 3921 5592
7646,4881 13919 1078 7319 13570 7313 7311 7307 1670 3837
7647,11298 4902 12127 10066 8401 6306 12280 11299 3093 8560
7648,11949 14158 4762 7581 14157 7403 14159 5699 14160 11746
7649,2653 9658 4241 585 3947 1170 1078 12086 11665 6638
7650,11377 1160 9692 12105 5310 9994 8493 2466 3837 11374
7651,4869 6408 8317 9098 6405 6403 6407 2251 8188 11250
7652,9411 9421 3486 9416 9418 12803 9412 9422 2009 9415
7653,7208 7203 6319 8376 13593 7205 14607 6585 3485 7209
7654,13594 6516 603 3254 12128 8914 9469 6348 8929 12102
7655,6453 12190 4307 8667 15235 6457 3485 6459 5455 7612
7656,7956 1652 9658 9470 864 820 6053 887 9473 3411
7657,11059 3019 7115 13890 11379 11008 14825 10177 15174 13902
7658,12895 9832 12708 6245 12908 8969 6810 6931 1829 6811
7659,14890 4375 13538 9998 9452 6228 11610 9450 14506 822
7660,5398 7397 7001 14012 6642 6054 12327 7633 6319 635
7661,3629 3343 6054 11155 6380 3624 8431 5527 11681 3628
7662,2372 2369 4142 2374 10366 2370 2375 2371 4141 6320
7663,3362 3705 6954 487 6367 3226 8759 8658 2023 6962
7664,7051 12030 14243 14239 13161 6471 9587 4220 794 658
7665,161 8368 166 5362 8499 11148 12614 4713 6972 1501
7666,6582 6581 14688 8770 6584 14498 725 14964 14572 14575
7667,3019 9223 15244 6259 7115 3240 11815 13952 14865 14230
7668,7917 6270 7838 2525 177 10288 3712 12023 7741 1304
7669,11298 12560 11299 14697 6274 1834 3616 3479 4011 13313
7670,7425 12809 7215 5845 9194 4134 11949 1357 2371 1356
7671,1095 9405 3220 7313 13589 2763 7311 7307 5663 2757
7672,9636 9642 2996 9634 6807 9630 9643 4316 9635 9641
7673,5436 2675 8456 2681 1258 2703 10910 4956 10563 1415
7674,12672 5345 12671 1475 8334 12501 13522 8892 13353 14356
7675,14183 13320 13855 15097 8869 4711 13319 13322 14359 13353
7676,13462 2663 13461 2662 8899 14843 3330 13064 4056 13306
7677,6879 4509 1243 1763 9390 13048 8929 10786 8916 1816
7678,11949 11816 1081 2377 11347 1719 1280 14753 12282 10275
7679,14851 558 13077 394 4878 14666 11045 396 11482 14667
7680,3253 9285 3509 6651 7927 9498 4469 9118 4639 4637
7681,8999 14851 3063 15228 14865 75 14142 8370 7112 15060
7682,2622 9665 1915 5671 9662 4693 10191 9663 10192 1914
7683,11313 14100 7121 3019 52 9119 14876 11314 4436 8474
7684,12438 10310 6026 10742 13143 6426 3991 3699 3992 3773
7685,15283 7050 6072 11934 14447 12621 8047 12714 14258 7394
7686,5225 14718 9135 13513 5305 12995 4969 7398 603 13597
7687,8307 1090 11855 70 6202 2563 7461 14574 14542 8500
7688,12131 5095 14176 11567 10970 13385 13778 13386 10269 13610
7689,5212 11812 8954 12614 2116 8960 12617 13009 8902 3831
7690,11065 10965 12995 6897 8354 6863 5592 1345 3744 15032
7691,3052 4153 3053 3056 3058 14584 3054 8370 15060 2083
7692,13048 10364 489 826 839 1652 12246 10164 7051 842
7693,1145 1722 2622 1136 1156 5841 1146 1725 5839 2885
7694,10651 8370 2083 3053 3056 3058 7116 3052 7325 14605
7695,3383 5812 3833 3368 1082 13898 10715 14100 12346 12864
7696,15073 14894 5261 6766 15207 13563 14508 10522 9078 11820
7697,7698 10413 12865 14112 13258 1755 15115 5777 1754 14926
7698,12809 1826 6705 1777 1008 4063 2890 11536 6364 4134
7699,13201 2822 13202 1324 13346 13660 13562 13539 13200 13659
7700,1818 11738 5494 697 5866 1548 10491 12790 12789 434
7701,13012 3719 1489 5273 7850 1483 14419 5415 10203 1492
7702,5990 4864 1449 12819 9030 9088 5026 15185 15159 1273
7703,3835 5835 121 4763 10133 10268 3834 11867 8349 9675
7704,5057 4496 7835 8662 7830 14926 3701 10478 10567 6953
7705,5998 11899 2614 13319 13320 12114 6722 6754 6990 7224
7706,14898 101 13952 14547 9119 14876 4436 11314 15045 13016
7707,6962 4828 11138 6953 12061 6961 1816 8553 4511 1966
7708,2576 13807 130 15055 2571 9097 11646 2128 13641 2026
7709,6588 10491 9495 9829 3833 11472 2426 9597 5334 10268
7710,9890 1367 11954 9078 13952 8659 7125 986 103 12876
7711,11418 13352 3465 5999 14405 13186 12426 1529 13651 6417
7712,6663 15281 10806 10140 1383 15033 1647 99 3856 2464
7713,7121 7122 15069 7112 91 14100 7113 7116 4436 9119
7714,3779 8827 5999 3784 8829 1529 13186 3776 3780 11418
7715,8648 3151 4155 4165 3152 14839 4162 3137 9371 3245
7716,14100 10715 14702 4436 9119 11314 14876 15045 13016 11185
7717,3289 2562 2566 11016 12591 150 10101 3383 3921 5828
7718,2742 13353 14405 2816 13352 13327 2741 3465 2743 6417
7719,8451 1454 843 5095 13256 14549 14926 14573 2100 12387
7720,13353 2742 2816 2745 14457 2614 2743 13320 5999 2741
7721,7840 6767 3372 12476 4869 5153 894 5527 3256 778
7722,3947 768 7681 7670 12232 5737 9183 10268 7677 767
7723,10071 4035 10074 8645 10913 15189 10068 13426 4034 10069
7724,3328 5392 3348 4885 4905 3332 11970 3359 5828 13563
7725,1652 3411 9577 13051 4270 7149 1448 5575 12246 7875
7726,15054 3922 8263 3912 3924 3928 3921 3919 822 3920
7727,11808 6432 10308 11456 6395 10626 11805 6557 7094 12074
7728,13224 14126 12793 8382 13835 3981 14274 5442 2288 9951
7729,15284 5106 5105 5104 5103 5102 5101 5100 5099 5098
7730,15084 9207 9204 15006 7313 5595 9209 2197 5593 7053
7731,8500 7433 9544 8307 3906 11138 11444 612 15007 11027
7732,771 7203 14524 14849 0 12995 8370 2161 10125 7506
7733,4784 4797 4785 9216 475 11860 2056 10511 13548 1754
7734,11535 11541 14195 8362 15271 10040 14179 12821 12884 13326
7735,10086 12068 13720 12310 7051 13019 12646 13058 4349 10910
7736,15069 8999 7121 14851 13780 14508 11820 15228 7122 91
7737,91 12876 7122 3063 12874 14578 15288 7112 14930 10651
7738,5613 3970 600 2930 7438 4864 3763 5616 13694 10282
7739,6572 6573 10040 8063 10790 15271 8071 6990 6863 7389
7740,5113 15100 626 4966 2672 9998 1178 6509 6510 14452
7741,15244 14865 7115 14230 12876 7122 8243 9511 91 12874
7742,3019 12784 108 7116 7122 2083 14605 3240 7121 8370
7743,6911 3575 3638 1807 2139 8861 487 1835 11215 5523
7744,11778 3666 3074 6579 3687 10366 1829 4141 9663 1354
7745,13268 13577 8497 12552 14097 1249 2414 6747 8281 3744
7746,15030 5948 12506 15048 14151 2416 14222 6430 12783 9244
7747,7552 9171 227 11138 5397 8441 11523 7839 4215 4243
7748,12017 625 15006 11707 14926 9143 9296 12089 9207 6020
7749,8669 15207 12108 13411 5099 10612 6857 11301 9464 6829
7750,5281 11017 8419 742 11148 12995 11299 13645 6767 9157
7751,3007 3664 961 3005 3008 12760 3616 3006 6274 4078
7752,11646 13124 2538 12420 7925 10889 9901 13412 10806 13724
7753,11855 9709 549 9585 2533 2526 11149 1647 2536 10806
7754,14052 9576 6898 11834 6579 5314 11482 1446 13851 10019
7755,14618 740 2031 9052 3615 1351 14702 106 14296 14089
7756,1145 14345 3414 5841 1725 1136 7494 5839 4596 1156
7757,834 6031 824 9700 10477 8816 10276 15022 4782 6691
7758,15057 380 15006 4437 11458 7633 9779 10209 12015 3911
7759,5508 860 796 4785 163 1078 6367 14005 767 15033
7760,3935 2255 6682 551 4926 7211 11446 9274 4500 1093
7761,15118 15228 8999 1351 3063 9052 14578 14851 91 13136
7762,4384 603 4863 12327 6319 5591 5412 8755 13142 15006
7763,15110 11095 11191 14777 3264 10083 1997 14622 3274 2610
7764,7009 3494 7138 2483 3822 14950 12233 3833 5260 3709
7765,4712 8063 7386 2217 7384 8064 7388 8067 205 5591
7766,10666 3961 4349 8260 7914 15285 3420 12086 3763 7925
7767,15042 12476 7368 1540 8263 7367 15021 1536 12061 15043
7768,14052 6898 5281 8419 13851 11148 12995 6906 7397 14053
7769,11166 9354 8638 13440 6338 6572 14882 7735 15000 9338
7770,6985 12324 11087 7670 994 11108 14946 15223 15157 14755
7771,4664 4656 4657 10604 15189 13022 4655 15251 8638 5517
7772,14052 3857 15032 5299 14811 6325 13851 361 406 12502
7773,14618 14865 14163 14391 13919 14868 6990 14869 0 14147
7774,14306 14427 14555 11314 4436 9119 14876 15045 13016 11185
7775,15285 11424 15069 12931 14306 11126 3055 11314 14876 9119
7776,14618 14865 14163 14391 13919 14868 6990 14869 0 14147
7777,14551 9054 14554 14555 15079 93 14553 14824 14868 14166
7778,14555 14851 14852 739 14551 15079 15288 14554 11820 5777
7779,7301 14493 14718 3600 1880 2206 8882 13082 14005 14835
7780,15118 14865 14618 14163 14554 14868 14869 13919 14391 3063
7781,14166 13134 9052 14929 14427 11440 15244 3021 8243 15081
7782,15285 12086 7925 14431 11424 14147 4349 8497 15069 11126
7783,14851 8999 14584 14560 3471 9510 3960 11045 15228 14555
7784,15285 12086 7925 14899 11478 9405 14431 14147 4349 8497
7785,13641 12995 2526 2544 10253 2146 2514 2494 13256 85
7786,3414 3413 14345 7494 1887 7075 10750 12914 7078 4737
7787,13965 13966 13967 13964 13963 13970 13707 14302 9049 13010
7788,14865 8414 2468 8419 5095 13891 6567 8413 8420 8370
7789,14519 12877 14578 15028 6572 6990 7113 15112 15011 14876
7790,15244 11959 14166 14930 14865 14866 2203 15250 14868 14558
7791,15060 11473 14493 13414 15028 14607 13952 7122 7125 15288
7792,15284 5106 5105 5104 5103 5102 5101 5100 5099 5098
7793,8999 14851 15228 14865 15060 14839 11820 13919 3063 91
7794,4813 4884 3235 4823 7313 7311 7307 187 7312 7309
7795,6911 11675 11681 10435 3638 4811 4810 1078 2930 9741
7796,3055 11424 15285 15069 13016 15205 14306 7121 14876 9119
7797,13940 15060 8873 11473 14493 13414 13587 14578 15079 13952
7798,14618 14865 14163 14391 14868 14100 13919 14866 14558 14550
7799,14108 11149 14359 11934 6072 14447 12668 12621 8047 12714
7800,15287 14080 15205 12017 1500 15154 11458 1498 12440 9989
7801,14939 14391 10321 14579 13513 14052 315 13919 11087 14163
7802,15288 14851 14555 15060 11473 11820 15079 5777 14493 91
7803,8903 3318 11204 2094 8758 14591 13461 820 8812 9573
7804,6943 14185 14352 14189 14188 14186 1947 14191 9659 4522
7805,1082 8997 12481 15253 9021 9576 4504 6350 5169 6997
7806,7658 8082 8076 8077 7739 8081 15000 14257 8078 3745
7807,8467 5347 12269 9517 8993 691 5346 5772 2294 8176
7808,15129 14471 5929 8736 8733 8735 8734 5101 3068 5935
7809,11368 11370 4663 4660 7054 11369 4662 13022 2804 4653
7810,15118 15007 4426 3063 14578 91 10536 15288 15045 13016
7811,5225 3403 14718 10124 3906 7433 6863 14452 15007 13513
7812,14559 14865 15228 14302 15244 15079 7124 14555 14866 3921
7813,13439 12060 10930 8263 10563 12061 12884 10362 5092 15102
7814,12308 856 12463 9276 13025 6589 13840 3590 7873 4153
7815,11122 14324 14222 2820 12426 8834 14457 12747 12501 2823
7816,8873 14826 8241 13952 14824 15134 9779 8999 14118 10392
7817,10265 9284 5278 4811 4810 2497 14082 14030 6650 11681
7818,14851 14555 11820 5777 15288 15079 3921 9510 14427 15184
7819,14519 14578 15228 3063 53 91 15007 12877 15079 14579
7820,8873 14824 14605 14930 58 13919 91 103 14166 14578
7821,8873 8871 11834 13412 8260 8067 12673 1446 8872 6857
7822,150 2566 11016 7332 12591 7564 3237 124 4813 3234
7823,15228 14579 14578 10501 53 3063 91 15163 13513 4511
7824,1316 10158 12336 4625 1489 1315 12868 7330 10404 15057
7825,14851 14700 15289 11045 13952 7125 4436 14876 9119 11314
7826,13654 1558 13798 9324 13175 13640 9323 14229 1561 8688
7827,8370 13940 3058 3056 3053 3052 2083 15061 15062 8369
7828,3844 1826 2876 3843 14105 11801 11536 6811 5662 4416
7829,6364 1826 11536 4414 11624 3844 9191 1823 11801 10556
7830,10364 5064 1392 13767 494 12403 12004 12868 13048 11149
7831,14450 13310 10123 13311 13309 14260 14316 10879 15206 14315
7832,15290 14549 14573 1878 15041 14684 11281 13125 718 6909
7833,975 7313 7311 7307 7309 7322 7181 9944 3245 7312
7834,15276 13891 12387 5095 13952 7128 12753 840 8370 14898
7835,4820 3055 10468 15205 6317 9469 13947 15060 1435 13016
7836,14618 14851 14550 11820 14865 3471 15184 14551 9511 6998
7837,14636 88 2562 15069 2197 3377 2191 11444 6857 13411
